// save_banner.tpl

// file size
static const u32 g_gs_bin_wii_save_banner_tpl_size = 33952;

// 1byte array
static u8 g_gs_bin_wii_save_banner_tpl[] ATTRIBUTE_ALIGN(32) = {
	0x00, 0x20, 0xaf, 0x30, 0x00, 0x00, 0x00, 0x03, 0x00, 0x00, 0x00, 0x0c,
	0x00, 0x00, 0x00, 0x24, 0x00, 0x00, 0x00, 0x00, 0x00, 0x00, 0x00, 0x48,
	0x00, 0x00, 0x00, 0x00, 0x00, 0x00, 0x00, 0x6c, 0x00, 0x00, 0x00, 0x00,
	0x00, 0x40, 0x00, 0xc0, 0x00, 0x00, 0x00, 0x05, 0x00, 0x00, 0x00, 0xa0,
	0x00, 0x00, 0x00, 0x00, 0x00, 0x00, 0x00, 0x00, 0x00, 0x00, 0x00, 0x01,
	0x00, 0x00, 0x00, 0x01, 0x00, 0x00, 0x00, 0x00, 0x00, 0x00, 0x00, 0x00,
	0x00, 0x30, 0x00, 0x30, 0x00, 0x00, 0x00, 0x05, 0x00, 0x00, 0x60, 0xa0,
	0x00, 0x00, 0x00, 0x00, 0x00, 0x00, 0x00, 0x00, 0x00, 0x00, 0x00, 0x01,
	0x00, 0x00, 0x00, 0x01, 0x00, 0x00, 0x00, 0x00, 0x00, 0x00, 0x00, 0x00,
	0x00, 0x30, 0x00, 0x30, 0x00, 0x00, 0x00, 0x05, 0x00, 0x00, 0x72, 0xa0,
	0x00, 0x00, 0x00, 0x00, 0x00, 0x00, 0x00, 0x00, 0x00, 0x00, 0x00, 0x01,
	0x00, 0x00, 0x00, 0x01, 0x00, 0x00, 0x00, 0x00, 0x00, 0x00, 0x00, 0x00,
	0x00, 0x00, 0x00, 0x00, 0x00, 0x00, 0x00, 0x00, 0x00, 0x00, 0x00, 0x00,
	0x00, 0x00, 0x00, 0x00, 0xff, 0xff, 0xff, 0xff, 0xff, 0xff, 0xff, 0xff,
	0xff, 0xff, 0xff, 0xff, 0xff, 0xff, 0xff, 0xff, 0xff, 0xff, 0xff, 0xff,
	0xff, 0xff, 0xff, 0xff, 0xff, 0xff, 0xff, 0xff, 0xff, 0xff, 0xff, 0xff,
	0xff, 0xff, 0xff, 0xff, 0xff, 0xff, 0xff, 0xff, 0xff, 0xff, 0xff, 0xff,
	0xff, 0xff, 0xff, 0xff, 0xff, 0xff, 0xff, 0xff, 0xff, 0xff, 0xff, 0xff,
	0xff, 0xff, 0xff, 0xff, 0xff, 0xff, 0xff, 0xff, 0xff, 0xff, 0xff, 0xff,
	0xff, 0xff, 0xff, 0xff, 0xff, 0xff, 0xff, 0xff, 0xff, 0xff, 0xff, 0xff,
	0xff, 0xff, 0xff, 0xff, 0xff, 0xff, 0xff, 0xff, 0xff, 0xff, 0xff, 0xff,
	0xff, 0xff, 0xff, 0xff, 0xff, 0xff, 0xff, 0xff, 0xff, 0xff, 0xff, 0xff,
	0xff, 0xff, 0xff, 0xff, 0xff, 0xff, 0xff, 0xff, 0xff, 0xff, 0xff, 0xff,
	0xff, 0xff, 0xff, 0xff, 0xff, 0xff, 0xff, 0xff, 0xff, 0xff, 0xff, 0xff,
	0xff, 0xff, 0xff, 0xff, 0xff, 0xff, 0xff, 0xff, 0xff, 0xff, 0xff, 0xff,
	0xff, 0xff, 0xff, 0xff, 0xff, 0xff, 0xff, 0xff, 0xff, 0xff, 0xff, 0xff,
	0xff, 0xff, 0xff, 0xff, 0xff, 0xff, 0xff, 0xff, 0xff, 0xff, 0xff, 0xff,
	0xff, 0xff, 0xff, 0xff, 0xff, 0xff, 0xff, 0xff, 0xff, 0xff, 0xff, 0xff,
	0xff, 0xff, 0xff, 0xff, 0xff, 0xff, 0xff, 0xff, 0xff, 0xff, 0xff, 0xff,
	0xff, 0xff, 0xff, 0xff, 0xff, 0xff, 0xff, 0xff, 0xff, 0xff, 0xff, 0xff,
	0xff, 0xff, 0xff, 0xff, 0xff, 0xff, 0xff, 0xff, 0xff, 0xff, 0xff, 0xff,
	0xff, 0xff, 0xff, 0xff, 0xff, 0xff, 0xff, 0xff, 0xff, 0xff, 0xff, 0xff,
	0xff, 0xff, 0xff, 0xff, 0xff, 0xff, 0xff, 0xff, 0xff, 0xff, 0xff, 0xff,
	0xff, 0xff, 0xff, 0xff, 0xff, 0xff, 0xff, 0xff, 0xff, 0xff, 0xff, 0xff,
	0xff, 0xff, 0xff, 0xff, 0xff, 0xff, 0xff, 0xff, 0xff, 0xff, 0xff, 0xff,
	0xff, 0xff, 0xff, 0xff, 0xff, 0xff, 0xff, 0xff, 0xff, 0xff, 0xff, 0xff,
	0xff, 0xff, 0xff, 0xff, 0xff, 0xff, 0xff, 0xff, 0xff, 0xff, 0xff, 0xff,
	0xff, 0xff, 0xff, 0xff, 0xff, 0xff, 0xff, 0xff, 0xff, 0xff, 0xff, 0xff,
	0xff, 0xff, 0xff, 0xff, 0xff, 0xff, 0xff, 0xff, 0xff, 0xff, 0xff, 0xff,
	0xff, 0xff, 0xe7, 0x3b, 0xff, 0xff, 0xff, 0xff, 0xef, 0x7c, 0x91, 0x1f,
	0xff, 0xff, 0xff, 0xff, 0xff, 0xff, 0xff, 0xff, 0xe7, 0x5c, 0xa1, 0x7f,
	0xb9, 0xf7, 0xff, 0xff, 0x99, 0x3f, 0x88, 0x73, 0x8c, 0x96, 0xf7, 0xbd,
	0x94, 0xb4, 0xdd, 0xa0, 0x9c, 0xf6, 0xc6, 0x58, 0xff, 0xff, 0xff, 0xff,
	0xff, 0xff, 0xff, 0xff, 0xff, 0xff, 0xff, 0xff, 0xff, 0xff, 0xff, 0xff,
	0xff, 0xff, 0xff, 0xff, 0xff, 0xff, 0xff, 0xff, 0xff, 0xff, 0xff, 0xff,
	0xff, 0xff, 0xff, 0xff, 0xff, 0xff, 0xff, 0xff, 0xff, 0xff, 0xff, 0xff,
	0xff, 0xff, 0xff, 0xff, 0xff, 0xff, 0xff, 0xff, 0xff, 0xff, 0xff, 0xff,
	0xff, 0xff, 0xff, 0xff, 0xff, 0xff, 0xff, 0xff, 0xff, 0xff, 0xff, 0xff,
	0xff, 0xff, 0xff, 0xff, 0xff, 0xff, 0xff, 0xff, 0xff, 0xff, 0xff, 0xff,
	0xff, 0xff, 0xff, 0xff, 0xff, 0xff, 0xff, 0xff, 0xff, 0xff, 0xff, 0xff,
	0xff, 0xff, 0xff, 0xff, 0xff, 0xff, 0xff, 0xff, 0xff, 0xff, 0xff, 0xff,
	0xff, 0xff, 0xff, 0xff, 0xff, 0xff, 0xff, 0xff, 0xff, 0xff, 0xff, 0xff,
	0xff, 0xff, 0xff, 0xff, 0xff, 0xff, 0xff, 0xff, 0xff, 0xff, 0xff, 0xff,
	0xff, 0xff, 0xff, 0xff, 0xff, 0xff, 0xff, 0xff, 0xff, 0xff, 0xff, 0xff,
	0xff, 0xff, 0xff, 0xff, 0xff, 0xff, 0xff, 0xff, 0xff, 0xff, 0xff, 0xff,
	0xff, 0xff, 0xff, 0xff, 0xff, 0xff, 0xff, 0xff, 0xff, 0xff, 0xff, 0xff,
	0xff, 0xff, 0xff, 0xff, 0xff, 0xff, 0xff, 0xff, 0xff, 0xff, 0xff, 0xff,
	0xff, 0xff, 0xff, 0xff, 0xff, 0xff, 0xff, 0xff, 0xff, 0xff, 0xff, 0xff,
	0xff, 0xff, 0xff, 0xff, 0xff, 0xff, 0xff, 0xff, 0xff, 0xff, 0xff, 0xff,
	0xff, 0xff, 0xff, 0xff, 0xff, 0xff, 0xff, 0xff, 0xff, 0xff, 0xff, 0xff,
	0xff, 0xff, 0xff, 0xff, 0xff, 0xff, 0xff, 0xff, 0xff, 0xff, 0xff, 0xff,
	0xff, 0xff, 0xff, 0xff, 0xff, 0xff, 0xff, 0xff, 0xff, 0xff, 0xff, 0xff,
	0xff, 0xff, 0xff, 0xff, 0xff, 0xff, 0xff, 0xff, 0xff, 0xff, 0xff, 0xff,
	0xff, 0xff, 0xff, 0xff, 0xff, 0xff, 0xff, 0xff, 0xff, 0xff, 0xff, 0xff,
	0xff, 0xff, 0xff, 0xff, 0xff, 0xff, 0xff, 0xff, 0xff, 0xff, 0xff, 0xff,
	0xff, 0xff, 0xff, 0xff, 0xff, 0xff, 0xff, 0xff, 0xff, 0xff, 0xff, 0xff,
	0xff, 0xff, 0xff, 0xff, 0xff, 0xff, 0xff, 0xff, 0xff, 0xff, 0xff, 0xff,
	0xff, 0xff, 0xff, 0xff, 0xff, 0xff, 0xff, 0xff, 0xff, 0xff, 0xff, 0xff,
	0xff, 0xff, 0xff, 0xff, 0xff, 0xff, 0xff, 0xff, 0xff, 0xff, 0xff, 0xff,
	0xff, 0xff, 0xff, 0xff, 0xff, 0xff, 0xff, 0xff, 0xff, 0xff, 0xff, 0xff,
	0xff, 0xff, 0xff, 0xff, 0xff, 0xff, 0xff, 0xff, 0xff, 0xff, 0xff, 0xff,
	0xff, 0xff, 0xff, 0xff, 0xff, 0xff, 0xff, 0xff, 0xff, 0xff, 0xff, 0xff,
	0xff, 0xff, 0xff, 0xff, 0xff, 0xff, 0xff, 0xff, 0xff, 0xff, 0xff, 0xff,
	0xff, 0xff, 0xff, 0xff, 0xff, 0xff, 0xff, 0xff, 0xff, 0xff, 0xff, 0xff,
	0xff, 0xff, 0xff, 0xff, 0xff, 0xff, 0xff, 0xff, 0xff, 0xff, 0xff, 0xff,
	0xff, 0xff, 0xff, 0xff, 0xff, 0xff, 0xff, 0xff, 0xff, 0xff, 0xff, 0xff,
	0xff, 0xff, 0xff, 0xff, 0xff, 0xff, 0xff, 0xff, 0xff, 0xff, 0xff, 0xff,
	0xff, 0xff, 0xff, 0xff, 0xff, 0xff, 0xff, 0xff, 0xff, 0xff, 0xff, 0xff,
	0xff, 0xff, 0xff, 0xff, 0xff, 0xff, 0xff, 0xff, 0xff, 0xff, 0xff, 0xff,
	0xff, 0xff, 0xff, 0xff, 0xff, 0xff, 0xff, 0xff, 0xff, 0xff, 0xff, 0xff,
	0xff, 0xff, 0xff, 0xff, 0xff, 0xff, 0xff, 0xff, 0xff, 0xff, 0xff, 0xff,
	0xff, 0xff, 0xff, 0xff, 0xff, 0xff, 0xff, 0xff, 0xff, 0xff, 0xff, 0xff,
	0xff, 0xff, 0xff, 0xff, 0xff, 0xff, 0xff, 0xff, 0xff, 0xff, 0xff, 0xff,
	0xff, 0xff, 0xff, 0xff, 0xff, 0xff, 0xff, 0xff, 0xff, 0xff, 0xff, 0xff,
	0xff, 0xff, 0xff, 0xff, 0xff, 0xff, 0xff, 0xff, 0xff, 0xff, 0xff, 0xff,
	0xff, 0xff, 0xff, 0xff, 0xff, 0xff, 0xff, 0xff, 0xff, 0xff, 0xff, 0xff,
	0xff, 0xff, 0xff, 0xff, 0xff, 0xff, 0xff, 0xff, 0xff, 0xff, 0xff, 0xff,
	0xff, 0xff, 0xff, 0xff, 0xff, 0xff, 0xff, 0xff, 0xff, 0xff, 0xff, 0xff,
	0xff, 0xff, 0xff, 0xff, 0xff, 0xff, 0xff, 0xff, 0xff, 0xff, 0xff, 0xff,
	0xff, 0xff, 0xff, 0xff, 0xff, 0xff, 0xff, 0xff, 0xff, 0xff, 0xff, 0xff,
	0xff, 0xff, 0xff, 0xff, 0xff, 0xff, 0xff, 0xff, 0xff, 0xff, 0xff, 0xff,
	0xff, 0xff, 0xff, 0xff, 0xff, 0xff, 0xff, 0xff, 0xff, 0xff, 0xff, 0xff,
	0xff, 0xff, 0xff, 0xff, 0xff, 0xff, 0xff, 0xff, 0xff, 0xff, 0xff, 0xff,
	0xff, 0xff, 0xff, 0xff, 0xff, 0xff, 0xff, 0xff, 0xff, 0xff, 0xff, 0xff,
	0xff, 0xff, 0xff, 0xff, 0xff, 0xff, 0xff, 0xff, 0xff, 0xff, 0xff, 0xff,
	0xff, 0xff, 0xff, 0xff, 0xff, 0xff, 0xff, 0xff, 0xff, 0xff, 0xff, 0xff,
	0xff, 0xff, 0xff, 0xff, 0xff, 0xff, 0xff, 0xff, 0xff, 0xff, 0xff, 0xff,
	0xff, 0xff, 0xff, 0xff, 0xff, 0xff, 0xff, 0xff, 0xff, 0xff, 0xff, 0xff,
	0xff, 0xff, 0xff, 0xff, 0xff, 0xff, 0xff, 0xff, 0xff, 0xff, 0xff, 0xff,
	0xff, 0xff, 0xff, 0xff, 0xff, 0xff, 0xff, 0xff, 0xff, 0xff, 0xff, 0xff,
	0xff, 0xff, 0xff, 0xff, 0xff, 0xff, 0xff, 0xff, 0xff, 0xff, 0xff, 0xff,
	0xff, 0xff, 0xff, 0xff, 0xff, 0xff, 0xff, 0xff, 0xff, 0xff, 0xff, 0xff,
	0xff, 0xff, 0xff, 0xff, 0xff, 0xff, 0xff, 0xff, 0xff, 0xff, 0xff, 0xff,
	0xff, 0xff, 0xff, 0xff, 0xff, 0xff, 0xff, 0xff, 0xff, 0xff, 0xff, 0xff,
	0xff, 0xff, 0xff, 0xff, 0xff, 0xff, 0xff, 0xff, 0xff, 0xff, 0xff, 0xff,
	0xff, 0xff, 0xff, 0xff, 0xff, 0xff, 0xff, 0xff, 0xff, 0xff, 0xff, 0xff,
	0xff, 0xff, 0xff, 0xff, 0xff, 0xff, 0xff, 0xff, 0xff, 0xff, 0xff, 0xff,
	0xff, 0xff, 0xff, 0xff, 0xff, 0xff, 0xff, 0xff, 0xff, 0xff, 0xff, 0xff,
	0xff, 0xff, 0xff, 0xff, 0xff, 0xff, 0xff, 0xff, 0xff, 0xff, 0xff, 0xff,
	0xff, 0xff, 0xff, 0xff, 0xff, 0xff, 0xff, 0xff, 0xff, 0xff, 0xff, 0xff,
	0xff, 0xff, 0xff, 0xff, 0xff, 0xff, 0xff, 0xff, 0xff, 0xff, 0xff, 0xff,
	0xff, 0xff, 0xff, 0xff, 0xff, 0xff, 0xff, 0xff, 0xff, 0xff, 0xff, 0xff,
	0xff, 0xff, 0xff, 0xff, 0xff, 0xff, 0xff, 0xff, 0xff, 0xff, 0xff, 0xff,
	0xff, 0xff, 0xff, 0xff, 0xff, 0xff, 0xff, 0xff, 0xff, 0xff, 0xff, 0xff,
	0xff, 0xff, 0xff, 0xff, 0xff, 0xff, 0xff, 0xff, 0xff, 0xff, 0xff, 0xff,
	0xff, 0xff, 0xff, 0xff, 0xff, 0xff, 0xff, 0xff, 0xff, 0xff, 0xff, 0xff,
	0xff, 0xff, 0xff, 0xff, 0xff, 0xff, 0xff, 0xff, 0xff, 0xff, 0xff, 0xff,
	0xff, 0xff, 0xff, 0xff, 0xff, 0xff, 0xff, 0xff, 0xff, 0xff, 0xff, 0xff,
	0xff, 0xff, 0xff, 0xff, 0xff, 0xff, 0xff, 0xff, 0xff, 0xff, 0xff, 0xff,
	0xff, 0xff, 0xff, 0xff, 0xff, 0xff, 0xff, 0xff, 0xff, 0xff, 0xff, 0xff,
	0xff, 0xff, 0xff, 0xff, 0xff, 0xff, 0xff, 0xff, 0xff, 0xff, 0xff, 0xff,
	0xff, 0xff, 0xff, 0xff, 0xff, 0xff, 0xff, 0xff, 0xff, 0xff, 0xff, 0xff,
	0xff, 0xff, 0xff, 0xff, 0xff, 0xff, 0xff, 0xff, 0xff, 0xff, 0xff, 0xff,
	0xff, 0xff, 0xff, 0xff, 0xff, 0xff, 0xff, 0xff, 0xff, 0xff, 0xff, 0xff,
	0xff, 0xff, 0xff, 0xff, 0xff, 0xff, 0xff, 0xff, 0xff, 0xff, 0xff, 0xff,
	0xff, 0xff, 0xff, 0xff, 0xff, 0xff, 0xff, 0xff, 0xff, 0xff, 0xff, 0xff,
	0xff, 0xff, 0xff, 0xff, 0xff, 0xff, 0xff, 0xff, 0xff, 0xff, 0xff, 0xff,
	0xff, 0xff, 0xff, 0xff, 0xff, 0xff, 0xff, 0xff, 0xff, 0xff, 0xff, 0xff,
	0xff, 0xff, 0xff, 0xff, 0xff, 0xff, 0xff, 0xff, 0xff, 0xff, 0xff, 0xff,
	0xff, 0xff, 0xff, 0xff, 0xff, 0xff, 0xff, 0xff, 0xff, 0xff, 0xff, 0xff,
	0xff, 0xff, 0xff, 0xff, 0xff, 0xff, 0xff, 0xff, 0xff, 0xff, 0xff, 0xff,
	0xff, 0xff, 0xff, 0xff, 0xff, 0xff, 0xff, 0xff, 0xff, 0xff, 0xff, 0xff,
	0xff, 0xff, 0xff, 0xff, 0xff, 0xff, 0xff, 0xff, 0xff, 0xff, 0xff, 0xff,
	0xff, 0xff, 0xff, 0xff, 0xff, 0xff, 0xff, 0xff, 0xff, 0xff, 0xff, 0xff,
	0xff, 0xff, 0xff, 0xff, 0xff, 0xff, 0xff, 0xff, 0xff, 0xff, 0xff, 0xff,
	0xff, 0xff, 0xff, 0xff, 0xff, 0xff, 0xff, 0xff, 0xff, 0xff, 0xff, 0xff,
	0xff, 0xff, 0xff, 0xff, 0xff, 0xff, 0xff, 0xff, 0xff, 0xff, 0xff, 0xff,
	0xff, 0xff, 0xff, 0xff, 0xff, 0xff, 0xff, 0xff, 0xff, 0xff, 0xff, 0xff,
	0xff, 0xff, 0xff, 0xff, 0xff, 0xff, 0xff, 0xff, 0xff, 0xff, 0xff, 0xff,
	0xff, 0xff, 0xff, 0xff, 0xff, 0xff, 0xff, 0xff, 0xff, 0xff, 0xff, 0xff,
	0xff, 0xff, 0xff, 0xff, 0xff, 0xff, 0xff, 0xff, 0xff, 0xff, 0xff, 0xff,
	0xff, 0xff, 0xff, 0xff, 0xff, 0xff, 0xff, 0xff, 0xff, 0xff, 0xff, 0xff,
	0xff, 0xff, 0xff, 0xff, 0xff, 0xff, 0xff, 0xff, 0xff, 0xff, 0xff, 0xff,
	0xff, 0xff, 0xff, 0xff, 0xff, 0xff, 0xff, 0xff, 0xff, 0xff, 0xff, 0xff,
	0xff, 0xff, 0xff, 0xff, 0xff, 0xff, 0xff, 0xff, 0xff, 0xff, 0xff, 0xff,
	0xff, 0xff, 0xff, 0xff, 0xff, 0xff, 0xff, 0xff, 0xff, 0xff, 0xff, 0xff,
	0xff, 0xff, 0xff, 0xff, 0xff, 0xff, 0xff, 0xff, 0xff, 0xff, 0xff, 0xff,
	0xff, 0xff, 0xff, 0xff, 0xff, 0xff, 0xff, 0xff, 0xff, 0xff, 0xff, 0xff,
	0xff, 0xff, 0xff, 0xff, 0xff, 0xff, 0xff, 0xff, 0xff, 0xff, 0xff, 0xff,
	0xff, 0xff, 0xff, 0xff, 0xff, 0xff, 0xff, 0xff, 0xff, 0xff, 0xff, 0xff,
	0xff, 0xff, 0xff, 0xff, 0xff, 0xff, 0xff, 0xff, 0xff, 0xff, 0xff, 0xff,
	0xff, 0xff, 0xff, 0xff, 0xff, 0xff, 0xff, 0xff, 0xff, 0xff, 0xff, 0xff,
	0xff, 0xff, 0xff, 0xff, 0xff, 0xff, 0xff, 0xff, 0xff, 0xff, 0xff, 0xff,
	0xff, 0xff, 0xff, 0xff, 0xff, 0xff, 0xff, 0xff, 0xff, 0xff, 0xff, 0xff,
	0xff, 0xff, 0xff, 0xff, 0xff, 0xff, 0xff, 0xff, 0xff, 0xff, 0xff, 0xff,
	0xff, 0xff, 0xff, 0xff, 0xff, 0xff, 0xff, 0xff, 0xff, 0xff, 0xff, 0xff,
	0xff, 0xff, 0xff, 0xff, 0xff, 0xff, 0xff, 0xff, 0xff, 0xff, 0xff, 0xff,
	0xff, 0xff, 0xff, 0xff, 0xff, 0xff, 0xff, 0xff, 0xff, 0xff, 0xff, 0xff,
	0xff, 0xff, 0xff, 0xff, 0xff, 0xff, 0xff, 0xff, 0xff, 0xff, 0xff, 0xff,
	0xff, 0xff, 0xff, 0xff, 0xff, 0xff, 0xff, 0xff, 0xff, 0xff, 0xff, 0xff,
	0xff, 0xff, 0xff, 0xff, 0xff, 0xff, 0xff, 0xff, 0xff, 0xff, 0xff, 0xff,
	0xff, 0xff, 0xff, 0xff, 0xff, 0xff, 0xff, 0xff, 0xff, 0xff, 0xff, 0xff,
	0xff, 0xff, 0xff, 0xff, 0xff, 0xff, 0xff, 0xff, 0xff, 0xff, 0xff, 0xff,
	0xff, 0xff, 0xff, 0xff, 0xff, 0xff, 0xff, 0xff, 0xff, 0xff, 0xff, 0xff,
	0xff, 0xff, 0xff, 0xff, 0xff, 0xff, 0xff, 0xff, 0xff, 0xff, 0xf3, 0x9d,
	0xe3, 0x3b, 0xda, 0xfb, 0xff, 0xff, 0xff, 0xff, 0xa1, 0x7f, 0x88, 0x9a,
	0xff, 0xff, 0xb5, 0xdc, 0x84, 0xbf, 0xbd, 0x24, 0xce, 0x78, 0x8c, 0xff,
	0xa4, 0xcb, 0xf2, 0x23, 0x90, 0xff, 0x90, 0x95, 0xe1, 0xc1, 0xea, 0x49,
	0xd5, 0xa2, 0xfe, 0xe6, 0xb1, 0x52, 0x9d, 0x37, 0xfa, 0x87, 0xfa, 0xca,
	0xcd, 0xac, 0x80, 0x78, 0xea, 0x4a, 0xf2, 0x8a, 0xde, 0x08, 0x8c, 0x97,
	0xe6, 0x2a, 0xea, 0x6b, 0xf2, 0x67, 0x9c, 0xd4, 0xff, 0xff, 0xff, 0xff,
	0xff, 0xff, 0xff, 0xff, 0xf7, 0xbd, 0xff, 0xff, 0xff, 0xff, 0xff, 0xff,
	0xda, 0xd9, 0xff, 0xff, 0xff, 0xff, 0xff, 0xff, 0xb1, 0xd8, 0xff, 0xff,
	0xff, 0xff, 0xff, 0xff, 0xff, 0xff, 0xff, 0xff, 0xff, 0xff, 0xff, 0xff,
	0xff, 0xff, 0xff, 0xff, 0xff, 0xff, 0xff, 0xff, 0xff, 0xff, 0xff, 0xff,
	0xff, 0xff, 0xff, 0xff, 0xff, 0xff, 0xff, 0xff, 0xff, 0xff, 0xff, 0xff,
	0xff, 0xff, 0xff, 0xff, 0xff, 0xff, 0xff, 0xff, 0xff, 0xff, 0xff, 0xff,
	0xff, 0xff, 0xff, 0xff, 0xff, 0xff, 0xff, 0xff, 0xff, 0xff, 0xff, 0xff,
	0xff, 0xff, 0xff, 0xff, 0xff, 0xff, 0xff, 0xff, 0xff, 0xff, 0xff, 0xff,
	0xff, 0xff, 0xff, 0xff, 0xff, 0xff, 0xff, 0xff, 0xff, 0xff, 0xff, 0xff,
	0xff, 0xff, 0xff, 0xff, 0xff, 0xff, 0xff, 0xff, 0xff, 0xff, 0xff, 0xff,
	0xff, 0xff, 0xff, 0xff, 0xff, 0xff, 0xff, 0xff, 0xff, 0xff, 0xff, 0xff,
	0xff, 0xff, 0xff, 0xff, 0xff, 0xff, 0xff, 0xff, 0xff, 0xff, 0xff, 0xff,
	0xff, 0xff, 0xff, 0xff, 0xff, 0xff, 0xff, 0xff, 0xff, 0xff, 0xff, 0xff,
	0xff, 0xff, 0xff, 0xff, 0xff, 0xff, 0xff, 0xff, 0xff, 0xff, 0xff, 0xff,
	0xff, 0xff, 0xff, 0xff, 0xff, 0xff, 0xff, 0xff, 0xff, 0xff, 0xff, 0xff,
	0xff, 0xff, 0xff, 0xff, 0xff, 0xff, 0xff, 0xff, 0xff, 0xff, 0xff, 0xff,
	0xff, 0xff, 0xff, 0xff, 0xff, 0xff, 0xff, 0xff, 0xff, 0xff, 0xff, 0xff,
	0xff, 0xff, 0xff, 0xff, 0xff, 0xff, 0xff, 0xff, 0xff, 0xff, 0xff, 0xff,
	0xff, 0xff, 0xff, 0xff, 0xff, 0xff, 0xff, 0xff, 0xff, 0xff, 0xff, 0xff,
	0xff, 0xff, 0xff, 0xff, 0xff, 0xff, 0xff, 0xff, 0xff, 0xff, 0xff, 0xff,
	0xff, 0xff, 0xff, 0xff, 0xff, 0xff, 0xff, 0xff, 0xff, 0xff, 0xff, 0xff,
	0xff, 0xff, 0xff, 0xff, 0xff, 0xff, 0xff, 0xff, 0xff, 0xff, 0xff, 0xff,
	0xff, 0xff, 0xff, 0xff, 0xff, 0xff, 0xff, 0xff, 0xff, 0xff, 0xff, 0xff,
	0xff, 0xff, 0xff, 0xff, 0xff, 0xff, 0xff, 0xff, 0xff, 0xff, 0xff, 0xff,
	0xff, 0xff, 0xff, 0xff, 0xff, 0xff, 0xff, 0xff, 0xff, 0xff, 0xff, 0xff,
	0xff, 0xff, 0xff, 0xff, 0xff, 0xff, 0xff, 0xff, 0xff, 0xff, 0xff, 0xff,
	0xff, 0xff, 0xff, 0xff, 0xff, 0xff, 0xff, 0xff, 0xff, 0xff, 0xff, 0xff,
	0xff, 0xff, 0xff, 0xff, 0xff, 0xff, 0xff, 0xff, 0xff, 0xff, 0xff, 0xff,
	0xff, 0xff, 0xff, 0xff, 0xff, 0xff, 0xff, 0xff, 0xff, 0xff, 0xff, 0xff,
	0xff, 0xff, 0xff, 0xff, 0xff, 0xff, 0xff, 0xff, 0xff, 0xff, 0xff, 0xff,
	0xff, 0xff, 0xff, 0xff, 0xff, 0xff, 0xff, 0xff, 0xff, 0xff, 0xff, 0xff,
	0xff, 0xff, 0xff, 0xff, 0xff, 0xff, 0xff, 0xff, 0xff, 0xff, 0xff, 0xff,
	0xff, 0xff, 0xff, 0xff, 0xff, 0xff, 0xff, 0xff, 0xff, 0xff, 0xff, 0xff,
	0xff, 0xff, 0xff, 0xff, 0xff, 0xff, 0xff, 0xff, 0xff, 0xff, 0xff, 0xff,
	0xff, 0xff, 0xff, 0xff, 0xff, 0xff, 0xff, 0xff, 0xff, 0xff, 0xff, 0xff,
	0xff, 0xff, 0xff, 0xff, 0xff, 0xff, 0xff, 0xff, 0xff, 0xff, 0xff, 0xff,
	0xff, 0xff, 0xff, 0xff, 0xff, 0xff, 0xff, 0xff, 0xff, 0xff, 0xff, 0xff,
	0xff, 0xff, 0xff, 0xff, 0xff, 0xff, 0xff, 0xff, 0xff, 0xff, 0xff, 0xff,
	0xff, 0xff, 0xff, 0xff, 0xff, 0xff, 0xff, 0xff, 0xff, 0xff, 0xff, 0xff,
	0xff, 0xff, 0xff, 0xff, 0xff, 0xff, 0xff, 0xff, 0xff, 0xff, 0xff, 0xff,
	0xff, 0xff, 0xff, 0xff, 0xff, 0xff, 0xff, 0xff, 0xff, 0xff, 0xff, 0xff,
	0xff, 0xff, 0xff, 0xff, 0xff, 0xff, 0xff, 0xff, 0xff, 0xff, 0xff, 0xff,
	0xff, 0xff, 0xff, 0xff, 0xff, 0xff, 0xff, 0xff, 0xff, 0xff, 0xff, 0xff,
	0xff, 0xff, 0xff, 0xff, 0xff, 0xff, 0xff, 0xff, 0xff, 0xff, 0xff, 0xff,
	0xff, 0xff, 0xff, 0xff, 0xff, 0xff, 0xff, 0xff, 0xff, 0xff, 0xff, 0xff,
	0xff, 0xff, 0xff, 0xff, 0xff, 0xff, 0xff, 0xff, 0xff, 0xff, 0xff, 0xff,
	0xff, 0xff, 0xff, 0xff, 0xff, 0xff, 0xff, 0xff, 0xff, 0xff, 0xff, 0xff,
	0xff, 0xff, 0xff, 0xff, 0xff, 0xff, 0xff, 0xff, 0xff, 0xff, 0xff, 0xff,
	0xff, 0xff, 0xff, 0xff, 0xff, 0xff, 0xff, 0xff, 0xff, 0xff, 0xff, 0xff,
	0xff, 0xff, 0xff, 0xff, 0xff, 0xff, 0xff, 0xff, 0xff, 0xff, 0xff, 0xff,
	0xff, 0xff, 0xff, 0xff, 0xff, 0xff, 0xff, 0xff, 0xff, 0xff, 0xff, 0xff,
	0xff, 0xff, 0xff, 0xff, 0xff, 0xff, 0xff, 0xff, 0xff, 0xff, 0xff, 0xff,
	0xff, 0xff, 0xff, 0xff, 0xff, 0xff, 0xff, 0xff, 0xff, 0xff, 0xff, 0xff,
	0xff, 0xff, 0xff, 0xff, 0xff, 0xff, 0xff, 0xff, 0xff, 0xff, 0xff, 0xff,
	0xff, 0xff, 0xff, 0xff, 0xff, 0xff, 0xff, 0xff, 0xff, 0xff, 0xff, 0xff,
	0xff, 0xff, 0xff, 0xff, 0xff, 0xff, 0xff, 0xff, 0xff, 0xff, 0xff, 0xff,
	0xff, 0xff, 0xff, 0xff, 0xff, 0xff, 0xff, 0xff, 0xff, 0xff, 0xff, 0xff,
	0xff, 0xff, 0xff, 0xff, 0xff, 0xff, 0xff, 0xff, 0xff, 0xff, 0xff, 0xff,
	0xff, 0xff, 0xff, 0xff, 0xff, 0xff, 0xff, 0xff, 0xff, 0xff, 0xff, 0xff,
	0xff, 0xff, 0xff, 0xff, 0xff, 0xff, 0xff, 0xff, 0xff, 0xff, 0xff, 0xff,
	0xff, 0xff, 0xff, 0xff, 0xff, 0xff, 0xff, 0xff, 0xff, 0xff, 0xff, 0xff,
	0xff, 0xff, 0xff, 0xff, 0xff, 0xff, 0xff, 0xff, 0xff, 0xff, 0xff, 0xff,
	0xff, 0xff, 0xff, 0xff, 0xff, 0xff, 0xff, 0xff, 0xff, 0xff, 0xff, 0xff,
	0xff, 0xff, 0xff, 0xff, 0xff, 0xff, 0xff, 0xff, 0xff, 0xff, 0xff, 0xff,
	0xff, 0xff, 0xff, 0xff, 0xff, 0xff, 0xff, 0xff, 0xff, 0xff, 0xff, 0xff,
	0xff, 0xff, 0xff, 0xff, 0xff, 0xff, 0xff, 0xff, 0xff, 0xff, 0xff, 0xff,
	0xff, 0xff, 0xff, 0xff, 0xff, 0xff, 0xff, 0xff, 0xff, 0xff, 0xff, 0xff,
	0xff, 0xff, 0xff, 0xff, 0xff, 0xff, 0xff, 0xff, 0xff, 0xff, 0xff, 0xff,
	0xff, 0xff, 0xff, 0xff, 0xff, 0xff, 0xff, 0xff, 0xff, 0xff, 0xff, 0xff,
	0xff, 0xff, 0xff, 0xff, 0xff, 0xff, 0xff, 0xff, 0xff, 0xff, 0xff, 0xff,
	0xff, 0xff, 0xff, 0xff, 0xff, 0xff, 0xff, 0xff, 0xff, 0xff, 0xff, 0xff,
	0xff, 0xff, 0xff, 0xff, 0xff, 0xff, 0xff, 0xff, 0xff, 0xff, 0xff, 0xff,
	0xff, 0xff, 0xff, 0xff, 0xff, 0xff, 0xff, 0xff, 0xff, 0xff, 0xff, 0xff,
	0xff, 0xff, 0xff, 0xff, 0xff, 0xff, 0xff, 0xff, 0xff, 0xff, 0xff, 0xff,
	0xff, 0xff, 0xff, 0xff, 0xff, 0xff, 0xff, 0xff, 0xff, 0xff, 0xff, 0xff,
	0xff, 0xff, 0xff, 0xff, 0xff, 0xff, 0xff, 0xff, 0xff, 0xff, 0xff, 0xff,
	0xff, 0xff, 0xff, 0xff, 0xff, 0xff, 0xff, 0xff, 0xff, 0xff, 0xff, 0xff,
	0xff, 0xff, 0xff, 0xff, 0xff, 0xff, 0xff, 0xff, 0xff, 0xff, 0xff, 0xff,
	0xff, 0xff, 0xff, 0xff, 0xff, 0xff, 0xff, 0xff, 0xff, 0xff, 0xff, 0xff,
	0xff, 0xff, 0xff, 0xff, 0xff, 0xff, 0xff, 0xff, 0xff, 0xff, 0xff, 0xff,
	0xff, 0xff, 0xff, 0xff, 0xff, 0xff, 0xff, 0xff, 0xff, 0xff, 0xff, 0xff,
	0xff, 0xff, 0xff, 0xff, 0xff, 0xff, 0xff, 0xff, 0xff, 0xff, 0xff, 0xff,
	0xff, 0xff, 0xff, 0xff, 0xff, 0xff, 0xff, 0xff, 0xff, 0xff, 0xff, 0xff,
	0xff, 0xff, 0xff, 0xff, 0xff, 0xff, 0xff, 0xff, 0xff, 0xff, 0xff, 0xff,
	0xff, 0xff, 0xff, 0xff, 0xff, 0xff, 0xff, 0xff, 0xff, 0xff, 0xff, 0xff,
	0xff, 0xff, 0xff, 0xff, 0xff, 0xff, 0xff, 0xff, 0xff, 0xff, 0xff, 0xff,
	0xff, 0xff, 0xff, 0xff, 0xff, 0xff, 0xff, 0xff, 0xff, 0xff, 0xff, 0xff,
	0xff, 0xff, 0xff, 0xff, 0xff, 0xff, 0xff, 0xff, 0xff, 0xff, 0xff, 0xff,
	0xff, 0xff, 0xff, 0xff, 0xff, 0xff, 0xff, 0xff, 0xff, 0xff, 0xff, 0xff,
	0xff, 0xff, 0xff, 0xff, 0xff, 0xff, 0xff, 0xff, 0xff, 0xff, 0xff, 0xff,
	0xff, 0xff, 0xff, 0xff, 0xff, 0xff, 0xff, 0xff, 0xff, 0xff, 0xff, 0xff,
	0xff, 0xff, 0xff, 0xff, 0xff, 0xff, 0xff, 0xff, 0xff, 0xff, 0xff, 0xff,
	0xff, 0xff, 0xff, 0xff, 0xff, 0xff, 0xff, 0xff, 0xff, 0xff, 0xff, 0xff,
	0xff, 0xff, 0xff, 0xff, 0xff, 0xff, 0xff, 0xff, 0xff, 0xff, 0xff, 0xff,
	0xff, 0xff, 0xff, 0xff, 0xff, 0xff, 0xff, 0xff, 0xff, 0xff, 0xff, 0xff,
	0xff, 0xff, 0xff, 0xff, 0xff, 0xff, 0xff, 0xff, 0xff, 0xff, 0xff, 0xff,
	0xff, 0xff, 0xff, 0xff, 0xff, 0xff, 0xff, 0xff, 0xff, 0xff, 0xff, 0xff,
	0xff, 0xff, 0xff, 0xff, 0xff, 0xff, 0xff, 0xff, 0xff, 0xff, 0xff, 0xff,
	0xff, 0xff, 0xff, 0xff, 0xff, 0xff, 0xff, 0xff, 0xff, 0xff, 0xff, 0xff,
	0xff, 0xff, 0xff, 0xff, 0xff, 0xff, 0xff, 0xff, 0xff, 0xff, 0xff, 0xff,
	0xff, 0xff, 0xff, 0xff, 0xff, 0xff, 0xff, 0xff, 0xff, 0xff, 0xff, 0xff,
	0xff, 0xff, 0xff, 0xff, 0xff, 0xff, 0xff, 0xff, 0xff, 0xff, 0xff, 0xff,
	0xff, 0xff, 0xff, 0xff, 0xff, 0xff, 0xff, 0xff, 0xff, 0xff, 0xff, 0xff,
	0xff, 0xff, 0xff, 0xff, 0xff, 0xff, 0xff, 0xff, 0xff, 0xff, 0xff, 0xff,
	0xff, 0xff, 0xff, 0xff, 0xff, 0xff, 0xff, 0xff, 0xff, 0xff, 0xff, 0xff,
	0xff, 0xff, 0xff, 0xff, 0xff, 0xff, 0xff, 0xff, 0xff, 0xff, 0xff, 0xff,
	0xff, 0xff, 0xff, 0xff, 0xff, 0xff, 0xff, 0xff, 0xff, 0xff, 0xff, 0xff,
	0xff, 0xff, 0xff, 0xff, 0xff, 0xff, 0xff, 0xff, 0xff, 0xff, 0xff, 0xff,
	0xff, 0xff, 0xff, 0xff, 0xff, 0xff, 0xff, 0xff, 0xff, 0xff, 0xff, 0xff,
	0xff, 0xff, 0xff, 0xff, 0xff, 0xff, 0xff, 0xff, 0xff, 0xff, 0xff, 0xff,
	0xff, 0xff, 0xff, 0xff, 0xff, 0xff, 0xff, 0xff, 0xff, 0xff, 0xff, 0xff,
	0xff, 0xff, 0xff, 0xff, 0xff, 0xff, 0xff, 0xff, 0xff, 0xff, 0xff, 0xff,
	0xff, 0xff, 0xff, 0xff, 0xff, 0xff, 0xff, 0xff, 0xff, 0xff, 0xff, 0xff,
	0xff, 0xff, 0xff, 0xff, 0xff, 0xff, 0xff, 0xff, 0xff, 0xff, 0xff, 0xff,
	0xfb, 0xde, 0xca, 0x9a, 0xff, 0xff, 0xff, 0xff, 0xff, 0xff, 0xff, 0xff,
	0xff, 0xff, 0xff, 0xff, 0xe7, 0x5b, 0xc6, 0x9a, 0xe7, 0x5b, 0xbe, 0x59,
	0xad, 0xfe, 0xa5, 0xbe, 0xad, 0xff, 0xa5, 0xbf, 0xa1, 0x5e, 0x9d, 0x5d,
	0xf7, 0xbe, 0xe7, 0x5c, 0xd2, 0xd9, 0xba, 0x38, 0xa9, 0xdb, 0xa5, 0x9c,
	0xa1, 0x7d, 0x9d, 0x7c, 0x9d, 0x5c, 0x99, 0x3c, 0x99, 0x3b, 0x95, 0x1a,
	0x9d, 0x3c, 0x99, 0x3b, 0x99, 0x39, 0x95, 0x18, 0xad, 0xd9, 0xa1, 0x79,
	0xa1, 0x79, 0x9d, 0x7f, 0x99, 0x3a, 0x99, 0x38, 0x9d, 0x5a, 0x88, 0xdf,
	0x90, 0xf7, 0x95, 0x35, 0x99, 0x3e, 0x84, 0x9d, 0x95, 0x36, 0x9d, 0x5a,
	0x90, 0xff, 0x94, 0xb3, 0x84, 0x9e, 0xc1, 0x44, 0xee, 0x26, 0xe2, 0x09,
	0xa4, 0xce, 0xe9, 0xe2, 0xe1, 0xe8, 0xe2, 0x08, 0xc5, 0x46, 0xea, 0x05,
	0xdd, 0xe7, 0xe2, 0x08, 0xd9, 0xa3, 0xe1, 0xe7, 0xe1, 0xe7, 0xe6, 0x29,
	0xe6, 0x29, 0xea, 0x6a, 0xfa, 0x87, 0xad, 0x0e, 0xe6, 0x29, 0xea, 0x6b,
	0xfe, 0xc9, 0xc9, 0x8b, 0xea, 0x4a, 0xee, 0x6b, 0xfe, 0xcb, 0xd5, 0xca,
	0xea, 0x6a, 0xee, 0x8c, 0xfa, 0xcc, 0xe2, 0x29, 0x80, 0xbb, 0xba, 0x18,
	0xd2, 0xb9, 0xe7, 0x3b, 0x80, 0x58, 0x90, 0xfc, 0x95, 0x1d, 0x95, 0x1a,
	0x80, 0x75, 0x8c, 0xb8, 0x90, 0xda, 0x8c, 0xda, 0x88, 0x94, 0x84, 0x97,
	0x8c, 0xb6, 0x8c, 0xb7, 0xff, 0xff, 0xff, 0xff, 0xff, 0xff, 0xff, 0xff,
	0xa5, 0x77, 0xca, 0x78, 0xf3, 0xbd, 0xff, 0xff, 0x90, 0xda, 0x99, 0x3b,
	0x9d, 0x37, 0xce, 0x97, 0x8c, 0xb6, 0x90, 0xd7, 0x94, 0xf8, 0x99, 0x39,
	0xff, 0xff, 0xff, 0xff, 0xff, 0xff, 0xff, 0xff, 0xff, 0xff, 0xff, 0xff,
	0xff, 0xff, 0xff, 0xff, 0xff, 0xff, 0xff, 0xff, 0xff, 0xff, 0xff, 0xff,
	0xb1, 0xd6, 0xf7, 0xbd, 0xff, 0xff, 0xff, 0xff, 0xff, 0xff, 0xff, 0xff,
	0xff, 0xff, 0xff, 0xff, 0xff, 0xff, 0xff, 0xff, 0xff, 0xff, 0xff, 0xff,
	0xff, 0xff, 0xff, 0xff, 0xff, 0xff, 0xff, 0xff, 0xff, 0xff, 0xff, 0xff,
	0xff, 0xff, 0xff, 0xff, 0xff, 0xff, 0xff, 0xff, 0xff, 0xff, 0xff, 0xff,
	0xff, 0xff, 0xff, 0xff, 0xff, 0xff, 0xff, 0xff, 0xff, 0xff, 0xff, 0xff,
	0xff, 0xff, 0xff, 0xff, 0xff, 0xff, 0xff, 0xff, 0xff, 0xff, 0xff, 0xff,
	0xff, 0xff, 0xff, 0xff, 0xff, 0xff, 0xff, 0xff, 0xff, 0xff, 0xff, 0xff,
	0xff, 0xff, 0xff, 0xff, 0xff, 0xff, 0xff, 0xff, 0xff, 0xff, 0xff, 0xff,
	0xff, 0xff, 0xff, 0xff, 0xff, 0xff, 0xff, 0xff, 0xff, 0xff, 0xff, 0xff,
	0xff, 0xff, 0xff, 0xff, 0xff, 0xff, 0xff, 0xff, 0xff, 0xff, 0xff, 0xff,
	0xff, 0xff, 0xff, 0xff, 0xff, 0xff, 0xff, 0xff, 0xff, 0xff, 0xff, 0xff,
	0xff, 0xff, 0xff, 0xff, 0xff, 0xff, 0xff, 0xff, 0xff, 0xff, 0xff, 0xff,
	0xff, 0xff, 0xff, 0xff, 0xff, 0xff, 0xff, 0xff, 0xff, 0xff, 0xff, 0xff,
	0xff, 0xff, 0xff, 0xff, 0xff, 0xff, 0xff, 0xff, 0xff, 0xff, 0xff, 0xff,
	0xff, 0xff, 0xff, 0xff, 0xff, 0xff, 0xff, 0xff, 0xff, 0xff, 0xff, 0xff,
	0xff, 0xff, 0xff, 0xff, 0xff, 0xff, 0xff, 0xff, 0xff, 0xff, 0xff, 0xff,
	0xff, 0xff, 0xff, 0xff, 0xff, 0xff, 0xff, 0xff, 0xff, 0xff, 0xff, 0xff,
	0xff, 0xff, 0xff, 0xff, 0xff, 0xff, 0xff, 0xff, 0xff, 0xff, 0xff, 0xff,
	0xff, 0xff, 0xff, 0xff, 0xff, 0xff, 0xff, 0xff, 0xff, 0xfe, 0xff, 0xff,
	0xff, 0xff, 0xff, 0xff, 0xff, 0xff, 0xff, 0xff, 0xff, 0xff, 0xff, 0xff,
	0xff, 0xff, 0xff, 0xff, 0xff, 0xff, 0xff, 0xff, 0xff, 0xff, 0xff, 0xff,
	0xff, 0xff, 0xff, 0xff, 0xff, 0xff, 0xff, 0xff, 0xff, 0xff, 0xff, 0xff,
	0xff, 0xff, 0xff, 0xff, 0xff, 0xff, 0xff, 0xff, 0xff, 0xff, 0xff, 0xff,
	0xff, 0xff, 0xff, 0xff, 0xff, 0xff, 0xff, 0xff, 0xff, 0xff, 0xff, 0xff,
	0xff, 0xff, 0xff, 0xff, 0xff, 0xff, 0xff, 0xff, 0xff, 0xff, 0xff, 0xff,
	0xff, 0xff, 0xff, 0xff, 0xff, 0xff, 0xff, 0xff, 0xff, 0xff, 0xff, 0xff,
	0xff, 0xff, 0xff, 0xff, 0xff, 0xff, 0xff, 0xff, 0xff, 0xff, 0xff, 0xff,
	0xff, 0xff, 0xff, 0xde, 0xff, 0xff, 0xff, 0xff, 0xff, 0xff, 0xff, 0xff,
	0xff, 0xff, 0xff, 0xff, 0xff, 0xff, 0xff, 0xff, 0xff, 0xff, 0xff, 0xff,
	0xff, 0xff, 0xff, 0xff, 0xff, 0xdc, 0xff, 0xdc, 0xff, 0xde, 0xff, 0xff,
	0xff, 0xff, 0xff, 0xff, 0xff, 0xff, 0xff, 0xff, 0xff, 0xff, 0xff, 0xff,
	0xff, 0xff, 0xff, 0xff, 0xff, 0xff, 0xff, 0xff, 0xff, 0xff, 0xff, 0xff,
	0xff, 0xff, 0xff, 0xff, 0xff, 0xff, 0xff, 0xff, 0xff, 0xff, 0xff, 0xff,
	0xff, 0xff, 0xff, 0xff, 0xff, 0xff, 0xff, 0xff, 0xff, 0xff, 0xff, 0xff,
	0xff, 0xff, 0xff, 0xff, 0xff, 0xff, 0xff, 0xff, 0xff, 0xff, 0xff, 0xdc,
	0xff, 0xdc, 0xff, 0xdc, 0xff, 0xff, 0xff, 0xff, 0xff, 0xff, 0xff, 0xff,
	0xff, 0xff, 0xff, 0xff, 0xff, 0xff, 0xff, 0xff, 0xff, 0xff, 0xff, 0xff,
	0xff, 0xff, 0xff, 0xff, 0xff, 0xdc, 0xff, 0xdc, 0xff, 0xdc, 0xff, 0xdc,
	0xff, 0xff, 0xff, 0xff, 0xff, 0xff, 0xff, 0xff, 0xff, 0xff, 0xff, 0xff,
	0xff, 0xff, 0xff, 0xff, 0xff, 0xff, 0xff, 0xff, 0xff, 0xff, 0xff, 0xff,
	0xff, 0xdc, 0xff, 0xdc, 0xff, 0xbc, 0xff, 0xff, 0xff, 0xff, 0xff, 0xff,
	0xff, 0xff, 0xff, 0xff, 0xff, 0xff, 0xff, 0xff, 0xff, 0xff, 0xff, 0xff,
	0xff, 0xff, 0xff, 0xff, 0xff, 0xff, 0xff, 0xff, 0xff, 0xff, 0xff, 0xbb,
	0xff, 0xdb, 0xff, 0xdb, 0xff, 0xff, 0xff, 0xff, 0xff, 0xff, 0xff, 0xff,
	0xff, 0xff, 0xff, 0xff, 0xff, 0xff, 0xff, 0xff, 0xff, 0xff, 0xff, 0xff,
	0xff, 0xff, 0xff, 0xff, 0xff, 0xdb, 0xff, 0xdb, 0xff, 0xdc, 0xff, 0xdc,
	0xff, 0xff, 0xff, 0xff, 0xff, 0xff, 0xff, 0xff, 0xff, 0xff, 0xff, 0xff,
	0xff, 0xff, 0xff, 0xff, 0xff, 0xff, 0xff, 0xff, 0xff, 0xff, 0xff, 0xff,
	0xff, 0xdc, 0xff, 0xdc, 0xff, 0xdc, 0xff, 0xdc, 0xff, 0xff, 0xff, 0xff,
	0xff, 0xff, 0xff, 0xff, 0xff, 0xff, 0xff, 0xff, 0xff, 0xff, 0xff, 0xff,
	0xff, 0xff, 0xff, 0xff, 0xff, 0xff, 0xff, 0xff, 0xff, 0xdc, 0xff, 0xdc,
	0xff, 0xdc, 0xff, 0xdc, 0xff, 0xff, 0xff, 0xff, 0xff, 0xff, 0xff, 0xff,
	0xff, 0xff, 0xff, 0xff, 0xff, 0xff, 0xff, 0xff, 0xff, 0xff, 0xff, 0xff,
	0xff, 0xff, 0xff, 0xff, 0xff, 0xdc, 0xff, 0xdc, 0xff, 0xdc, 0xff, 0xfe,
	0xff, 0xff, 0xff, 0xff, 0xff, 0xff, 0xff, 0xff, 0xff, 0xff, 0xff, 0xff,
	0xff, 0xff, 0xff, 0xff, 0xff, 0xff, 0xff, 0xff, 0xff, 0xff, 0xff, 0xff,
	0xff, 0xff, 0xff, 0xff, 0xff, 0xff, 0xff, 0xff, 0xff, 0xff, 0xff, 0xff,
	0xff, 0xff, 0xff, 0xff, 0xff, 0xff, 0xff, 0xff, 0xff, 0xff, 0xff, 0xff,
	0xff, 0xff, 0xff, 0xff, 0xff, 0xff, 0xff, 0xff, 0xff, 0xff, 0xff, 0xff,
	0xff, 0xff, 0xff, 0xff, 0xff, 0xff, 0xff, 0xff, 0xff, 0xff, 0xff, 0xff,
	0xff, 0xff, 0xff, 0xff, 0xff, 0xff, 0xff, 0xff, 0xff, 0xff, 0xff, 0xff,
	0xff, 0xff, 0xff, 0xff, 0xff, 0xff, 0xff, 0xff, 0xff, 0xff, 0xff, 0xff,
	0xff, 0xff, 0xff, 0xff, 0xff, 0xff, 0xff, 0xff, 0xff, 0xff, 0xff, 0xff,
	0xff, 0xff, 0xff, 0xff, 0xff, 0xff, 0xff, 0xff, 0xff, 0xff, 0xff, 0xff,
	0xff, 0xff, 0xff, 0xff, 0xff, 0xff, 0xff, 0xff, 0xff, 0xff, 0xff, 0xff,
	0xff, 0xff, 0xff, 0xff, 0xff, 0xff, 0xff, 0xff, 0xff, 0xff, 0xff, 0xff,
	0xff, 0xff, 0xff, 0xff, 0xff, 0xff, 0xff, 0xff, 0xff, 0xff, 0xff, 0xff,
	0xff, 0xff, 0xff, 0xff, 0xff, 0xff, 0xff, 0xff, 0xff, 0xff, 0xff, 0xff,
	0xff, 0xff, 0xff, 0xff, 0xff, 0xff, 0xff, 0xff, 0xff, 0xff, 0xff, 0xff,
	0xff, 0xff, 0xff, 0xff, 0xff, 0xff, 0xff, 0xff, 0xff, 0xff, 0xff, 0xff,
	0xff, 0xff, 0xff, 0xff, 0xff, 0xff, 0xff, 0xff, 0xff, 0xff, 0xff, 0xff,
	0xff, 0xff, 0xff, 0xff, 0xff, 0xff, 0xff, 0xff, 0xff, 0xff, 0xff, 0xff,
	0xff, 0xff, 0xff, 0xff, 0xff, 0xff, 0xff, 0xff, 0xff, 0xff, 0xff, 0xff,
	0xff, 0xff, 0xff, 0xff, 0xff, 0xff, 0xff, 0xff, 0xff, 0xff, 0xff, 0xff,
	0xff, 0xff, 0xff, 0xff, 0xff, 0xff, 0xff, 0x8e, 0xff, 0xff, 0xff, 0xff,
	0xff, 0xf7, 0xff, 0x40, 0xff, 0xff, 0xff, 0xff, 0xff, 0xff, 0xff, 0xff,
	0xff, 0xff, 0xff, 0xff, 0xff, 0xff, 0xff, 0xff, 0xff, 0x06, 0xff, 0x28,
	0xff, 0x28, 0xff, 0x28, 0xff, 0x00, 0xff, 0x20, 0xff, 0x40, 0xff, 0x40,
	0xff, 0xff, 0xff, 0xff, 0xff, 0xff, 0xff, 0xff, 0xff, 0xff, 0xff, 0xff,
	0xff, 0xff, 0xff, 0xff, 0xff, 0x28, 0xff, 0x28, 0xff, 0x28, 0xff, 0x28,
	0xff, 0x40, 0xff, 0x40, 0xff, 0x40, 0xff, 0x40, 0xff, 0xff, 0xff, 0xff,
	0xff, 0xff, 0xff, 0xff, 0xff, 0xff, 0xff, 0xff, 0xff, 0xff, 0xff, 0xff,
	0xff, 0x28, 0xff, 0x28, 0xff, 0x28, 0xff, 0x47, 0xff, 0x40, 0xff, 0x40,
	0xff, 0x00, 0xff, 0x00, 0xff, 0xff, 0xff, 0xff, 0xff, 0xff, 0xff, 0xff,
	0xff, 0xff, 0xff, 0xff, 0xff, 0xff, 0xff, 0xff, 0xfe, 0xa7, 0xff, 0x57,
	0xff, 0xff, 0xff, 0xff, 0xfe, 0x00, 0xfa, 0xd3, 0xff, 0xff, 0xff, 0xff,
	0xff, 0xff, 0xff, 0xff, 0xff, 0xff, 0xff, 0xff, 0xff, 0xff, 0xff, 0xff,
	0xff, 0xff, 0xff, 0xff, 0xff, 0xff, 0xff, 0xff, 0xff, 0xff, 0xff, 0xff,
	0xff, 0xff, 0xff, 0xff, 0xff, 0xff, 0xff, 0xff, 0xff, 0xff, 0xff, 0xff,
	0xff, 0xff, 0xff, 0xff, 0xff, 0xff, 0xff, 0xff, 0xff, 0xff, 0xff, 0xff,
	0xff, 0xff, 0xff, 0xff, 0xff, 0xff, 0xff, 0xff, 0xff, 0xff, 0xff, 0xff,
	0xff, 0xff, 0xff, 0xff, 0xff, 0xff, 0xff, 0xff, 0xff, 0xff, 0xff, 0xff,
	0xff, 0xff, 0xff, 0xff, 0xff, 0xff, 0xff, 0xff, 0xff, 0xff, 0xff, 0xff,
	0xff, 0xff, 0xff, 0xff, 0xff, 0xff, 0xff, 0xff, 0xff, 0xff, 0xff, 0xff,
	0xff, 0xff, 0xff, 0xff, 0xff, 0xff, 0xff, 0xff, 0xff, 0xff, 0xff, 0xff,
	0xff, 0xff, 0xff, 0xff, 0xfb, 0xde, 0xe7, 0x5c, 0xe3, 0x3c, 0xeb, 0x5c,
	0xce, 0x79, 0x99, 0x1e, 0x90, 0xff, 0x88, 0xdf, 0xff, 0xff, 0xff, 0xff,
	0xff, 0xff, 0xff, 0xff, 0xff, 0xff, 0xff, 0xff, 0xff, 0xff, 0xff, 0xff,
	0xf3, 0x9d, 0xff, 0xff, 0xff, 0xff, 0xff, 0xff, 0x95, 0x1f, 0xa9, 0x9b,
	0xbe, 0x38, 0xd2, 0xb8, 0xff, 0xff, 0xff, 0xff, 0xff, 0xff, 0xff, 0xff,
	0xff, 0xff, 0xff, 0xff, 0xff, 0xff, 0xff, 0xff, 0xff, 0xff, 0xff, 0xff,
	0xff, 0xff, 0xff, 0xff, 0xeb, 0x7b, 0xff, 0xff, 0xff, 0xff, 0xff, 0xff,
	0xff, 0xff, 0xff, 0xff, 0xff, 0xff, 0xff, 0xff, 0xff, 0xff, 0xff, 0xff,
	0xff, 0xff, 0xff, 0xff, 0xff, 0xff, 0xff, 0xff, 0xff, 0xff, 0xe7, 0x3a,
	0xff, 0xff, 0xff, 0xff, 0xef, 0x7b, 0xa9, 0xde, 0xff, 0xff, 0xe7, 0x5b,
	0xb2, 0x1c, 0xa9, 0xbf, 0xe3, 0x3b, 0xad, 0xdf, 0xa1, 0x9f, 0x9d, 0x5e,
	0xad, 0xff, 0xa1, 0x7f, 0x9d, 0x3e, 0x99, 0x3f, 0xa1, 0x5f, 0x99, 0x3f,
	0x99, 0x3f, 0x99, 0x1f, 0xa1, 0x5e, 0x9d, 0x5d, 0x9d, 0x3e, 0x99, 0x3e,
	0x9d, 0x3e, 0x99, 0x3f, 0x99, 0x1f, 0x95, 0x1e, 0x99, 0x1f, 0x99, 0x1f,
	0x99, 0x1f, 0x94, 0xfe, 0x99, 0x1f, 0x99, 0x1f, 0x95, 0x1f, 0x94, 0xff,
	0x99, 0x1e, 0x99, 0x1d, 0x95, 0x1c, 0x95, 0x1b, 0x94, 0xfe, 0x95, 0x1f,
	0x95, 0x1f, 0x95, 0x1f, 0x94, 0xfe, 0x94, 0xfe, 0x94, 0xff, 0x94, 0xfe,
	0x94, 0xff, 0x94, 0xff, 0x94, 0xff, 0x94, 0xfe, 0x99, 0x3c, 0x9d, 0x3f,
	0x84, 0x9f, 0xa8, 0xec, 0x94, 0xff, 0x94, 0xff, 0x84, 0xbf, 0x98, 0xd2,
	0x94, 0xfe, 0x90, 0xdd, 0x90, 0xdc, 0x80, 0x9a, 0x94, 0xfe, 0x90, 0xfd,
	0x90, 0xda, 0x90, 0xd9, 0xee, 0x03, 0xdd, 0xc7, 0xe6, 0x08, 0xea, 0x6a,
	0xee, 0x03, 0xf6, 0x46, 0xea, 0x49, 0xf2, 0xac, 0xa0, 0xf0, 0xdd, 0xe8,
	0xfe, 0xc8, 0xff, 0x4c, 0x80, 0x79, 0x80, 0x75, 0xa9, 0x31, 0xd2, 0x0e,
	0xee, 0x8c, 0xf2, 0xcd, 0xf6, 0xed, 0xee, 0x69, 0xf2, 0xcd, 0xf6, 0xee,
	0xfb, 0x0e, 0xf2, 0x89, 0xff, 0x4f, 0xfb, 0x10, 0xff, 0x30, 0xf2, 0xaa,
	0xf2, 0xee, 0xff, 0x6e, 0xff, 0xee, 0xe2, 0x6c, 0x94, 0xb3, 0x80, 0x96,
	0x84, 0x72, 0x84, 0x73, 0x94, 0xb2, 0x84, 0xb8, 0x95, 0x35, 0x90, 0xf5,
	0x90, 0x92, 0x84, 0xb8, 0x99, 0x3a, 0x99, 0x3a, 0x80, 0x55, 0x8c, 0xb5,
	0x90, 0xf7, 0x90, 0xda, 0x88, 0x94, 0x8c, 0xb4, 0x90, 0xd4, 0x8c, 0xd4,
	0x8c, 0xd3, 0x8c, 0xb1, 0x88, 0x8f, 0x88, 0x6f, 0x99, 0x39, 0x99, 0x36,
	0x95, 0x13, 0x90, 0xd0, 0x90, 0xfa, 0x95, 0x19, 0x9d, 0x39, 0x9d, 0x58,
	0x94, 0xf8, 0xa1, 0x56, 0xef, 0x7c, 0xff, 0xff, 0x88, 0x91, 0x90, 0xd6,
	0x9d, 0x36, 0xeb, 0x5a, 0x88, 0x8c, 0x84, 0x4b, 0x88, 0xb1, 0x90, 0xd0,
	0x99, 0x34, 0x90, 0xcf, 0xb5, 0xd0, 0xef, 0x7b, 0xff, 0xff, 0xff, 0xff,
	0xff, 0xff, 0xff, 0xff, 0xff, 0xff, 0xff, 0xff, 0xff, 0xff, 0xff, 0xff,
	0xfb, 0xde, 0xff, 0xff, 0xff, 0xff, 0xff, 0xff, 0xff, 0xff, 0xff, 0xff,
	0xff, 0xff, 0xff, 0xff, 0xff, 0xff, 0xff, 0xff, 0xff, 0xff, 0xff, 0xff,
	0xff, 0xff, 0xff, 0xff, 0xff, 0xff, 0xff, 0xff, 0xff, 0xff, 0xff, 0xff,
	0xff, 0xff, 0xff, 0xff, 0xff, 0xff, 0xff, 0xff, 0xff, 0xff, 0xff, 0xff,
	0xff, 0xff, 0xff, 0xff, 0xff, 0xff, 0xff, 0xff, 0xff, 0xff, 0xff, 0xff,
	0xff, 0xff, 0xff, 0xff, 0xff, 0xff, 0xff, 0xff, 0xff, 0xff, 0xff, 0xff,
	0xff, 0xff, 0xff, 0xff, 0xff, 0xff, 0xff, 0xff, 0xff, 0xff, 0xff, 0xff,
	0xff, 0xff, 0xff, 0xff, 0xff, 0xff, 0xff, 0xff, 0xff, 0xff, 0xff, 0xff,
	0xff, 0xff, 0xff, 0xff, 0xff, 0xff, 0xff, 0xff, 0xff, 0xff, 0xff, 0xff,
	0xff, 0xff, 0xff, 0xff, 0xff, 0xff, 0xff, 0xff, 0xff, 0xff, 0xff, 0xd9,
	0xff, 0xff, 0xff, 0xdc, 0xff, 0x8a, 0xff, 0x40, 0xff, 0xfb, 0xff, 0x82,
	0xff, 0x00, 0xfe, 0x60, 0xff, 0xa3, 0xfe, 0xe0, 0xfe, 0x03, 0xd2, 0x16,
	0xff, 0x90, 0xff, 0x6a, 0xff, 0x46, 0xff, 0x44, 0xff, 0x00, 0xfe, 0xe0,
	0xfe, 0xc0, 0xfe, 0xa0, 0xf2, 0x07, 0xcd, 0x8c, 0xb9, 0x2e, 0xa8, 0xef,
	0x95, 0x39, 0x80, 0xd8, 0x80, 0xb6, 0x80, 0xb5, 0xff, 0x43, 0xff, 0x44,
	0xff, 0x26, 0xff, 0x29, 0xfe, 0xa0, 0xfe, 0xa0, 0xfe, 0xc0, 0xfe, 0xe0,
	0xa0, 0xef, 0xa0, 0xee, 0xa8, 0xec, 0xb5, 0x2a, 0x80, 0xb5, 0x80, 0x95,
	0x80, 0x95, 0x80, 0x75, 0xff, 0x4c, 0xff, 0x51, 0xff, 0x97, 0xff, 0xde,
	0xff, 0x00, 0xff, 0x20, 0xfe, 0xe0, 0xfe, 0xc2, 0xc9, 0x67, 0xdd, 0xc5,
	0xf6, 0xc1, 0xff, 0x00, 0x80, 0x96, 0x80, 0x12, 0xc9, 0xe2, 0xff, 0xa0,
	0xff, 0xff, 0xff, 0xff, 0xff, 0xff, 0xff, 0xff, 0xfe, 0xaa, 0xff, 0xdf,
	0xff, 0xfb, 0xff, 0x88, 0xfa, 0x25, 0xff, 0x94, 0xff, 0xa0, 0xfe, 0xe0,
	0xff, 0x05, 0xff, 0xa0, 0xfe, 0x80, 0xfe, 0x07, 0xff, 0xb7, 0xff, 0x8d,
	0xff, 0x66, 0xff, 0x42, 0xff, 0x40, 0xff, 0x00, 0xfe, 0xa0, 0xfe, 0x80,
	0xfe, 0x40, 0xee, 0x09, 0xc9, 0x6f, 0xa8, 0xf1, 0xc9, 0xf7, 0x91, 0x3a,
	0x80, 0xd8, 0x80, 0xb6, 0xff, 0x41, 0xff, 0x21, 0xff, 0x23, 0xff, 0x27,
	0xfe, 0x60, 0xfe, 0x80, 0xfe, 0xa0, 0xff, 0x00, 0x98, 0xd1, 0x94, 0xb0,
	0x9c, 0xaf, 0xb1, 0x0b, 0x80, 0xb5, 0x80, 0x95, 0x80, 0x96, 0x80, 0x57,
	0xff, 0x2e, 0xff, 0x78, 0xff, 0xff, 0xff, 0xff, 0xff, 0x20, 0xfe, 0xe0,
	0xfe, 0xc9, 0xff, 0xbd, 0xd9, 0xc5, 0xff, 0x00, 0xff, 0x20, 0xfe, 0x82,
	0x80, 0x35, 0x98, 0x8d, 0xe6, 0x41, 0xff, 0x40, 0xff, 0xfd, 0xff, 0x22,
	0xfe, 0xe0, 0xff, 0x20, 0xff, 0xff, 0xff, 0x40, 0xff, 0x00, 0xfa, 0x60,
	0xff, 0x75, 0xff, 0xc4, 0xfe, 0x80, 0xcd, 0xb1, 0xff, 0x00, 0xff, 0xa1,
	0xfe, 0x60, 0xc5, 0xd6, 0xff, 0x40, 0xff, 0x40, 0xff, 0x40, 0xff, 0x40,
	0xfe, 0x40, 0xfe, 0x60, 0xfe, 0x60, 0xfe, 0x60, 0x94, 0xd4, 0x94, 0xb0,
	0x94, 0xb1, 0x98, 0xb0, 0x80, 0xda, 0x80, 0x95, 0x80, 0xb5, 0x80, 0xb5,
	0xff, 0x40, 0xff, 0x41, 0xfe, 0xc0, 0xfe, 0xd0, 0xfe, 0x60, 0xfe, 0x80,
	0xff, 0x20, 0xfe, 0xa2, 0x98, 0xd2, 0x90, 0x30, 0xda, 0x02, 0xff, 0xa0,
	0x80, 0xb6, 0x80, 0x37, 0x8c, 0x89, 0xff, 0x40, 0xff, 0xb1, 0xfe, 0xe0,
	0xff, 0x01, 0xff, 0x40, 0xff, 0x64, 0xff, 0x40, 0xfe, 0x80, 0xfa, 0x40,
	0xff, 0x20, 0xfe, 0xe0, 0xf2, 0x2a, 0xa1, 0x36, 0xff, 0x42, 0xfe, 0xa0,
	0xee, 0x4d, 0x89, 0x7d, 0xff, 0x40, 0xff, 0x40, 0xff, 0x40, 0xff, 0x21,
	0xfe, 0x60, 0xfe, 0x60, 0xfe, 0x60, 0xfe, 0xa0, 0x90, 0x90, 0x98, 0xd1,
	0x90, 0x73, 0xa0, 0xc9, 0x80, 0x54, 0x80, 0xb6, 0x80, 0x58, 0x88, 0x8b,
	0xfe, 0xe1, 0xfe, 0xe1, 0xff, 0x01, 0xff, 0x20, 0xff, 0x00, 0xff, 0x00,
	0xff, 0x00, 0xfe, 0x60, 0xff, 0x20, 0xff, 0x61, 0xfe, 0xa0, 0xd1, 0xb0,
	0xff, 0x20, 0xff, 0x61, 0xfe, 0x60, 0xc9, 0xf6, 0xff, 0x40, 0xff, 0x40,
	0xff, 0x40, 0xff, 0x40, 0xfe, 0x40, 0xfe, 0x60, 0xfe, 0x60, 0xfe, 0x60,
	0x94, 0xd4, 0x94, 0xb0, 0x94, 0xb0, 0x98, 0xd2, 0x80, 0xfa, 0x80, 0x75,
	0x80, 0xb5, 0x80, 0xb7, 0xff, 0x40, 0xff, 0x21, 0xfe, 0x40, 0xfe, 0xf1,
	0xfe, 0x80, 0xff, 0x20, 0xfe, 0x40, 0xfa, 0xb0, 0x90, 0x2f, 0xda, 0x42,
	0xfe, 0xc0, 0xfa, 0xd7, 0x80, 0x13, 0xce, 0x02, 0xff, 0x40, 0xfe, 0xec,
	0xff, 0xff, 0xff, 0xff, 0xff, 0xff, 0xff, 0xdc, 0xff, 0xff, 0xff, 0xfe,
	0xff, 0x8d, 0xff, 0x61, 0xff, 0xfd, 0xff, 0x83, 0xff, 0x20, 0xfe, 0x60,
	0xff, 0xe4, 0xfe, 0xc0, 0xfe, 0x02, 0xda, 0x13, 0xff, 0x92, 0xff, 0x6b,
	0xff, 0x47, 0xff, 0x45, 0xff, 0x20, 0xfe, 0xe0, 0xfe, 0xc0, 0xfe, 0xa0,
	0xfa, 0x25, 0xd9, 0xcb, 0xbd, 0x4d, 0xad, 0x0e, 0xa1, 0x59, 0x80, 0xd9,
	0x80, 0xb7, 0x80, 0x97, 0xff, 0x44, 0xff, 0x44, 0xff, 0x45, 0xff, 0x47,
	0xfe, 0xa0, 0xfe, 0xa0, 0xfe, 0xc0, 0xfe, 0xc0, 0xa4, 0xee, 0xa4, 0xee,
	0xa8, 0xee, 0xac, 0xed, 0x80, 0x96, 0x80, 0x96, 0x80, 0x97, 0x80, 0x39,
	0xff, 0x29, 0xff, 0x2e, 0xff, 0x71, 0xff, 0x97, 0xff, 0x00, 0xff, 0x00,
	0xfe, 0x40, 0xfa, 0x48, 0xb5, 0x28, 0xfb, 0x20, 0xfe, 0x60, 0xfa, 0xd4,
	0x80, 0x4d, 0xfb, 0x60, 0xfe, 0x40, 0xff, 0x7e, 0xff, 0xff, 0xff, 0xff,
	0xff, 0xff, 0xff, 0xff, 0xff, 0xff, 0xff, 0xff, 0xff, 0xff, 0xff, 0xff,
	0xff, 0xff, 0xff, 0xff, 0xff, 0xff, 0xff, 0xff, 0xff, 0xff, 0xff, 0xff,
	0xff, 0xff, 0xff, 0xff, 0xff, 0xff, 0xff, 0xff, 0xff, 0xff, 0xff, 0xff,
	0xff, 0xff, 0xff, 0xff, 0xff, 0xff, 0xff, 0xff, 0xff, 0xff, 0xff, 0xff,
	0xff, 0xff, 0xff, 0xff, 0xff, 0xff, 0xff, 0xff, 0xff, 0xff, 0xff, 0xff,
	0xff, 0xff, 0xff, 0xff, 0xff, 0xff, 0xff, 0xff, 0xff, 0xff, 0xff, 0xff,
	0xff, 0xff, 0xff, 0xff, 0xff, 0xff, 0xff, 0xff, 0xff, 0xff, 0xff, 0xff,
	0xff, 0xff, 0xff, 0xff, 0xff, 0xff, 0xff, 0xff, 0xff, 0xff, 0xff, 0xff,
	0xff, 0x83, 0xff, 0x40, 0xff, 0xff, 0xff, 0xce, 0xff, 0x60, 0xfe, 0x80,
	0xff, 0xfb, 0xff, 0x60, 0xff, 0x00, 0xfe, 0x23, 0xff, 0xa6, 0xff, 0x60,
	0xfe, 0x20, 0xf2, 0x94, 0xfe, 0x80, 0xf2, 0x02, 0xee, 0x23, 0xee, 0x22,
	0xfa, 0x4b, 0x99, 0x7b, 0x80, 0x52, 0x84, 0x93, 0xd2, 0x9d, 0x80, 0xd7,
	0x80, 0x73, 0x80, 0xb4, 0x8d, 0x9c, 0x80, 0x30, 0x80, 0xb3, 0x80, 0xb3,
	0xee, 0x22, 0xee, 0x22, 0xee, 0x22, 0xee, 0x22, 0x84, 0x93, 0x84, 0x93,
	0x84, 0x93, 0x84, 0x93, 0x80, 0xb4, 0x80, 0xb4, 0x80, 0xb4, 0x80, 0xb4,
	0x80, 0xb3, 0x80, 0xb3, 0x80, 0xb3, 0x80, 0xb3, 0xee, 0x22, 0xee, 0x03,
	0xfa, 0xc2, 0xff, 0x61, 0x88, 0xb5, 0x80, 0x13, 0xc9, 0xe3, 0xff, 0xe0,
	0x80, 0xb6, 0x80, 0x13, 0xc9, 0xe2, 0xff, 0xe0, 0x80, 0xb4, 0x80, 0x12,
	0xcd, 0xe2, 0xff, 0xe0, 0xfe, 0x40, 0xfe, 0xf5, 0xff, 0xff, 0xff, 0xff,
	0xfe, 0x40, 0xfe, 0xf5, 0xff, 0xff, 0xff, 0xff, 0xfe, 0x40, 0xfe, 0xf5,
	0xff, 0xff, 0xff, 0xff, 0xfe, 0x40, 0xfe, 0xf5, 0xff, 0xff, 0xff, 0xff,
	0xff, 0xff, 0xff, 0xff, 0xff, 0xff, 0xff, 0xff, 0xff, 0xff, 0xff, 0xff,
	0xff, 0xff, 0xff, 0xff, 0xff, 0xff, 0xff, 0xff, 0xff, 0xff, 0xff, 0xff,
	0xff, 0xff, 0xff, 0xff, 0xff, 0xff, 0xff, 0xff, 0xff, 0xff, 0xff, 0xff,
	0xff, 0xff, 0xff, 0xff, 0xff, 0xff, 0xff, 0xff, 0xff, 0xff, 0xff, 0xff,
	0xff, 0xff, 0xff, 0xff, 0xff, 0xff, 0xff, 0xff, 0xff, 0xff, 0xff, 0xff,
	0xff, 0xff, 0xff, 0xff, 0xff, 0xff, 0xff, 0xff, 0xff, 0xff, 0xff, 0xff,
	0xff, 0xff, 0xff, 0xff, 0xff, 0xff, 0xff, 0xff, 0xfb, 0xde, 0xfb, 0xde,
	0xfb, 0xde, 0xfb, 0xde, 0xfb, 0xde, 0xfb, 0xde, 0xfb, 0xde, 0xfb, 0xde,
	0xde, 0xfa, 0x8c, 0x92, 0xcd, 0x87, 0xc1, 0xb3, 0xff, 0xff, 0xa9, 0x97,
	0xc9, 0x6b, 0xfe, 0xe3, 0xfb, 0xde, 0xf3, 0x9d, 0x84, 0x76, 0xe1, 0xe7,
	0xfb, 0xde, 0xfb, 0xde, 0xbd, 0xf8, 0xa4, 0xd0, 0x9c, 0xfa, 0x8c, 0xdf,
	0x88, 0xdf, 0x95, 0x1f, 0xea, 0x68, 0xcd, 0xab, 0xb1, 0x53, 0x90, 0xde,
	0xfe, 0xca, 0xf6, 0xa8, 0xf6, 0x64, 0xd9, 0xc7, 0xfa, 0x65, 0xee, 0xac,
	0xea, 0x6b, 0xf2, 0x67, 0x95, 0x1a, 0xa1, 0x75, 0xba, 0x15, 0xce, 0xb7,
	0x84, 0xbf, 0x90, 0xff, 0x90, 0xfb, 0x90, 0xf7, 0xad, 0x33, 0x84, 0xbf,
	0x8c, 0xdf, 0x94, 0xfe, 0xf2, 0x23, 0xbd, 0x6c, 0x88, 0xbe, 0x90, 0xff,
	0xeb, 0x5b, 0xef, 0x7c, 0xad, 0xda, 0xa1, 0x7f, 0x99, 0x36, 0xa5, 0xbc,
	0xa1, 0x7f, 0x99, 0x3f, 0x9d, 0x3f, 0x9d, 0x5f, 0x9d, 0x3f, 0x9d, 0x3f,
	0x9d, 0x3f, 0x9d, 0x3e, 0x9d, 0x3f, 0x99, 0x3f, 0x99, 0x1f, 0x99, 0x3f,
	0x99, 0x3f, 0x9d, 0x1f, 0x99, 0x3f, 0x99, 0x1f, 0x9d, 0x3f, 0x9d, 0x3f,
	0x99, 0x1f, 0x9d, 0x3f, 0x9d, 0x3f, 0x9d, 0x3f, 0x9d, 0x3f, 0x9d, 0x3f,
	0x9d, 0x3f, 0x9d, 0x3f, 0x99, 0x1f, 0x99, 0x1f, 0x99, 0x1f, 0x94, 0xff,
	0x99, 0x1f, 0x99, 0x1f, 0x99, 0x1f, 0x95, 0x1f, 0x9d, 0x1f, 0x99, 0x1f,
	0x99, 0x1f, 0x99, 0x1f, 0x9d, 0x3f, 0x99, 0x1f, 0x99, 0x1f, 0x99, 0x1f,
	0x94, 0xff, 0x94, 0xff, 0x94, 0xfe, 0x94, 0xfe, 0x94, 0xff, 0x94, 0xff,
	0x94, 0xff, 0x94, 0xff, 0x98, 0xff, 0x94, 0xff, 0x94, 0xff, 0x94, 0xff,
	0x99, 0x1f, 0x94, 0xff, 0x94, 0xff, 0x94, 0xff, 0x94, 0xfe, 0x94, 0xfd,
	0x90, 0xdb, 0x90, 0xd9, 0x94, 0xfe, 0x94, 0xfe, 0x94, 0xfd, 0x94, 0xfb,
	0x94, 0xff, 0x94, 0xff, 0x94, 0xfe, 0x94, 0xfe, 0x94, 0xff, 0x95, 0x1f,
	0x90, 0xff, 0x90, 0xdf, 0x90, 0xd7, 0x88, 0xb7, 0x80, 0x57, 0x80, 0x36,
	0x90, 0xf9, 0x90, 0xf7, 0x90, 0xf5, 0x8c, 0xd3, 0x90, 0xff, 0x90, 0xff,
	0x90, 0xdd, 0x90, 0xdc, 0x8c, 0xbe, 0x8c, 0xbb, 0x88, 0x99, 0x88, 0x9b,
	0x90, 0xb4, 0xb1, 0x73, 0xb9, 0xd1, 0x98, 0xf5, 0x84, 0x93, 0x80, 0x58,
	0x80, 0x3b, 0x88, 0x9d, 0x90, 0xf8, 0x90, 0xf3, 0x90, 0xd7, 0x8c, 0xbc,
	0x8c, 0xbd, 0x8c, 0xdb, 0x90, 0xf4, 0x90, 0xd6, 0x84, 0x78, 0x8c, 0xd0,
	0x90, 0xf4, 0x8c, 0xd9, 0x8c, 0xb6, 0x88, 0x8e, 0x90, 0xf3, 0x90, 0xd7,
	0x88, 0xb7, 0x8c, 0xb4, 0x90, 0xd3, 0x90, 0xd5, 0x8c, 0xda, 0x8c, 0xd8,
	0x8c, 0xd4, 0x90, 0xd5, 0x90, 0xda, 0x94, 0xfa, 0x94, 0xf9, 0x94, 0xf8,
	0x90, 0xd9, 0x90, 0xda, 0x94, 0xf9, 0x94, 0xf9, 0x8c, 0xd8, 0x90, 0xd9,
	0x94, 0xf9, 0x94, 0xf9, 0x90, 0xd8, 0x90, 0xd9, 0x94, 0xf9, 0x94, 0xf9,
	0x99, 0x39, 0x9d, 0x59, 0xb5, 0xf6, 0xe7, 0x3a, 0x94, 0xf8, 0x94, 0xf8,
	0x99, 0x19, 0x9d, 0x58, 0x94, 0xf8, 0x94, 0xf8, 0x94, 0xf8, 0x94, 0xf7,
	0x94, 0xf9, 0x94, 0xf8, 0x94, 0xf7, 0x94, 0xf8, 0xff, 0xff, 0xff, 0xff,
	0xff, 0xff, 0xff, 0xff, 0xb5, 0xd5, 0xe7, 0x5a, 0xff, 0xff, 0xff, 0xff,
	0x9d, 0x39, 0x9d, 0x57, 0xd2, 0xb7, 0xfb, 0xde, 0x94, 0xf8, 0x99, 0x18,
	0x9d, 0x59, 0xc6, 0x55, 0xff, 0xff, 0xff, 0xff, 0xff, 0xff, 0xff, 0xff,
	0xff, 0xff, 0xff, 0xff, 0xff, 0xff, 0xff, 0xff, 0xfb, 0xde, 0xfb, 0xde,
	0xfb, 0xde, 0xfb, 0xde, 0xfb, 0xde, 0xfb, 0xde, 0xfb, 0xde, 0xfb, 0xde,
	0xff, 0xff, 0xff, 0xff, 0xff, 0xff, 0xff, 0xff, 0xff, 0xff, 0xff, 0xff,
	0xff, 0xff, 0xff, 0xff, 0xfb, 0xde, 0xfb, 0xde, 0xfb, 0xde, 0xfb, 0xde,
	0xfb, 0xde, 0xfb, 0xde, 0xfb, 0xde, 0xfb, 0xde, 0xff, 0xff, 0xff, 0xff,
	0xff, 0xff, 0xff, 0xd1, 0xff, 0xff, 0xff, 0xff, 0xff, 0xff, 0xff, 0xa6,
	0xfb, 0xde, 0xff, 0xff, 0xff, 0xfe, 0xff, 0x81, 0xfb, 0xde, 0xff, 0xff,
	0xff, 0xfc, 0xff, 0x80, 0xff, 0x40, 0xfe, 0x22, 0xda, 0x7a, 0x85, 0x7b,
	0xfe, 0x80, 0xfa, 0x90, 0x95, 0xde, 0x80, 0x0e, 0xfe, 0x60, 0xd6, 0x35,
	0x81, 0x17, 0x80, 0x90, 0xfe, 0x60, 0xbd, 0xd5, 0x80, 0xd4, 0x80, 0xb1,
	0x80, 0x70, 0x80, 0x90, 0x80, 0xb1, 0x80, 0xb2, 0x80, 0xb1, 0x80, 0xb1,
	0x80, 0xd2, 0x80, 0x73, 0x80, 0xb2, 0x80, 0xd2, 0x80, 0x71, 0x9c, 0xe8,
	0x80, 0xb2, 0x80, 0xd3, 0x80, 0x0f, 0xee, 0x40, 0x80, 0xd2, 0x80, 0xd2,
	0x80, 0xd2, 0x80, 0xd2, 0x80, 0x12, 0x80, 0x32, 0x80, 0x32, 0x80, 0x53,
	0xbd, 0xc4, 0xc1, 0xa5, 0xc1, 0x85, 0xb5, 0x66, 0xff, 0xe0, 0xff, 0xa0,
	0xff, 0xc0, 0xff, 0xc0, 0x80, 0xd4, 0x80, 0x2d, 0xee, 0xa0, 0xff, 0x80,
	0x80, 0x15, 0x8c, 0xa8, 0xff, 0x80, 0xff, 0x22, 0xa8, 0xc9, 0xca, 0x22,
	0xff, 0xc0, 0xff, 0x21, 0xff, 0x80, 0xff, 0x60, 0xff, 0x22, 0xfe, 0xc0,
	0xff, 0x40, 0xfe, 0x80, 0xfe, 0x0b, 0xb6, 0x3e, 0xfe, 0xc0, 0xfe, 0x28,
	0xba, 0x9f, 0x80, 0x74, 0xfe, 0x40, 0xde, 0x99, 0x80, 0xf8, 0x80, 0x51,
	0xfe, 0x8a, 0xa5, 0xfd, 0x80, 0x11, 0x80, 0xb3, 0x80, 0xf8, 0x80, 0x52,
	0x80, 0x92, 0x80, 0xb3, 0x80, 0x51, 0x80, 0xb3, 0x80, 0xb3, 0x80, 0xb3,
	0x80, 0xb3, 0x80, 0xb3, 0x80, 0xd4, 0x80, 0x75, 0x80, 0xb3, 0x80, 0xd4,
	0x80, 0x35, 0x88, 0x4b, 0x80, 0xb3, 0x80, 0xb3, 0x80, 0xb3, 0x80, 0xb3,
	0x80, 0xb5, 0x80, 0xb5, 0x80, 0xb4, 0x80, 0xb3, 0x80, 0x11, 0x80, 0x4e,
	0x80, 0x51, 0x80, 0x75, 0xca, 0x02, 0xee, 0xc0, 0xe2, 0x21, 0x9c, 0xcd,
	0x80, 0xb4, 0x80, 0x57, 0x80, 0x11, 0xde, 0x21, 0x80, 0xb3, 0x80, 0xd3,
	0x80, 0x77, 0x80, 0x0e, 0x80, 0xb3, 0x80, 0xb3, 0x80, 0xd4, 0x80, 0x15,
	0x80, 0x76, 0x80, 0xb3, 0x80, 0xb3, 0x80, 0xb6, 0xff, 0x80, 0xff, 0x21,
	0xfe, 0x80, 0xc5, 0xd4, 0xf6, 0xa0, 0xff, 0xa0, 0xfe, 0x60, 0xc5, 0xd4,
	0xa9, 0x06, 0xff, 0xc0, 0xfe, 0x80, 0xc5, 0xd4, 0x80, 0x2e, 0xf6, 0xe0,
	0xfe, 0xe0, 0xc5, 0xd4, 0x80, 0xd7, 0x80, 0x92, 0x80, 0xb3, 0x80, 0xb3,
	0x80, 0xd7, 0x80, 0x92, 0x80, 0xb3, 0x80, 0xb3, 0x80, 0xd7, 0x80, 0x92,
	0x80, 0xb3, 0x80, 0xb3, 0x80, 0xd7, 0x80, 0x92, 0x80, 0xb3, 0x80, 0xb3,
	0x80, 0xb3, 0x80, 0xd5, 0x80, 0x12, 0xd5, 0xe1, 0x80, 0xb3, 0x80, 0xb3,
	0x80, 0x76, 0x8c, 0x8a, 0x80, 0xb3, 0x80, 0xb3, 0x80, 0xd5, 0x80, 0x12,
	0x80, 0xb3, 0x80, 0xb3, 0x80, 0xb3, 0x80, 0x76, 0xff, 0xc0, 0xfe, 0xc0,
	0xee, 0x2c, 0x8d, 0x5a, 0xff, 0x40, 0xff, 0x00, 0xee, 0x2c, 0x91, 0x5a,
	0xd1, 0xe2, 0xff, 0x80, 0xee, 0x2c, 0x91, 0x5a, 0x8c, 0x8b, 0xfe, 0xe0,
	0xf6, 0x6b, 0x91, 0x5a, 0x80, 0x52, 0x80, 0xb3, 0x80, 0x75, 0x90, 0xaa,
	0x80, 0x52, 0x80, 0xb3, 0x80, 0x75, 0x90, 0xaa, 0x80, 0x52, 0x80, 0xb3,
	0x80, 0x75, 0x90, 0xaa, 0x80, 0x72, 0x80, 0xb3, 0x80, 0x75, 0x90, 0xaa,
	0xff, 0x20, 0xff, 0x61, 0xfe, 0x80, 0xc9, 0xd3, 0xff, 0x20, 0xff, 0x61,
	0xfe, 0x80, 0xc9, 0xd3, 0xff, 0x20, 0xff, 0x61, 0xfe, 0x80, 0xc9, 0xd3,
	0xff, 0x20, 0xff, 0x61, 0xfe, 0x80, 0xc9, 0xd3, 0x80, 0xf7, 0x80, 0x92,
	0x80, 0xb3, 0x80, 0xb4, 0x80, 0xf7, 0x80, 0x92, 0x80, 0xb3, 0x80, 0xb5,
	0x80, 0xf7, 0x80, 0x92, 0x80, 0xb3, 0x80, 0xb5, 0x80, 0xf7, 0x80, 0x92,
	0x80, 0xb3, 0x80, 0xb5, 0x80, 0x11, 0xd2, 0x02, 0xff, 0xa0, 0xff, 0x40,
	0x80, 0x11, 0xd6, 0x22, 0xff, 0xc0, 0xfe, 0xe0, 0x80, 0x11, 0xd6, 0x02,
	0xff, 0xe0, 0xfe, 0x40, 0x80, 0x11, 0xd6, 0x22, 0xff, 0x80, 0xfe, 0x67,
	0xfe, 0xc0, 0xfe, 0x06, 0xca, 0x5c, 0x89, 0x5b, 0xfe, 0x23, 0xd2, 0x9d,
	0x80, 0xf8, 0x80, 0x30, 0xee, 0x95, 0x85, 0x7c, 0x80, 0x10, 0x80, 0xb3,
	0xb6, 0x1d, 0x80, 0x32, 0x80, 0xb3, 0x80, 0xb3, 0x80, 0x73, 0x80, 0x72,
	0x80, 0x92, 0x80, 0xb3, 0x80, 0xb3, 0x80, 0xb3, 0x80, 0xb3, 0x80, 0xb4,
	0x80, 0xb3, 0x80, 0xb3, 0x80, 0xd5, 0x80, 0x54, 0x80, 0xb3, 0x80, 0xb5,
	0x80, 0x11, 0xa0, 0xe7, 0x80, 0xb3, 0x80, 0xb3, 0x80, 0xb4, 0x80, 0x14,
	0x80, 0xb5, 0x80, 0xb5, 0x80, 0xd5, 0x80, 0x10, 0x80, 0x11, 0x80, 0x31,
	0x80, 0x57, 0x80, 0x4d, 0xd6, 0x21, 0xde, 0x41, 0xa4, 0x8b, 0x94, 0xe8,
	0xb1, 0x85, 0xff, 0x80, 0xfe, 0x28, 0xff, 0xff, 0xda, 0x81, 0xff, 0x00,
	0xfa, 0x90, 0xff, 0xff, 0xfb, 0x40, 0xfe, 0x60, 0xff, 0x19, 0xff, 0xff,
	0xff, 0xa0, 0xfe, 0x23, 0xff, 0xbf, 0xff, 0xff, 0xff, 0xff, 0xff, 0xff,
	0xff, 0xff, 0xff, 0xff, 0xff, 0xff, 0xff, 0xff, 0xff, 0xff, 0xff, 0xff,
	0xfb, 0xde, 0xfb, 0xde, 0xfb, 0xde, 0xfb, 0xde, 0xfb, 0xde, 0xfb, 0xde,
	0xfb, 0xde, 0xfb, 0xde, 0xff, 0xff, 0xff, 0xff, 0xff, 0xff, 0xff, 0xff,
	0xff, 0xff, 0xff, 0xff, 0xff, 0xff, 0xff, 0xff, 0xfb, 0xde, 0xfb, 0xde,
	0xfb, 0xde, 0xfb, 0xde, 0xfb, 0xde, 0xfb, 0xde, 0xfb, 0xde, 0xfb, 0xde,
	0xff, 0xff, 0xff, 0xff, 0xff, 0xff, 0xff, 0xd4, 0xff, 0xff, 0xff, 0xff,
	0xff, 0xfe, 0xff, 0x60, 0xff, 0xff, 0xff, 0xff, 0xff, 0xaa, 0xff, 0x60,
	0xff, 0xff, 0xff, 0xf8, 0xff, 0x60, 0xfe, 0xe0, 0xff, 0x60, 0xfe, 0xa0,
	0xfe, 0x68, 0xb2, 0x5f, 0xff, 0x40, 0xfe, 0x20, 0xde, 0x9a, 0x80, 0xf8,
	0xfe, 0x40, 0xfe, 0x90, 0x99, 0xfe, 0x80, 0x10, 0xfe, 0x45, 0xc2, 0x7e,
	0x80, 0x73, 0x80, 0x92, 0x80, 0x32, 0x80, 0xb3, 0x80, 0xb3, 0x80, 0xb3,
	0x80, 0x71, 0x80, 0xb3, 0x80, 0xb3, 0x80, 0xb3, 0x80, 0xb3, 0x80, 0xb3,
	0x80, 0xb3, 0x80, 0xb3, 0x80, 0xb3, 0x80, 0xb3, 0x80, 0xb3, 0x80, 0xb3,
	0x80, 0xb3, 0x80, 0xb3, 0x80, 0xb3, 0x80, 0xb3, 0x80, 0xb3, 0x80, 0xb3,
	0x80, 0xb3, 0x80, 0xb3, 0x80, 0xb3, 0x80, 0xb3, 0x80, 0xb3, 0x80, 0xb3,
	0x80, 0xb3, 0x80, 0xb3, 0x80, 0xb3, 0x80, 0xb3, 0x80, 0xb4, 0x80, 0x12,
	0xcd, 0xe2, 0xff, 0xe0, 0x80, 0xb4, 0x80, 0x12, 0xcd, 0xe2, 0xff, 0xe0,
	0x80, 0xb4, 0x80, 0x12, 0xcd, 0xe2, 0xff, 0xe0, 0x80, 0xb4, 0x80, 0x12,
	0xcd, 0xe2, 0xff, 0xe0, 0xfe, 0x40, 0xfe, 0xf5, 0xff, 0xff, 0xff, 0xff,
	0xfe, 0x40, 0xfe, 0xf5, 0xff, 0xff, 0xff, 0xff, 0xfe, 0x40, 0xfe, 0xf5,
	0xff, 0xff, 0xfb, 0xde, 0xfe, 0x40, 0xfe, 0xf5, 0xff, 0xff, 0xfb, 0xde,
	0xff, 0xff, 0xff, 0xff, 0xff, 0xff, 0xff, 0xff, 0xff, 0xff, 0xff, 0xff,
	0xff, 0xff, 0xff, 0xff, 0xfb, 0xde, 0xfb, 0xde, 0xfb, 0xde, 0xfb, 0xde,
	0xfb, 0xde, 0xfb, 0xde, 0xfb, 0xde, 0xfb, 0xde, 0xff, 0xff, 0xff, 0xff,
	0xff, 0xff, 0xff, 0xff, 0xff, 0xff, 0xff, 0xff, 0xff, 0xff, 0xff, 0xff,
	0xfb, 0xde, 0xfb, 0xde, 0xfb, 0xde, 0xfb, 0xde, 0xfb, 0xde, 0xfb, 0xde,
	0xfb, 0xde, 0xfb, 0xde, 0xfb, 0xde, 0xfb, 0xde, 0xfb, 0xde, 0xfb, 0xde,
	0xfb, 0xde, 0xfb, 0xde, 0xfb, 0xde, 0xfb, 0xde, 0xfb, 0xde, 0xfb, 0xde,
	0xfb, 0xde, 0xfb, 0xde, 0xfb, 0xde, 0xfb, 0xde, 0xfb, 0xde, 0xfb, 0xde,
	0xfb, 0xde, 0xfb, 0xde, 0xfb, 0xde, 0x88, 0x96, 0xfb, 0xde, 0xfb, 0xde,
	0xfb, 0xde, 0xd6, 0xb9, 0xfb, 0xde, 0xfb, 0xde, 0xfb, 0xde, 0xfb, 0xde,
	0xfb, 0xde, 0xfb, 0xde, 0xfb, 0xde, 0xfb, 0xde, 0xc9, 0x69, 0xfe, 0xa8,
	0xee, 0x8c, 0xea, 0x6b, 0x90, 0x94, 0xee, 0x04, 0xfa, 0xcc, 0xee, 0xac,
	0xa1, 0x37, 0xac, 0xed, 0xfe, 0x86, 0xf2, 0xce, 0xf3, 0x9c, 0x80, 0x57,
	0xd1, 0x87, 0xff, 0x0b, 0xea, 0x4a, 0xfa, 0x63, 0xc1, 0x6c, 0x88, 0xde,
	0xee, 0x8c, 0xf2, 0xaa, 0xf2, 0x88, 0xa5, 0x59, 0xf2, 0xcd, 0xf6, 0xec,
	0xf2, 0xcc, 0xa5, 0x79, 0xf2, 0xef, 0xff, 0x2d, 0xea, 0xce, 0x9d, 0x5b,
	0x9d, 0x3f, 0x9d, 0x3f, 0x99, 0x3f, 0x99, 0x1f, 0x95, 0x3f, 0x9d, 0x3f,
	0x99, 0x1f, 0x9d, 0x3f, 0x95, 0x3f, 0x99, 0x3f, 0x99, 0x1f, 0x9d, 0x3f,
	0x99, 0x3f, 0x99, 0x1f, 0x99, 0x1f, 0x9d, 0x3f, 0x9d, 0x3f, 0x9d, 0x3f,
	0x9d, 0x3f, 0x9d, 0x3f, 0x9d, 0x3f, 0x9d, 0x3f, 0x9d, 0x3f, 0x9d, 0x3f,
	0x9d, 0x3f, 0x9d, 0x3f, 0x9d, 0x3f, 0x9d, 0x3f, 0x9d, 0x3f, 0x9d, 0x3f,
	0x9d, 0x3f, 0x9d, 0x3f, 0x9d, 0x3f, 0x9d, 0x1f, 0x9d, 0x1f, 0x9d, 0x1f,
	0x9d, 0x3f, 0x9d, 0x1f, 0x9d, 0x1f, 0x99, 0x1f, 0x9d, 0x3f, 0x9d, 0x1f,
	0x9d, 0x1f, 0x99, 0x1f, 0x9d, 0x3f, 0x9d, 0x3f, 0x9d, 0x1f, 0x9d, 0x1f,
	0x99, 0x1f, 0x94, 0xff, 0x94, 0xff, 0x94, 0xff, 0x99, 0x1f, 0x98, 0xff,
	0x94, 0xff, 0x99, 0x3f, 0x98, 0xff, 0x94, 0xff, 0x95, 0x1f, 0xa1, 0x5f,
	0x99, 0x1f, 0x94, 0xff, 0x99, 0x3f, 0x9d, 0x5f, 0x99, 0x3f, 0x95, 0x1f,
	0x90, 0xdf, 0x88, 0x98, 0x9d, 0x5f, 0x90, 0xde, 0x80, 0x33, 0x80, 0x2a,
	0x99, 0x1f, 0x80, 0x33, 0x84, 0x6a, 0xce, 0x72, 0x84, 0x79, 0x80, 0x2b,
	0xda, 0xd5, 0xff, 0xfe, 0x80, 0x0e, 0x80, 0x0b, 0x80, 0x0b, 0x80, 0x0d,
	0xa1, 0x2b, 0xb5, 0xaf, 0xb1, 0xaf, 0x9d, 0x0e, 0xef, 0x79, 0xef, 0x7a,
	0xeb, 0x59, 0xe7, 0x38, 0xf7, 0xbd, 0xf7, 0xbd, 0xf3, 0x9c, 0xef, 0x7b,
	0x84, 0x71, 0x8c, 0x99, 0x8c, 0xbb, 0x90, 0xf5, 0x80, 0x2e, 0x80, 0x52,
	0x8c, 0xb9, 0x8c, 0xda, 0xc6, 0x34, 0x84, 0x73, 0x84, 0x78, 0x90, 0xbb,
	0xf3, 0x99, 0xc6, 0x57, 0x84, 0x79, 0x8c, 0xbc, 0x90, 0xf6, 0x90, 0xd8,
	0x8c, 0xd5, 0x90, 0xd5, 0x90, 0xf6, 0x90, 0xf6, 0x8c, 0xd6, 0x8c, 0xd6,
	0x8c, 0xd8, 0x90, 0xd5, 0x8c, 0xd6, 0x8c, 0xd7, 0x8c, 0xba, 0x8c, 0xd5,
	0x8c, 0xd4, 0x90, 0xd7, 0x90, 0xd7, 0x90, 0xf9, 0x94, 0xf9, 0x94, 0xf9,
	0x90, 0xf6, 0x90, 0xf7, 0x94, 0xf8, 0x94, 0xf8, 0x90, 0xd5, 0x90, 0xf5,
	0x94, 0xf8, 0x94, 0xf8, 0x90, 0xd6, 0x94, 0xf4, 0x94, 0xf7, 0x90, 0xd7,
	0x94, 0xf9, 0x94, 0xf8, 0x94, 0xf8, 0x94, 0xf8, 0x94, 0xf8, 0x94, 0xf7,
	0x94, 0xf8, 0x94, 0xf8, 0x94, 0xf7, 0x90, 0xd7, 0x90, 0xd7, 0x94, 0xd7,
	0x90, 0xd6, 0x90, 0xd7, 0x90, 0xd6, 0x90, 0xd6, 0x94, 0xf8, 0x94, 0xf7,
	0x95, 0x18, 0xa5, 0x78, 0x94, 0xf8, 0x94, 0xf7, 0x94, 0xf4, 0xff, 0xff,
	0x94, 0xf7, 0x94, 0xf7, 0xc6, 0x56, 0xff, 0xff, 0x90, 0xd6, 0x90, 0xd6,
	0xef, 0x7b, 0xff, 0xff, 0xda, 0xf8, 0xfb, 0xde, 0xeb, 0x5a, 0xef, 0x7b,
	0xff, 0xff, 0xff, 0xff, 0xff, 0xff, 0xde, 0xf7, 0xff, 0xff, 0xff, 0xff,
	0xff, 0xff, 0xe3, 0x19, 0xff, 0xff, 0xff, 0xff, 0xfb, 0xde, 0xdf, 0x18,
	0xfb, 0xde, 0xfb, 0xde, 0xfb, 0xde, 0xfb, 0xde, 0xfb, 0xde, 0xfb, 0xde,
	0xfb, 0xde, 0xfb, 0xde, 0xfb, 0xde, 0xfb, 0xde, 0xfb, 0xde, 0xfb, 0xde,
	0xfb, 0xde, 0xfb, 0xde, 0xfb, 0xde, 0xfb, 0xde, 0xfb, 0xde, 0xff, 0xff,
	0xff, 0xfd, 0xff, 0x60, 0xfb, 0xde, 0xff, 0xff, 0xff, 0xff, 0xff, 0x64,
	0xfb, 0xde, 0xfb, 0xde, 0xff, 0xff, 0xff, 0x6b, 0xfb, 0xde, 0xfb, 0xde,
	0xff, 0xff, 0xff, 0xbb, 0xfe, 0x60, 0xb9, 0x94, 0x80, 0xf5, 0x80, 0xb1,
	0xfe, 0xa0, 0xb9, 0x2f, 0x80, 0xd9, 0x80, 0xb1, 0xff, 0x20, 0xe1, 0xc4,
	0x80, 0x35, 0x80, 0x75, 0xfe, 0xe0, 0xff, 0x00, 0xd5, 0xc3, 0x94, 0x8d,
	0x80, 0xb2, 0x80, 0xd2, 0x80, 0xb2, 0x94, 0xcd, 0x80, 0xb2, 0x80, 0xb1,
	0x80, 0xd2, 0x80, 0xb4, 0x80, 0xd3, 0x80, 0xd3, 0x80, 0xd2, 0x80, 0xd2,
	0x80, 0x30, 0x80, 0x32, 0x80, 0x32, 0x80, 0x33, 0xb5, 0x2a, 0xc5, 0x68,
	0xd5, 0xa6, 0xea, 0x03, 0x80, 0x75, 0x80, 0x75, 0x80, 0x74, 0x80, 0x73,
	0x80, 0xb1, 0x80, 0xb1, 0x80, 0xb2, 0x80, 0xd3, 0x80, 0x93, 0x80, 0xb1,
	0x80, 0xd2, 0x80, 0xb1, 0xfe, 0xe0, 0xff, 0x60, 0xff, 0x42, 0xfe, 0x60,
	0x98, 0x8d, 0xde, 0x22, 0xff, 0xa0, 0xfe, 0x60, 0x80, 0x76, 0x80, 0x0e,
	0xee, 0xc0, 0xfe, 0xe0, 0x80, 0xd2, 0x80, 0x13, 0xb5, 0x65, 0xff, 0x00,
	0xea, 0x72, 0x85, 0x5b, 0x80, 0x51, 0x80, 0xb3, 0xd2, 0x14, 0x80, 0xf7,
	0x80, 0x92, 0x80, 0xb3, 0xc5, 0xd5, 0x80, 0xd6, 0x80, 0x93, 0x80, 0xb4,
	0xc1, 0x94, 0x80, 0xd7, 0x80, 0x92, 0x80, 0xb5, 0x80, 0xd4, 0x80, 0x35,
	0x94, 0x68, 0xf7, 0x20, 0x80, 0x95, 0x84, 0x2b, 0xf7, 0x20, 0xff, 0xc0,
	0x80, 0x12, 0xc5, 0xe2, 0xff, 0xe0, 0xfe, 0xc2, 0x80, 0x10, 0xea, 0x80,
	0xff, 0xc0, 0xfe, 0xe2, 0xff, 0xe0, 0xff, 0x61, 0xff, 0xa0, 0xfe, 0x40,
	0xfe, 0xe2, 0xff, 0x02, 0xff, 0x42, 0xfe, 0xc0, 0xff, 0x01, 0xff, 0x01,
	0xff, 0x61, 0xfe, 0x60, 0xff, 0x02, 0xff, 0x62, 0xfe, 0xc0, 0xfe, 0x68,
	0x98, 0xd3, 0x80, 0xb5, 0x80, 0xb3, 0x80, 0xd5, 0xd9, 0xce, 0x81, 0x19,
	0x80, 0x72, 0x80, 0xb4, 0xe6, 0x54, 0x81, 0x38, 0x80, 0x72, 0x80, 0xd4,
	0xba, 0x5d, 0x80, 0x52, 0x80, 0xb3, 0x80, 0xd4, 0x80, 0x11, 0xd6, 0x41,
	0xff, 0x20, 0xc5, 0xd4, 0x80, 0x13, 0xc5, 0xe3, 0xff, 0x20, 0xc5, 0xb4,
	0x80, 0x13, 0xc1, 0xe3, 0xff, 0x20, 0xc5, 0xb4, 0x80, 0x12, 0xca, 0x22,
	0xff, 0x20, 0xc5, 0xb4, 0x80, 0xd7, 0x80, 0x92, 0x80, 0xb3, 0x80, 0xb3,
	0x80, 0xd7, 0x80, 0x92, 0x80, 0xb3, 0x80, 0xb3, 0x80, 0xd7, 0x80, 0x92,
	0x80, 0xb4, 0x80, 0x91, 0x80, 0xd7, 0x80, 0x92, 0x80, 0xb4, 0x80, 0x31,
	0x80, 0xb3, 0x80, 0xb3, 0x80, 0xb3, 0x80, 0xd5, 0x80, 0x94, 0x80, 0x93,
	0x80, 0xb3, 0x80, 0xb3, 0x8c, 0xce, 0x84, 0xd5, 0x80, 0xb3, 0x80, 0xb3,
	0xc5, 0x82, 0xb1, 0x91, 0x80, 0x96, 0x80, 0xb2, 0x80, 0x13, 0xdd, 0x80,
	0xfe, 0xc9, 0x8d, 0x5a, 0x80, 0x76, 0x94, 0x65, 0xfe, 0xca, 0x9d, 0x9a,
	0x80, 0xb4, 0x80, 0x30, 0xc2, 0x13, 0xa9, 0xb7, 0x80, 0xb3, 0x80, 0xb4,
	0x80, 0xb5, 0x84, 0xb3, 0x80, 0x72, 0x80, 0xb3, 0x80, 0x75, 0x90, 0xaa,
	0x80, 0x52, 0x80, 0xb3, 0x80, 0x75, 0x90, 0xaa, 0x80, 0x52, 0x80, 0xb3,
	0x80, 0x75, 0x90, 0xaa, 0x80, 0xb3, 0x80, 0xb3, 0x80, 0x75, 0x90, 0xaa,
	0xff, 0x20, 0xff, 0x61, 0xfe, 0x80, 0xc9, 0xd3, 0xff, 0x20, 0xff, 0x61,
	0xfe, 0x80, 0xc9, 0xd3, 0xff, 0x20, 0xff, 0x61, 0xfe, 0x80, 0xc9, 0xd3,
	0xff, 0x20, 0xff, 0x61, 0xfe, 0x80, 0xc9, 0xd3, 0x80, 0xf7, 0x80, 0x92,
	0x80, 0xb3, 0x80, 0xb5, 0x80, 0xf7, 0x80, 0x92, 0x80, 0xb3, 0x80, 0xb5,
	0x80, 0xf7, 0x80, 0x92, 0x80, 0xb3, 0x80, 0xb5, 0x80, 0xf7, 0x80, 0x92,
	0x80, 0xb3, 0x80, 0xb5, 0x80, 0x11, 0xd6, 0x42, 0xff, 0x20, 0xf2, 0x71,
	0x80, 0x11, 0xd6, 0x42, 0xff, 0x00, 0xd6, 0x14, 0x80, 0x11, 0xd6, 0x41,
	0xff, 0x00, 0xc5, 0xd5, 0x80, 0x11, 0xda, 0x61, 0xff, 0x00, 0xc1, 0x94,
	0x8d, 0x9b, 0x80, 0x31, 0x80, 0xb3, 0x80, 0xb3, 0x81, 0x18, 0x80, 0x92,
	0x80, 0xb3, 0x80, 0xd4, 0x80, 0xd6, 0x80, 0x92, 0x80, 0xb3, 0x80, 0x75,
	0x80, 0xd7, 0x80, 0x92, 0x80, 0xb3, 0x80, 0x15, 0x80, 0xb5, 0x80, 0x11,
	0xc1, 0x82, 0xff, 0xc0, 0x80, 0x13, 0xb5, 0x63, 0xff, 0xe0, 0xff, 0x41,
	0x88, 0x6a, 0xff, 0x60, 0xff, 0x61, 0xfe, 0xe2, 0xad, 0x46, 0xff, 0xc0,
	0xfe, 0xe2, 0xff, 0x01, 0xff, 0xc0, 0xff, 0x80, 0xfe, 0xc0, 0xee, 0xe1,
	0xfe, 0xe2, 0xff, 0x02, 0xff, 0x41, 0xff, 0x81, 0xff, 0x01, 0xff, 0x02,
	0xff, 0x41, 0xff, 0x40, 0xff, 0x22, 0xff, 0x20, 0xfe, 0x80, 0xff, 0x20,
	0xfe, 0xe0, 0xfa, 0x4c, 0xff, 0xff, 0xfb, 0xde, 0xfe, 0x00, 0xfa, 0xd5,
	0xff, 0xff, 0xfb, 0xde, 0xfa, 0x21, 0xff, 0x9e, 0xff, 0xff, 0xfb, 0xde,
	0xfe, 0x60, 0xff, 0x5a, 0xff, 0xff, 0xfb, 0xde, 0xfb, 0xde, 0xfb, 0xde,
	0xfb, 0xde, 0xfb, 0xde, 0xfb, 0xde, 0xfb, 0xde, 0xfb, 0xde, 0xfb, 0xde,
	0xfb, 0xde, 0xfb, 0xde, 0xfb, 0xde, 0xfb, 0xde, 0xfb, 0xde, 0xfb, 0xde,
	0xfb, 0xde, 0xfb, 0xde, 0xfb, 0xde, 0xfb, 0xde, 0xfb, 0xde, 0xff, 0xff,
	0xfb, 0xde, 0xfb, 0xde, 0xfb, 0xde, 0xff, 0xff, 0xfb, 0xde, 0xfb, 0xde,
	0xff, 0xff, 0xff, 0xfc, 0xfb, 0xde, 0xfb, 0xde, 0xff, 0xff, 0xff, 0xa7,
	0xff, 0xff, 0xff, 0x83, 0xff, 0x40, 0xfe, 0x20, 0xff, 0xcf, 0xff, 0x60,
	0xfe, 0x80, 0xfe, 0x6c, 0xff, 0x60, 0xff, 0x00, 0xfe, 0x22, 0xd2, 0x9c,
	0xff, 0x60, 0xfe, 0x20, 0xf6, 0x93, 0x8d, 0xbc, 0xea, 0x97, 0x85, 0x5a,
	0x80, 0x51, 0x80, 0xb3, 0xa6, 0x3f, 0x80, 0x31, 0x80, 0xb3, 0x80, 0xb3,
	0x80, 0xb6, 0x80, 0x72, 0x80, 0xb3, 0x80, 0xb3, 0x80, 0x30, 0x80, 0xb3,
	0x80, 0xb3, 0x80, 0xd4, 0x80, 0xb3, 0x80, 0xb3, 0x80, 0xb3, 0x80, 0xb3,
	0x80, 0xb3, 0x80, 0xb4, 0x80, 0x93, 0x80, 0xb3, 0x80, 0xb4, 0x80, 0x71,
	0x84, 0xb2, 0x80, 0xb4, 0x80, 0x13, 0xb5, 0x04, 0xd2, 0x72, 0x80, 0xb6,
	0x80, 0xb3, 0x80, 0xb3, 0x80, 0xb3, 0x80, 0xb3, 0x80, 0xb3, 0x80, 0xb3,
	0x80, 0xb3, 0x80, 0xb3, 0x80, 0xb3, 0x80, 0xb3, 0x80, 0xb3, 0x80, 0xb3,
	0x80, 0x93, 0x80, 0xb3, 0x80, 0xb3, 0x80, 0xb3, 0x80, 0xb4, 0x80, 0x12,
	0xcd, 0xe2, 0xff, 0xe0, 0x80, 0xb4, 0x80, 0x12, 0xcd, 0xe2, 0xff, 0xe0,
	0x80, 0xb4, 0x80, 0x12, 0xcd, 0xe2, 0xff, 0xe0, 0x80, 0xb4, 0x80, 0x12,
	0xcd, 0xe2, 0xff, 0xe0, 0xfe, 0x40, 0xfe, 0xf5, 0xff, 0xff, 0xfb, 0xde,
	0xfe, 0x40, 0xfe, 0xf5, 0xff, 0xff, 0xfb, 0xde, 0xfe, 0x40, 0xfe, 0xf5,
	0xff, 0xff, 0xfb, 0xde, 0xfe, 0x40, 0xfe, 0xf5, 0xff, 0xff, 0xfb, 0xde,
	0xfb, 0xde, 0xfb, 0xde, 0xfb, 0xde, 0xfb, 0xde, 0xfb, 0xde, 0xfb, 0xde,
	0xfb, 0xde, 0xfb, 0xde, 0xfb, 0xde, 0xfb, 0xde, 0xfb, 0xde, 0xfb, 0xde,
	0xfb, 0xde, 0xfb, 0xde, 0xfb, 0xde, 0xfb, 0xde, 0xfb, 0xde, 0xfb, 0xde,
	0xfb, 0xde, 0xfb, 0xde, 0xfb, 0xde, 0xfb, 0xde, 0xfb, 0xde, 0xfb, 0xde,
	0xfb, 0xde, 0xfb, 0xde, 0xfb, 0xde, 0xfb, 0xde, 0xfb, 0xde, 0xfb, 0xde,
	0xfb, 0xde, 0xfb, 0xde, 0xfb, 0xde, 0xfb, 0xde, 0xfb, 0xde, 0xfb, 0xde,
	0xfb, 0xde, 0xfb, 0xde, 0xfb, 0xde, 0xfb, 0xde, 0xfb, 0xde, 0xfb, 0xde,
	0xfb, 0xde, 0xfb, 0xde, 0xfb, 0xde, 0xfb, 0xde, 0xfb, 0xde, 0xfb, 0xde,
	0xfb, 0xde, 0xfb, 0xde, 0xfb, 0xde, 0xfb, 0xde, 0xfb, 0xde, 0xfb, 0xde,
	0xfb, 0xde, 0xfb, 0xde, 0xfb, 0xde, 0xfb, 0xde, 0xfb, 0xde, 0xfb, 0xde,
	0xfb, 0xde, 0xfb, 0xde, 0xfb, 0xde, 0xfb, 0xde, 0xfb, 0xde, 0xca, 0x78,
	0x88, 0x75, 0xee, 0x25, 0xfb, 0xde, 0xfb, 0xde, 0xa5, 0x57, 0x94, 0xb2,
	0xfb, 0xde, 0xfb, 0xde, 0xfb, 0xde, 0x90, 0xd8, 0xfb, 0xde, 0xfb, 0xde,
	0xfb, 0xde, 0xef, 0x7b, 0xff, 0x4e, 0xff, 0x6f, 0xe2, 0xb0, 0x91, 0x3c,
	0xfa, 0xa8, 0xff, 0xcd, 0xbe, 0x15, 0x91, 0x1e, 0x98, 0xd3, 0xb5, 0x71,
	0x9d, 0x79, 0x9d, 0x5e, 0x88, 0xbc, 0x80, 0x9e, 0xa1, 0x7b, 0x9d, 0x3f,
	0x99, 0x3f, 0x99, 0x1f, 0x99, 0x1f, 0x9d, 0x1f, 0x99, 0x1f, 0x99, 0x1f,
	0x99, 0x1f, 0x9d, 0x1f, 0x99, 0x1f, 0x99, 0x1f, 0x99, 0x1f, 0x9d, 0x1f,
	0x95, 0x1f, 0x95, 0x1f, 0x99, 0x1f, 0x99, 0x1f, 0x9d, 0x3f, 0x9d, 0x3f,
	0x9d, 0x3f, 0x9d, 0x3f, 0x9d, 0x3f, 0x9d, 0x3f, 0x9d, 0x3f, 0x9d, 0x3f,
	0x9d, 0x1f, 0x9d, 0x3f, 0x9d, 0x3f, 0xa1, 0x3f, 0x9d, 0x1f, 0x9d, 0x1f,
	0x9d, 0x3f, 0xa1, 0x3f, 0x9d, 0x3f, 0x9d, 0x3f, 0x9d, 0x3f, 0x9d, 0x1f,
	0xa1, 0x3f, 0xa1, 0x3f, 0x9d, 0x3f, 0x9d, 0x1f, 0xa1, 0x3f, 0xa1, 0x3f,
	0x9d, 0x1f, 0x9d, 0x1f, 0x9d, 0x3f, 0xa1, 0x3f, 0x9d, 0x3f, 0x98, 0xff,
	0x99, 0x1f, 0x99, 0x1f, 0xa1, 0x7f, 0x99, 0x1f, 0x98, 0xff, 0x9d, 0x3f,
	0xa1, 0x7f, 0x88, 0x9c, 0x98, 0xff, 0xa1, 0x5f, 0xa1, 0x7f, 0x80, 0x16,
	0x99, 0x1f, 0xa5, 0x9f, 0x9d, 0x3f, 0x80, 0x13, 0x80, 0x10, 0xba, 0x11,
	0xff, 0xff, 0xfb, 0xff, 0x8c, 0xaf, 0xf3, 0x9a, 0xff, 0xff, 0xfb, 0xde,
	0xb1, 0xb1, 0xff, 0xfe, 0xf7, 0xbd, 0xfb, 0xde, 0xca, 0x74, 0xff, 0xff,
	0xfb, 0xdd, 0xfb, 0xdd, 0xfb, 0xde, 0xfb, 0xde, 0xfb, 0xde, 0xf3, 0x9c,
	0xff, 0xff, 0xfb, 0xde, 0xfb, 0xde, 0xf7, 0xbd, 0xff, 0xff, 0xff, 0xff,
	0xfb, 0xde, 0xfb, 0xde, 0xff, 0xff, 0xff, 0xff, 0xfb, 0xde, 0xfb, 0xde,
	0xef, 0x7b, 0xf3, 0x99, 0xa9, 0x99, 0x84, 0x7c, 0xef, 0x7b, 0xf7, 0xba,
	0xd2, 0x99, 0x88, 0x9b, 0xf7, 0xbd, 0xef, 0x7b, 0xeb, 0x58, 0x9d, 0x3b,
	0xfb, 0xde, 0xf3, 0x9c, 0xf3, 0x98, 0xb1, 0xba, 0x90, 0xdb, 0x8c, 0xd6,
	0x8c, 0xd5, 0x90, 0xd6, 0x8c, 0xbc, 0x8c, 0xb8, 0x8c, 0xb5, 0x90, 0xd6,
	0x88, 0x9d, 0x8c, 0xb9, 0x8c, 0xb5, 0x8c, 0xd4, 0x84, 0x7e, 0x8c, 0xba,
	0x8c, 0xb6, 0x90, 0xd4, 0x90, 0xf6, 0x94, 0xf4, 0x94, 0xf5, 0x90, 0xd6,
	0x94, 0xf7, 0x94, 0xf5, 0x94, 0xf4, 0x90, 0xf5, 0x90, 0xf6, 0x94, 0xf7,
	0x94, 0xf5, 0x90, 0xd2, 0x90, 0xf6, 0x94, 0xf7, 0x94, 0xf5, 0x90, 0xd1,
	0x90, 0xd5, 0x90, 0xd5, 0x90, 0xd6, 0x90, 0xd5, 0x90, 0xd4, 0x8c, 0xb3,
	0x90, 0xd4, 0x8c, 0xb4, 0x8c, 0xb1, 0x8c, 0xb1, 0x8c, 0xb1, 0x8c, 0xb2,
	0x8c, 0xad, 0x88, 0x8e, 0x88, 0x8f, 0x88, 0x90, 0x90, 0xd5, 0x99, 0x14,
	0xf7, 0xbe, 0xff, 0xff, 0x90, 0xd4, 0xa5, 0x54, 0xf7, 0xbd, 0xfb, 0xde,
	0x8c, 0xb3, 0x98, 0xf1, 0xf3, 0x9c, 0xf7, 0xbd, 0x8c, 0xb1, 0x90, 0xd1,
	0xe7, 0x5a, 0xf7, 0xbd, 0xff, 0xff, 0xff, 0xff, 0xf7, 0xde, 0xca, 0x54,
	0xfb, 0xde, 0xfb, 0xde, 0xf7, 0xbd, 0xc2, 0x36, 0xfb, 0xde, 0xf7, 0xbd,
	0xf3, 0x9d, 0xb5, 0xd4, 0xf7, 0xbd, 0xf3, 0xbd, 0xf3, 0xbd, 0xad, 0x92,
	0xfb, 0xde, 0xfb, 0xde, 0xfb, 0xde, 0xfb, 0xde, 0xd6, 0xb6, 0xfb, 0xde,
	0xfb, 0xde, 0xfb, 0xde, 0x99, 0x12, 0xfb, 0xde, 0xfb, 0xde, 0xfb, 0xde,
	0x99, 0x38, 0xd6, 0xb7, 0xfb, 0xde, 0xfb, 0xde, 0xfb, 0xde, 0xfb, 0xde,
	0xfb, 0xde, 0xff, 0xff, 0xfb, 0xde, 0xfb, 0xde, 0xfb, 0xde, 0xff, 0xff,
	0xfb, 0xde, 0xfb, 0xde, 0xfb, 0xde, 0xff, 0xff, 0xfb, 0xde, 0xfb, 0xde,
	0xfb, 0xde, 0xff, 0xff, 0xff, 0x93, 0xff, 0x20, 0xff, 0x60, 0xff, 0x00,
	0xff, 0xf7, 0xff, 0x40, 0xfe, 0xc0, 0xff, 0x00, 0xff, 0xcb, 0xfe, 0xe0,
	0xf2, 0x08, 0xb5, 0x70, 0xff, 0xa2, 0xfe, 0x60, 0xe6, 0x54, 0x81, 0x5e,
	0xe6, 0x42, 0xd1, 0xe4, 0xc1, 0xa5, 0xb5, 0x86, 0xff, 0x80, 0xff, 0xa0,
	0xff, 0xa0, 0xff, 0x00, 0xb9, 0x29, 0xc1, 0x69, 0xc5, 0x6a, 0xc5, 0x4d,
	0x80, 0x34, 0x80, 0x96, 0x80, 0x96, 0x80, 0xd7, 0x94, 0xcc, 0x80, 0xb4,
	0x80, 0xd2, 0x80, 0xb2, 0xfe, 0x68, 0x99, 0x9b, 0x80, 0x70, 0x80, 0xb2,
	0xca, 0x58, 0x91, 0x56, 0x80, 0x70, 0x80, 0xb2, 0x80, 0xb3, 0x80, 0x90,
	0x80, 0xd2, 0x80, 0xb1, 0x80, 0xd2, 0x80, 0x74, 0x99, 0x09, 0xfe, 0xc0,
	0x80, 0xd2, 0x80, 0x74, 0x90, 0xca, 0xff, 0x40, 0x80, 0xd2, 0x80, 0x33,
	0x9d, 0x07, 0xff, 0xe0, 0x80, 0xf4, 0x80, 0x11, 0xce, 0x02, 0xff, 0xe0,
	0xc9, 0x8f, 0x80, 0xf9, 0x80, 0x92, 0x80, 0xb4, 0xdd, 0xa8, 0x80, 0xb9,
	0x80, 0x92, 0x80, 0xb3, 0xfe, 0x40, 0x90, 0x92, 0x80, 0xb7, 0x80, 0xb2,
	0xff, 0x40, 0xdd, 0x84, 0x80, 0x36, 0x80, 0x96, 0x80, 0x33, 0xb9, 0x44,
	0xff, 0x80, 0xff, 0x80, 0x80, 0xb4, 0x80, 0x52, 0xbd, 0x47, 0xea, 0x42,
	0x80, 0xb3, 0x80, 0xb4, 0x80, 0x55, 0x80, 0x73, 0x80, 0xb3, 0x80, 0xb3,
	0x80, 0xb3, 0x80, 0xb4, 0xff, 0x60, 0xfe, 0xa0, 0xfe, 0x26, 0xd2, 0xbd,
	0xf2, 0x04, 0xe9, 0xec, 0xc2, 0x5b, 0x81, 0x18, 0x8c, 0xd5, 0x8d, 0x5a,
	0x80, 0xb5, 0x80, 0x51, 0x80, 0x94, 0x80, 0x72, 0x80, 0x92, 0x80, 0xb3,
	0x80, 0xf7, 0x80, 0x71, 0x80, 0xb3, 0x80, 0xd5, 0x80, 0x51, 0x80, 0xb3,
	0x80, 0xb3, 0x80, 0x56, 0x80, 0xb3, 0x80, 0xb3, 0x80, 0xd5, 0x80, 0x12,
	0x80, 0xb3, 0x80, 0xd5, 0x80, 0x15, 0x98, 0xa6, 0x80, 0x10, 0xe6, 0xa0,
	0xff, 0x20, 0xc5, 0xb4, 0x88, 0x8a, 0xff, 0xa0, 0xfe, 0xa0, 0xc5, 0xd4,
	0xc9, 0xe2, 0xff, 0xe0, 0xfe, 0x60, 0xc5, 0xd4, 0xff, 0xc0, 0xff, 0x61,
	0xfe, 0x60, 0xc5, 0xd4, 0x80, 0xd7, 0x80, 0x92, 0x80, 0xb4, 0x80, 0x13,
	0x80, 0xd7, 0x80, 0x92, 0x80, 0xb4, 0x80, 0x13, 0x80, 0xd7, 0x80, 0x92,
	0x80, 0xb4, 0x80, 0x13, 0x80, 0xd7, 0x80, 0x92, 0x80, 0xb4, 0x80, 0x13,
	0xde, 0x00, 0xee, 0x25, 0x80, 0x78, 0x80, 0xb3, 0xce, 0x03, 0xff, 0x00,
	0x94, 0xb2, 0x80, 0xb6, 0xc1, 0xe4, 0xff, 0xe0, 0xd5, 0x67, 0x80, 0x98,
	0xc1, 0xc3, 0xff, 0xe0, 0xfe, 0x60, 0x98, 0xb2, 0x80, 0xb3, 0x80, 0xb3,
	0x80, 0x93, 0x80, 0x93, 0x80, 0xb2, 0x80, 0xb3, 0x80, 0xb3, 0x80, 0xb3,
	0x80, 0xb3, 0x80, 0xb3, 0x80, 0xb3, 0x80, 0xb3, 0x80, 0xb6, 0x80, 0xb2,
	0x80, 0xb3, 0x80, 0xb3, 0x80, 0xb3, 0x80, 0xb3, 0x80, 0x75, 0x90, 0xaa,
	0x80, 0xb3, 0x80, 0xb3, 0x80, 0x75, 0x90, 0xaa, 0x80, 0xb3, 0x80, 0xb3,
	0x80, 0x75, 0x90, 0xaa, 0x80, 0xb3, 0x80, 0xb3, 0x80, 0x75, 0x90, 0xaa,
	0xff, 0x20, 0xff, 0x61, 0xfe, 0x80, 0xc9, 0xd3, 0xff, 0x20, 0xff, 0x61,
	0xfe, 0x80, 0xc9, 0xd3, 0xff, 0x20, 0xff, 0x61, 0xfe, 0x80, 0xc9, 0xd3,
	0xff, 0x20, 0xff, 0x61, 0xfe, 0x80, 0xc9, 0xd3, 0x80, 0xf7, 0x80, 0x92,
	0x80, 0xb3, 0x80, 0xb5, 0x80, 0xf7, 0x80, 0x92, 0x80, 0xb3, 0x80, 0xb5,
	0x80, 0xf7, 0x80, 0x92, 0x80, 0xb3, 0x80, 0xb5, 0x80, 0xf7, 0x80, 0x92,
	0x80, 0xb3, 0x80, 0xb5, 0x80, 0x11, 0xd6, 0x42, 0xff, 0x40, 0xc5, 0x70,
	0x80, 0x11, 0xd6, 0x22, 0xff, 0xa0, 0xd5, 0x89, 0x80, 0x11, 0xd6, 0x22,
	0xff, 0xe0, 0xf6, 0x20, 0x80, 0x11, 0xd6, 0x02, 0xff, 0xc0, 0xff, 0x20,
	0x80, 0xf8, 0x80, 0x92, 0x80, 0xb3, 0x80, 0x75, 0x80, 0xd9, 0x80, 0x92,
	0x80, 0xb3, 0x80, 0xd4, 0x88, 0x93, 0x80, 0xb6, 0x80, 0xb2, 0x80, 0xb3,
	0xd1, 0x46, 0x80, 0x38, 0x80, 0xb5, 0x80, 0xb3, 0x94, 0xaa, 0xff, 0x00,
	0xff, 0x80, 0xff, 0x61, 0x80, 0x53, 0xa8, 0xe9, 0xea, 0x61, 0xfa, 0x61,
	0x80, 0xb4, 0x80, 0x75, 0x80, 0x52, 0x94, 0xb2, 0x80, 0xb3, 0x80, 0xb3,
	0x80, 0xb4, 0x80, 0xb5, 0xff, 0x40, 0xfe, 0x80, 0xc5, 0x4f, 0xce, 0x46,
	0xfa, 0x05, 0xe6, 0x55, 0x85, 0x1d, 0xa1, 0x06, 0x9d, 0x57, 0x89, 0x59,
	0x80, 0x54, 0x84, 0x6b, 0x80, 0x93, 0x80, 0x72, 0x80, 0xd5, 0x80, 0x11,
	0xfe, 0xe0, 0xfa, 0xaf, 0xff, 0xff, 0xfb, 0xde, 0xff, 0x60, 0xfe, 0x65,
	0xff, 0xff, 0xfb, 0xde, 0xff, 0x20, 0xfe, 0x60, 0xff, 0x5a, 0xff, 0xff,
	0xde, 0x41, 0xff, 0x00, 0xfa, 0xb0, 0xff, 0xff, 0xfb, 0xde, 0xfb, 0xde,
	0xfb, 0xde, 0xfb, 0xde, 0xfb, 0xde, 0xfb, 0xde, 0xfb, 0xde, 0xfb, 0xde,
	0xfb, 0xde, 0xfb, 0xde, 0xfb, 0xde, 0xfb, 0xde, 0xfb, 0xde, 0xfb, 0xde,
	0xfb, 0xde, 0xff, 0xff, 0xfb, 0xde, 0xff, 0xff, 0xff, 0xd4, 0xff, 0x60,
	0xff, 0xff, 0xff, 0xff, 0xff, 0x61, 0xff, 0x40, 0xff, 0xff, 0xff, 0xab,
	0xff, 0x60, 0xfe, 0x40, 0xff, 0xf9, 0xff, 0x60, 0xfe, 0xe0, 0xfe, 0x44,
	0xfe, 0xa0, 0xfe, 0x68, 0xb6, 0x5f, 0x80, 0x52, 0xfe, 0x20, 0xe2, 0x9a,
	0x81, 0x18, 0x80, 0x51, 0xfe, 0x8f, 0x99, 0xfe, 0x80, 0x10, 0x80, 0xb3,
	0xc6, 0x7e, 0x80, 0x74, 0x80, 0x92, 0x80, 0xb3, 0x80, 0xb3, 0x80, 0xb3,
	0x80, 0xb3, 0x80, 0x76, 0x80, 0xb3, 0x80, 0xb3, 0x80, 0xd5, 0x80, 0x11,
	0x80, 0xb3, 0x80, 0xd4, 0x80, 0x15, 0xa1, 0x05, 0x80, 0xb3, 0x80, 0x96,
	0x80, 0x0c, 0xf7, 0x20, 0x84, 0x69, 0xfe, 0xc0, 0xd6, 0x55, 0x80, 0xb6,
	0xda, 0x80, 0xff, 0x60, 0xc1, 0x95, 0x80, 0xd6, 0xff, 0xe0, 0xfe, 0x80,
	0xc1, 0xb5, 0x80, 0xd6, 0xff, 0xc0, 0xfe, 0x61, 0xc1, 0xd5, 0x80, 0xd6,
	0x80, 0x93, 0x80, 0xb3, 0x80, 0xb3, 0x80, 0xb3, 0x80, 0x93, 0x80, 0xb3,
	0x80, 0xb3, 0x80, 0xb3, 0x80, 0x93, 0x80, 0xb3, 0x80, 0xb3, 0x80, 0xb3,
	0x80, 0x93, 0x80, 0xb3, 0x80, 0xb3, 0x80, 0xb3, 0x80, 0xb4, 0x80, 0x12,
	0xcd, 0xe2, 0xff, 0xe0, 0x80, 0xb4, 0x80, 0x12, 0xcd, 0xe2, 0xff, 0xe0,
	0x80, 0xb4, 0x80, 0x12, 0xcd, 0xe2, 0xff, 0xe0, 0x80, 0xb4, 0x80, 0x12,
	0xcd, 0xe2, 0xff, 0xe0, 0xfe, 0x40, 0xfe, 0xf5, 0xff, 0xff, 0xfb, 0xde,
	0xfe, 0x40, 0xfe, 0xf5, 0xff, 0xff, 0xfb, 0xde, 0xfe, 0x40, 0xfe, 0xf5,
	0xff, 0xff, 0xfb, 0xde, 0xfe, 0x40, 0xfe, 0xf5, 0xff, 0xff, 0xfb, 0xde,
	0xfb, 0xde, 0xfb, 0xde, 0xfb, 0xde, 0xfb, 0xde, 0xfb, 0xde, 0xfb, 0xde,
	0xfb, 0xde, 0xfb, 0xde, 0xfb, 0xde, 0xfb, 0xde, 0xfb, 0xde, 0xfb, 0xde,
	0xfb, 0xde, 0xfb, 0xde, 0xfb, 0xde, 0xfb, 0xde, 0xfb, 0xde, 0xfb, 0xde,
	0xfb, 0xde, 0xfb, 0xde, 0xfb, 0xde, 0xfb, 0xde, 0xfb, 0xde, 0xfb, 0xde,
	0xfb, 0xde, 0xfb, 0xde, 0xfb, 0xde, 0xfb, 0xde, 0xfb, 0xde, 0xfb, 0xde,
	0xfb, 0xde, 0xfb, 0xde, 0xfb, 0xde, 0xfb, 0xde, 0xfb, 0xde, 0xfb, 0xde,
	0xfb, 0xde, 0xfb, 0xde, 0xfb, 0xde, 0xfb, 0xde, 0xfb, 0xde, 0xfb, 0xde,
	0xfb, 0xde, 0xfb, 0xde, 0xfb, 0xde, 0xfb, 0xde, 0xfb, 0xde, 0xfb, 0xde,
	0xfb, 0xde, 0xfb, 0xde, 0xfb, 0xde, 0xfb, 0xde, 0xfb, 0xde, 0xfb, 0xde,
	0xfb, 0xde, 0xfb, 0xde, 0xfb, 0xde, 0xfb, 0xde, 0xfb, 0xde, 0xfb, 0xde,
	0xfb, 0xde, 0xfb, 0xde, 0xfb, 0xde, 0xfb, 0xde, 0xfb, 0xde, 0xfb, 0xde,
	0xfb, 0xde, 0xfb, 0xde, 0xfb, 0xde, 0xfb, 0xde, 0xfb, 0xde, 0xfb, 0xde,
	0xfb, 0xde, 0xfb, 0xde, 0xfb, 0xde, 0xfb, 0xde, 0xfb, 0xde, 0xfb, 0xde,
	0xfb, 0xde, 0xfb, 0xde, 0xe7, 0x3a, 0xa1, 0x59, 0xa5, 0x9e, 0x9d, 0x3f,
	0xfb, 0xde, 0xc6, 0x76, 0xa1, 0x7f, 0xa1, 0x5f, 0xfb, 0xde, 0xbe, 0x17,
	0x95, 0x19, 0x88, 0xb4, 0xfb, 0xde, 0xc2, 0x37, 0x80, 0x50, 0xa5, 0x4c,
	0x99, 0x1f, 0x94, 0xff, 0x94, 0xff, 0x99, 0x1f, 0xa1, 0x7f, 0xa1, 0x5f,
	0x95, 0x1f, 0x94, 0xff, 0x88, 0xbb, 0x9d, 0x3f, 0xa5, 0x7f, 0x94, 0xff,
	0xd2, 0xb7, 0x9d, 0x3b, 0x94, 0xff, 0xa5, 0x7f, 0x99, 0x1f, 0x99, 0x1f,
	0x9d, 0x3f, 0xa1, 0x3f, 0x99, 0x1f, 0x99, 0x1f, 0x9d, 0x1f, 0xa1, 0x3f,
	0x94, 0xff, 0x98, 0xff, 0x99, 0x1f, 0x9d, 0x3f, 0x94, 0xff, 0x94, 0xfe,
	0x94, 0xff, 0x9d, 0x1f, 0x9d, 0x3f, 0x9d, 0x3f, 0x9d, 0x3f, 0x94, 0xfe,
	0x9d, 0x1f, 0x9d, 0x1f, 0x9d, 0x3f, 0x94, 0xfe, 0x9d, 0x1f, 0x99, 0x1f,
	0x9d, 0x1f, 0x94, 0xfe, 0x9d, 0x1f, 0x94, 0xfe, 0x99, 0x1f, 0x99, 0x1e,
	0x99, 0x1f, 0xa5, 0x9f, 0x94, 0xff, 0x80, 0x53, 0x99, 0x1e, 0xa5, 0x7f,
	0x8c, 0xbf, 0x88, 0x72, 0x99, 0x1f, 0xa1, 0x5f, 0x88, 0xbe, 0x8c, 0xb2,
	0x99, 0x1f, 0x9d, 0x3f, 0x88, 0x9d, 0x90, 0xb1, 0xdf, 0x17, 0xff, 0xff,
	0xfb, 0xde, 0xfb, 0xde, 0xe7, 0x38, 0xff, 0xff, 0xf7, 0xdd, 0xff, 0xff,
	0xeb, 0x79, 0xff, 0xff, 0xff, 0xff, 0xd2, 0xd4, 0xef, 0x7a, 0xff, 0xff,
	0xff, 0xdf, 0x95, 0xa5, 0xfb, 0xfe, 0xff, 0xff, 0xfb, 0xde, 0xfb, 0xde,
	0xff, 0xff, 0xff, 0xff, 0xfb, 0xde, 0xfb, 0xde, 0xca, 0x91, 0xff, 0xff,
	0xfb, 0xfe, 0xfb, 0xde, 0x81, 0xa0, 0xe7, 0x79, 0xff, 0xff, 0xf7, 0xbd,
	0xfb, 0xde, 0xf3, 0x9c, 0xf3, 0x98, 0xc2, 0x19, 0xf7, 0xbd, 0xf7, 0xbd,
	0xf7, 0xb9, 0xca, 0x59, 0xf7, 0xbd, 0xf7, 0xbd, 0xf7, 0xba, 0xca, 0x79,
	0xf7, 0xbd, 0xf3, 0x9c, 0xf7, 0x99, 0xce, 0x79, 0x84, 0x7d, 0x8c, 0xba,
	0x8c, 0xb6, 0x90, 0xd6, 0x88, 0x9d, 0x8c, 0xba, 0x8c, 0xb6, 0x90, 0xd5,
	0x88, 0x9d, 0x8c, 0xba, 0x8c, 0xb6, 0x90, 0xd5, 0x88, 0x9d, 0x8c, 0xba,
	0x8c, 0xb5, 0x8c, 0xb4, 0x94, 0xf6, 0x94, 0xf7, 0x94, 0xf6, 0x94, 0xf2,
	0x90, 0xd5, 0x90, 0xd5, 0x94, 0xf7, 0x94, 0xf5, 0x90, 0xd5, 0x90, 0xd5,
	0x90, 0xd7, 0x95, 0x17, 0x90, 0xd5, 0x90, 0xd6, 0x90, 0xd6, 0x90, 0xf7,
	0x88, 0x8a, 0x84, 0x4a, 0x88, 0x6c, 0x88, 0x8e, 0x88, 0x69, 0x80, 0x27,
	0x84, 0x6a, 0x84, 0x6c, 0x8c, 0xad, 0x80, 0x25, 0x84, 0x49, 0x84, 0x4a,
	0x94, 0xf3, 0x80, 0x45, 0x80, 0x25, 0x84, 0x49, 0x88, 0x90, 0x8c, 0x91,
	0xd6, 0xd7, 0xf7, 0xbd, 0x88, 0x6d, 0x88, 0x8f, 0xb9, 0xf2, 0xf3, 0x9d,
	0x84, 0x6b, 0x84, 0x6c, 0xa1, 0x2e, 0xeb, 0x7b, 0x84, 0x4a, 0x84, 0x6b,
	0x98, 0xed, 0xe7, 0x3a, 0xf3, 0x9c, 0xf3, 0x9c, 0xf3, 0x9d, 0xb1, 0xb3,
	0xef, 0x9c, 0xef, 0x9c, 0xf3, 0x9d, 0xc2, 0x34, 0xeb, 0x7b, 0xef, 0x7b,
	0xf3, 0x9c, 0xce, 0x76, 0xeb, 0x5a, 0xef, 0x7b, 0xf3, 0x9d, 0xce, 0x96,
	0x95, 0x18, 0xa9, 0x72, 0xfb, 0xde, 0xfb, 0xde, 0x90, 0xd5, 0x94, 0xf3,
	0xef, 0x7b, 0xfb, 0xde, 0x90, 0xd4, 0x94, 0xf6, 0xca, 0x75, 0xfb, 0xde,
	0x8c, 0xd4, 0x90, 0xf7, 0xb1, 0xb3, 0xfb, 0xde, 0xfb, 0xde, 0xfb, 0xde,
	0xff, 0xff, 0xff, 0xf9, 0xfb, 0xde, 0xfb, 0xde, 0xff, 0xff, 0xff, 0xd0,
	0xfb, 0xde, 0xfb, 0xde, 0xff, 0xff, 0xff, 0xa6, 0xfb, 0xde, 0xfb, 0xde,
	0xff, 0xfd, 0xfe, 0xc0, 0xff, 0x60, 0xfe, 0x61, 0xce, 0x59, 0x80, 0xd4,
	0xff, 0x20, 0xf2, 0x09, 0x89, 0x1b, 0x80, 0x12, 0xff, 0x40, 0xea, 0x64,
	0xb9, 0x67, 0xb1, 0x46, 0xfe, 0x40, 0xfe, 0xc0, 0xff, 0x20, 0xff, 0x20,
	0x80, 0xb1, 0x80, 0xb1, 0x80, 0xb1, 0x80, 0xb1, 0x80, 0x74, 0x80, 0x74,
	0x80, 0x74, 0x80, 0x74, 0xa5, 0x09, 0x9c, 0xca, 0x94, 0xca, 0x94, 0xca,
	0xff, 0x20, 0xff, 0x00, 0xff, 0x00, 0xff, 0x00, 0x80, 0xb1, 0x80, 0xd2,
	0x80, 0xd2, 0x80, 0xd4, 0x80, 0x74, 0x80, 0x54, 0x80, 0x33, 0x80, 0x10,
	0x98, 0xca, 0xa0, 0xe9, 0xb5, 0x46, 0xde, 0x61, 0xff, 0x00, 0xff, 0x20,
	0xff, 0x40, 0xff, 0x00, 0x80, 0x13, 0x98, 0xc7, 0xff, 0xe0, 0xfe, 0xc0,
	0xa4, 0xe6, 0xff, 0xe0, 0xfe, 0xc0, 0xfa, 0x2f, 0xff, 0xe0, 0xfe, 0xa0,
	0xf9, 0xa7, 0xff, 0xbf, 0xfe, 0x00, 0xfa, 0x0d, 0xff, 0xdf, 0xfb, 0xde,
	0xfe, 0xc0, 0xff, 0x40, 0xc9, 0x65, 0x80, 0x34, 0xff, 0x55, 0xfe, 0xe0,
	0xff, 0x40, 0xe2, 0x22, 0xff, 0xff, 0xff, 0x54, 0xfe, 0xa0, 0xff, 0x20,
	0xfb, 0xde, 0xff, 0xff, 0xff, 0xfe, 0xff, 0x6e, 0x80, 0x56, 0x80, 0xb4,
	0x80, 0xb3, 0x80, 0xb3, 0x9c, 0xac, 0x80, 0x32, 0x80, 0x35, 0x80, 0x55,
	0xff, 0x20, 0xe2, 0x23, 0xbd, 0x67, 0xa9, 0x48, 0xfe, 0xe1, 0xff, 0x80,
	0xff, 0xa0, 0xff, 0x20, 0x80, 0xb3, 0x80, 0xb3, 0x80, 0xb4, 0x80, 0xd5,
	0x80, 0x55, 0x80, 0x55, 0x80, 0x34, 0x80, 0x12, 0xa1, 0x49, 0xa5, 0x87,
	0xb9, 0x85, 0xd2, 0x02, 0xfe, 0x80, 0xfe, 0x00, 0xfe, 0xc0, 0xff, 0x40,
	0x80, 0x96, 0x80, 0x13, 0x9c, 0xa7, 0xff, 0xa0, 0x84, 0x4c, 0xc1, 0xa3,
	0xff, 0xe0, 0xfe, 0xc0, 0xf7, 0x40, 0xff, 0xa0, 0xfe, 0x20, 0xfa, 0x0e,
	0xfe, 0x80, 0xfa, 0x06, 0xfa, 0xb5, 0xff, 0xff, 0xff, 0x60, 0xff, 0x00,
	0xfe, 0x80, 0xc9, 0xd4, 0xfe, 0x27, 0xff, 0xa4, 0xfe, 0x60, 0xb5, 0x76,
	0xff, 0xbf, 0xff, 0xa4, 0xfe, 0xa0, 0xb9, 0x29, 0xff, 0xff, 0xff, 0x20,
	0xfe, 0xe0, 0xfe, 0xe0, 0x80, 0xf7, 0x80, 0x93, 0x80, 0xd5, 0x80, 0x13,
	0x80, 0x79, 0x80, 0x35, 0x80, 0x76, 0x80, 0x15, 0xa0, 0xea, 0xa0, 0xe9,
	0xa0, 0xe9, 0xa0, 0xa9, 0xff, 0x20, 0xff, 0x20, 0xff, 0x20, 0xff, 0x40,
	0xc5, 0xc3, 0xff, 0xc0, 0xff, 0x20, 0xd5, 0x67, 0xb9, 0x84, 0xff, 0xc0,
	0xff, 0x41, 0xfe, 0x80, 0xd2, 0x42, 0xff, 0xa0, 0xff, 0x01, 0xff, 0x40,
	0xff, 0x60, 0xfe, 0xc0, 0xfe, 0x82, 0xff, 0x20, 0x80, 0x98, 0x80, 0xb3,
	0x80, 0xb3, 0x80, 0xb3, 0x94, 0x91, 0x80, 0x59, 0x80, 0x55, 0x80, 0x55,
	0xdd, 0xc5, 0xa0, 0xcc, 0xa0, 0xe9, 0xa0, 0xe9, 0xff, 0x20, 0xff, 0x20,
	0xff, 0x20, 0xff, 0x20, 0x80, 0xb3, 0x80, 0xb3, 0x80, 0x75, 0x90, 0xaa,
	0x80, 0x55, 0x80, 0x55, 0x80, 0x17, 0x80, 0x4b, 0xa0, 0xe9, 0xa0, 0xe9,
	0xa0, 0xca, 0xb1, 0x65, 0xff, 0x40, 0xff, 0x80, 0xff, 0xa0, 0xff, 0xe0,
	0xff, 0x20, 0xff, 0x61, 0xfe, 0x80, 0xcd, 0xf3, 0xff, 0x20, 0xff, 0x81,
	0xfe, 0x60, 0xbd, 0x95, 0xff, 0x60, 0xff, 0x41, 0xfe, 0xe0, 0xbd, 0x69,
	0xff, 0x80, 0xff, 0x21, 0xff, 0x02, 0xff, 0x00, 0x80, 0xf7, 0x80, 0x93,
	0x80, 0xb3, 0x80, 0xd5, 0x80, 0x9a, 0x80, 0x34, 0x80, 0x55, 0x80, 0x77,
	0xa0, 0xcb, 0xa1, 0x09, 0xa1, 0x48, 0xa1, 0x69, 0xff, 0x40, 0xff, 0x00,
	0xfe, 0x81, 0xfe, 0x41, 0x80, 0x11, 0xd6, 0x22, 0xff, 0xa0, 0xff, 0x40,
	0x80, 0x13, 0xce, 0x02, 0xff, 0x80, 0xfe, 0xa4, 0xa4, 0xc8, 0xe2, 0xa2,
	0xff, 0x20, 0xff, 0x16, 0xff, 0x00, 0xff, 0xe0, 0xfe, 0x42, 0xf4, 0xec,
	0xff, 0x00, 0xb9, 0x08, 0x80, 0x16, 0x80, 0x96, 0xff, 0x60, 0xff, 0x60,
	0xcd, 0xa5, 0x88, 0x6f, 0xff, 0x74, 0xfe, 0xe0, 0xff, 0xa0, 0xff, 0x20,
	0xf8, 0xaf, 0xf8, 0x06, 0xf8, 0xa6, 0xfa, 0x05, 0x80, 0xb4, 0x80, 0xb3,
	0x80, 0xb3, 0x80, 0xb3, 0x80, 0x14, 0x80, 0x55, 0x80, 0x75, 0x80, 0x75,
	0xd1, 0xc4, 0xad, 0x09, 0x98, 0xab, 0x94, 0xeb, 0xff, 0xa0, 0xff, 0x40,
	0xff, 0x60, 0xfe, 0xc0, 0x80, 0xb3, 0x80, 0xb3, 0x80, 0xd5, 0x80, 0x36,
	0x80, 0x75, 0x80, 0x55, 0x80, 0x34, 0x80, 0x14, 0x99, 0x49, 0xa5, 0x87,
	0xb5, 0xc5, 0xca, 0x03, 0xfe, 0x01, 0xfe, 0x21, 0xfe, 0xa0, 0xff, 0x20,
	0xb1, 0x47, 0xff, 0x60, 0xfe, 0x66, 0xff, 0xff, 0x80, 0x2a, 0xfb, 0x40,
	0xfe, 0x80, 0xff, 0x7c, 0xda, 0x82, 0xff, 0xa0, 0xfe, 0x80, 0xfe, 0xaf,
	0xff, 0x60, 0xff, 0x02, 0xfe, 0x40, 0xfa, 0x49, 0xfb, 0xde, 0xfb, 0xde,
	0xfb, 0xde, 0xff, 0xff, 0xfb, 0xde, 0xfb, 0xde, 0xff, 0xff, 0xff, 0xd0,
	0xff, 0xff, 0xfb, 0xde, 0xff, 0xfd, 0xff, 0x60, 0xff, 0xff, 0xff, 0xff,
	0xff, 0xa8, 0xff, 0x60, 0xff, 0x84, 0xff, 0x60, 0xfe, 0x20, 0xee, 0x96,
	0xff, 0x60, 0xfe, 0x80, 0xfe, 0x6b, 0xaa, 0x3f, 0xff, 0x20, 0xfe, 0x21,
	0xd6, 0x9c, 0x80, 0xd6, 0xfe, 0x20, 0xf6, 0x92, 0x91, 0xbd, 0x80, 0x30,
	0x85, 0x5a, 0x80, 0x31, 0x80, 0xb3, 0x80, 0xb3, 0x80, 0x31, 0x80, 0xb3,
	0x80, 0xb3, 0x80, 0xd4, 0x80, 0x72, 0x80, 0xb3, 0x80, 0xb3, 0x80, 0x96,
	0x80, 0xb3, 0x80, 0xb3, 0x80, 0xd5, 0x80, 0x13, 0x80, 0xd5, 0x80, 0x12,
	0xc9, 0xe1, 0xff, 0xe0, 0x80, 0x35, 0x94, 0xa7, 0xff, 0xc0, 0xff, 0x21,
	0x80, 0x0e, 0xee, 0xe0, 0xff, 0xc0, 0xfe, 0xe2, 0xb9, 0xa2, 0xff, 0xe0,
	0xff, 0x02, 0xff, 0x22, 0xff, 0x21, 0xfe, 0x80, 0xc1, 0xd5, 0x80, 0xd6,
	0xff, 0x41, 0xfe, 0x80, 0xc1, 0xd5, 0x80, 0xd6, 0xff, 0x41, 0xfe, 0x80,
	0xc1, 0xd5, 0x80, 0xd6, 0xff, 0x61, 0xfe, 0x80, 0xc1, 0xb4, 0x80, 0xd6,
	0x80, 0x93, 0x80, 0xb3, 0x80, 0xb3, 0x80, 0xb3, 0x80, 0x93, 0x80, 0xb3,
	0x80, 0xb3, 0x80, 0xb3, 0x80, 0x93, 0x80, 0xb3, 0x80, 0xb3, 0x80, 0xb3,
	0x80, 0x93, 0x80, 0xb3, 0x80, 0xb3, 0x80, 0xb3, 0x80, 0xb4, 0x80, 0x12,
	0xcd, 0xe2, 0xff, 0xe0, 0x80, 0xb4, 0x80, 0x12, 0xcd, 0xe2, 0xff, 0xe0,
	0x80, 0xb4, 0x80, 0x12, 0xcd, 0xe2, 0xff, 0xc0, 0x80, 0xb4, 0x80, 0x12,
	0xcd, 0xe2, 0xff, 0xc0, 0xfe, 0x40, 0xfe, 0xf5, 0xfb, 0xde, 0xfb, 0xde,
	0xfe, 0x20, 0xfb, 0x17, 0xff, 0xff, 0xfb, 0xde, 0xfe, 0x60, 0xfe, 0xf1,
	0xff, 0xba, 0xff, 0xba, 0xff, 0x02, 0xff, 0x00, 0xff, 0x00, 0xfe, 0xe0,
	0xfb, 0xde, 0xfb, 0xde, 0xfb, 0xde, 0xfb, 0xde, 0xfb, 0xde, 0xfb, 0xde,
	0xfb, 0xde, 0xfb, 0xde, 0xff, 0xba, 0xff, 0xda, 0xff, 0xff, 0xfb, 0xde,
	0xff, 0x00, 0xfe, 0x40, 0xff, 0x7c, 0xfb, 0xde, 0xfb, 0xde, 0xfb, 0xde,
	0xfb, 0xde, 0xfb, 0xde, 0xfb, 0xde, 0xfb, 0xde, 0xfb, 0xde, 0xfb, 0xde,
	0xfb, 0xde, 0xfb, 0xde, 0xfb, 0xde, 0xfb, 0xde, 0xfb, 0xde, 0xfb, 0xde,
	0xfb, 0xde, 0xfb, 0xde, 0xf7, 0xbd, 0xf7, 0xbd, 0xf7, 0xbd, 0xf7, 0xbd,
	0xf7, 0xbd, 0xf7, 0xbd, 0xf7, 0xbd, 0xf7, 0xbd, 0xf7, 0xbd, 0xf7, 0xbd,
	0xf7, 0xbd, 0xf7, 0xbd, 0xf7, 0xbd, 0xf7, 0xbd, 0xf7, 0xbd, 0xf7, 0xbd,
	0xf7, 0xbd, 0xf7, 0xbd, 0xf7, 0xbd, 0xf7, 0xbd, 0xf7, 0xbd, 0xf7, 0xbd,
	0xf7, 0xbd, 0xf7, 0xbd, 0xf7, 0xbd, 0xf7, 0xbd, 0xf7, 0xbd, 0xf7, 0xbd,
	0xf7, 0xbd, 0xf7, 0xbd, 0xf7, 0xbd, 0xf7, 0xbd, 0xf7, 0xbd, 0xf7, 0xbd,
	0xf7, 0xbd, 0xf7, 0xbd, 0xf7, 0xbd, 0xf7, 0xbd, 0xf7, 0xbd, 0xf7, 0xbd,
	0xf7, 0xbd, 0xf7, 0xbd, 0xf7, 0xbd, 0xf7, 0xbd, 0xf7, 0xbd, 0xf7, 0xbd,
	0xf7, 0xbd, 0xf7, 0xbd, 0xf7, 0xbd, 0xd6, 0xb9, 0x80, 0x34, 0xc6, 0x34,
	0xf7, 0xbd, 0xeb, 0x5b, 0x80, 0x59, 0xb1, 0xb7, 0xf7, 0xbd, 0xf7, 0xbd,
	0x99, 0x18, 0xa1, 0x5d, 0xf7, 0xbd, 0xf7, 0xbd, 0xc6, 0x57, 0x8c, 0xbf,
	0xff, 0xff, 0xf3, 0xbb, 0xa1, 0x5b, 0x90, 0xdf, 0xff, 0xfe, 0xff, 0xff,
	0xfb, 0xdc, 0x9d, 0x3b, 0xff, 0xfc, 0xff, 0xfe, 0xff, 0xff, 0xf7, 0xdb,
	0xe7, 0x3b, 0xff, 0xfe, 0xfb, 0xde, 0xff, 0xfe, 0xa1, 0x5f, 0x94, 0xff,
	0x94, 0xff, 0x99, 0x1f, 0x90, 0xdf, 0xa1, 0x3f, 0x94, 0xff, 0x94, 0xff,
	0x94, 0xfb, 0x8c, 0xbf, 0x99, 0x1f, 0x94, 0xff, 0xeb, 0x7a, 0x90, 0xdc,
	0x90, 0xdf, 0x98, 0xff, 0x99, 0x1e, 0x90, 0xdd, 0x99, 0x1f, 0x99, 0x1e,
	0x99, 0x1f, 0x90, 0xdb, 0x94, 0xfd, 0x99, 0x1f, 0x99, 0x1f, 0x90, 0xda,
	0x8c, 0xba, 0x99, 0x1f, 0x98, 0xff, 0x90, 0xdb, 0x88, 0x96, 0x94, 0xfd,
	0x99, 0x1f, 0x99, 0x1f, 0x84, 0x7a, 0x94, 0xd1, 0x99, 0x1f, 0x98, 0xff,
	0x80, 0x58, 0x9d, 0x11, 0x98, 0xfe, 0x90, 0xdd, 0x80, 0x15, 0xa9, 0x71,
	0x94, 0xfd, 0x8c, 0xba, 0x80, 0x11, 0xb1, 0xb1, 0xf3, 0x9a, 0xff, 0xff,
	0xf7, 0xbc, 0x95, 0x86, 0xfb, 0xdb, 0xff, 0xff, 0xfb, 0xdd, 0x99, 0x86,
	0xff, 0xfd, 0xfb, 0xde, 0xff, 0xff, 0xaa, 0x0a, 0xff, 0xfd, 0xf7, 0xbc,
	0xff, 0xdf, 0xca, 0xf2, 0x80, 0xe0, 0xb2, 0xcc, 0xff, 0xff, 0xf7, 0xbd,
	0x80, 0x00, 0x8d, 0xa4, 0xef, 0xfb, 0xf7, 0x9d, 0x80, 0x00, 0x80, 0xa0,
	0xd3, 0x95, 0xfb, 0x7e, 0x9c, 0xe7, 0x80, 0x40, 0xc3, 0x51, 0xf7, 0x5c,
	0xf7, 0xbd, 0xf3, 0x9c, 0xf3, 0x98, 0xca, 0x79, 0xef, 0x7b, 0xef, 0x7b,
	0xef, 0x77, 0xb9, 0xf9, 0xeb, 0x59, 0xe7, 0x18, 0xe7, 0x36, 0xa5, 0x7a,
	0xe3, 0x18, 0xe3, 0x16, 0xd6, 0xb6, 0x94, 0xdb, 0x88, 0x9d, 0x8c, 0xb9,
	0x88, 0xb4, 0x8c, 0xb3, 0x80, 0x7c, 0x88, 0x96, 0x88, 0x93, 0x8c, 0xb4,
	0x80, 0x5b, 0x88, 0x94, 0x88, 0x92, 0x8c, 0xb4, 0x84, 0x77, 0x88, 0x92,
	0x88, 0x92, 0x8c, 0xb5, 0x90, 0xd5, 0x90, 0xd7, 0x90, 0xd6, 0x90, 0xd6,
	0x90, 0xd5, 0x90, 0xd6, 0x90, 0xd6, 0x90, 0xd6, 0x90, 0xd5, 0x90, 0xd6,
	0x90, 0xd6, 0x90, 0xd6, 0x90, 0xd6, 0x90, 0xd6, 0x90, 0xd6, 0x90, 0xd6,
	0x95, 0x17, 0x8c, 0xac, 0x80, 0x02, 0x80, 0x47, 0x94, 0xf6, 0x99, 0x14,
	0xca, 0x53, 0xc2, 0x11, 0x90, 0xd4, 0x95, 0x16, 0xb1, 0xb3, 0xf7, 0xbd,
	0x90, 0xd5, 0x90, 0xf6, 0x99, 0x16, 0xc2, 0x32, 0x80, 0x48, 0x84, 0x49,
	0x90, 0xab, 0xde, 0xf8, 0x98, 0xea, 0x80, 0x47, 0x84, 0x48, 0xca, 0x53,
	0xf7, 0xbd, 0xeb, 0x5a, 0xc2, 0x32, 0xce, 0x95, 0xef, 0x7b, 0xeb, 0x5a,
	0xff, 0xff, 0xff, 0xff, 0xe7, 0x3a, 0xeb, 0x5a, 0xef, 0x7b, 0xd6, 0xb6,
	0xdf, 0x18, 0xe3, 0x39, 0xeb, 0x5a, 0xe3, 0x18, 0xda, 0xd7, 0xd2, 0xb6,
	0xda, 0xd7, 0xeb, 0x5b, 0xf7, 0xbd, 0xe7, 0x5a, 0xda, 0xd7, 0xe3, 0x3a,
	0x8c, 0xb3, 0x90, 0xd5, 0x99, 0x12, 0xf7, 0xbd, 0x90, 0xb0, 0x8c, 0xb2,
	0x90, 0xd3, 0xe7, 0x5a, 0x98, 0xef, 0x8c, 0xb1, 0x90, 0xd4, 0xce, 0x96,
	0xa5, 0x4f, 0x88, 0x91, 0x90, 0xd5, 0xb9, 0xf4, 0xf7, 0xbd, 0xff, 0xff,
	0xff, 0xfe, 0xff, 0x78, 0xf7, 0xbd, 0xfb, 0xde, 0xfb, 0xde, 0xfb, 0xde,
	0xf7, 0xbd, 0xf7, 0xbd, 0xf7, 0xbd, 0xf7, 0xbd, 0xf7, 0xbd, 0xf7, 0xbd,
	0xf7, 0xbd, 0xf7, 0xbd, 0xff, 0x14, 0xfe, 0xf0, 0xfe, 0xcc, 0xfe, 0xc9,
	0xff, 0xff, 0xff, 0xff, 0xff, 0xff, 0xff, 0xff, 0xf7, 0xbd, 0xf7, 0xbd,
	0xf7, 0xbd, 0xf7, 0xbd, 0xf7, 0xbd, 0xf7, 0xbd, 0xf7, 0xbd, 0xf7, 0xbd,
	0xfe, 0xa6, 0xfe, 0xa4, 0xfe, 0xa2, 0xfe, 0xa2, 0xff, 0xdf, 0xff, 0xbf,
	0xff, 0xbe, 0xff, 0xbe, 0xfb, 0xde, 0xfb, 0xde, 0xfb, 0xde, 0xfb, 0xde,
	0xf7, 0xbd, 0xf7, 0xbd, 0xf7, 0xbd, 0xf7, 0xbd, 0xfe, 0xa3, 0xfe, 0x85,
	0xfe, 0x69, 0xfa, 0x90, 0xff, 0xbf, 0xff, 0xdf, 0xff, 0xff, 0xff, 0xff,
	0xfb, 0xde, 0xfb, 0xde, 0xf7, 0xbd, 0xfb, 0xde, 0xf7, 0xbd, 0xf7, 0xbd,
	0xf7, 0xbd, 0xff, 0xff, 0xff, 0x5b, 0xff, 0xff, 0xff, 0xff, 0xff, 0xff,
	0xff, 0xff, 0xfe, 0xf9, 0xfa, 0x34, 0xf9, 0x90, 0xfa, 0x14, 0xec, 0x00,
	0xf0, 0x02, 0xf4, 0x03, 0xfa, 0xb8, 0xc5, 0x4f, 0xf0, 0x28, 0xc4, 0x07,
	0xff, 0xff, 0xff, 0xff, 0xff, 0x7e, 0xfa, 0xfc, 0xfc, 0x88, 0xdc, 0xac,
	0xec, 0x08, 0xb4, 0x2c, 0xd4, 0x06, 0xa8, 0x0c, 0xec, 0x06, 0xbc, 0x8d,
	0x9e, 0xfe, 0xeb, 0x1a, 0xfc, 0x04, 0xfc, 0x04, 0xf6, 0xf8, 0xf8, 0xa4,
	0xdd, 0x26, 0xf4, 0x67, 0xbd, 0xd7, 0xf8, 0x08, 0xa0, 0x0f, 0xf8, 0x07,
	0xe0, 0xac, 0xd8, 0x09, 0xac, 0x6e, 0xfc, 0x06, 0xfc, 0x04, 0xb4, 0x6d,
	0xb8, 0x4c, 0xf4, 0x05, 0xe8, 0x09, 0xbc, 0x0e, 0xad, 0x30, 0xfa, 0xce,
	0xd0, 0x08, 0xb9, 0x94, 0xe7, 0x9f, 0xff, 0xff, 0xd8, 0x29, 0xb8, 0x8c,
	0xcf, 0x1c, 0xff, 0xff, 0xac, 0xd0, 0xde, 0xfb, 0xf7, 0xdf, 0xfb, 0xde,
	0xff, 0x17, 0xff, 0xdf, 0xff, 0xff, 0xfb, 0xde, 0xfb, 0xde, 0xfb, 0xde,
	0xf7, 0xbd, 0xfb, 0xde, 0xf7, 0xbd, 0xf7, 0xbd, 0xf7, 0xbd, 0xf7, 0xbd,
	0xf7, 0xbd, 0xf7, 0xbd, 0xf7, 0xbd, 0xfb, 0xde, 0xff, 0xfd, 0xfe, 0xc6,
	0xfe, 0x65, 0xfe, 0xa5, 0xff, 0xff, 0xff, 0xdf, 0xff, 0xdf, 0xff, 0xdf,
	0xf7, 0xbd, 0xfb, 0xde, 0xfb, 0xde, 0xff, 0xff, 0xfb, 0xde, 0xff, 0xff,
	0xff, 0xde, 0xfe, 0xf8, 0xfe, 0xa5, 0xfe, 0xa5, 0xfe, 0xa5, 0xfe, 0xa5,
	0xff, 0xdf, 0xff, 0xdf, 0xff, 0xdf, 0xff, 0xdf, 0xff, 0xff, 0xff, 0xff,
	0xfb, 0xde, 0xff, 0xff, 0xfa, 0x11, 0xf6, 0x76, 0xff, 0xff, 0xff, 0xff,
	0xfe, 0x86, 0xfa, 0x25, 0xff, 0x35, 0xff, 0xd3, 0xff, 0xff, 0xff, 0xff,
	0xff, 0xbf, 0xff, 0x3b, 0xff, 0xdf, 0xf9, 0x90, 0xfc, 0x05, 0xf8, 0x04,
	0xf8, 0x8b, 0xf4, 0x00, 0xc4, 0x09, 0xe4, 0x08, 0xfe, 0xc7, 0xfe, 0xa5,
	0xfe, 0xe6, 0xff, 0x28, 0xfb, 0x5e, 0xff, 0xff, 0xff, 0x1b, 0xf5, 0x0d,
	0xf0, 0x48, 0xde, 0xdb, 0xf6, 0x56, 0xf0, 0x00, 0xfc, 0x01, 0xb0, 0x4c,
	0xc4, 0xef, 0xfc, 0x03, 0xfe, 0xc5, 0xfe, 0x42, 0xfd, 0xe2, 0xfd, 0x83,
	0xf4, 0x6b, 0xf8, 0x07, 0xfc, 0x06, 0xec, 0x06, 0xfc, 0x06, 0xe8, 0x05,
	0xd8, 0x06, 0xb0, 0x2c, 0xc8, 0x09, 0xb1, 0xb6, 0xce, 0xdb, 0xdb, 0x9f,
	0xed, 0xe4, 0xf1, 0x26, 0xfc, 0x66, 0xcc, 0x89, 0x9c, 0x71, 0xec, 0x0b,
	0xfc, 0x04, 0x9c, 0x0e, 0xa9, 0x12, 0xfc, 0x28, 0xf8, 0x04, 0xa4, 0xf1,
	0xf6, 0x76, 0xfc, 0x03, 0xd8, 0x05, 0xa2, 0x18, 0xdb, 0x07, 0xfd, 0xa5,
	0xfc, 0x07, 0xdc, 0x0a, 0xcb, 0xbf, 0xfd, 0xb2, 0xfc, 0x02, 0xc4, 0x07,
	0xeb, 0xff, 0xfd, 0x0e, 0xfc, 0x02, 0xb8, 0x2c, 0xff, 0xff, 0xf8, 0x28,
	0xfc, 0x03, 0xb0, 0xd0, 0xb5, 0xad, 0xfe, 0xa5, 0xf4, 0x27, 0xf8, 0x06,
	0xaa, 0x9c, 0xfd, 0x72, 0xf8, 0x04, 0xec, 0x06, 0xba, 0x38, 0xfc, 0x49,
	0xfc, 0x04, 0xb0, 0x08, 0xc1, 0x52, 0xfc, 0x04, 0xfc, 0x05, 0xa0, 0x4e,
	0xf0, 0x03, 0xe4, 0x06, 0xf4, 0x08, 0xec, 0x09, 0x9c, 0xf2, 0xda, 0x15,
	0xf8, 0x07, 0xfc, 0x04, 0xab, 0x5f, 0xff, 0xff, 0xf4, 0x07, 0xfc, 0x04,
	0xdf, 0xff, 0xff, 0x7c, 0xf0, 0x05, 0xfc, 0x05, 0xc5, 0x0b, 0xf7, 0x46,
	0xfe, 0xa4, 0xf8, 0x66, 0xb4, 0x0c, 0xcf, 0xdf, 0xfd, 0x92, 0xf0, 0x04,
	0xb8, 0x0b, 0xbe, 0xbc, 0xfc, 0x8b, 0xf8, 0x05, 0xb4, 0x8e, 0xbd, 0x94,
	0xfc, 0x05, 0xfc, 0x06, 0xf4, 0x09, 0xfc, 0x07, 0xfc, 0x06, 0xf4, 0x07,
	0xfc, 0x07, 0xe0, 0x08, 0xd0, 0x09, 0xf0, 0x07, 0xec, 0x05, 0x98, 0xf2,
	0xdb, 0x7e, 0xf9, 0xd2, 0xbc, 0x07, 0xae, 0x7a, 0xff, 0xff, 0xfa, 0x14,
	0xf4, 0x24, 0xed, 0x0a, 0xf7, 0x3a, 0xff, 0xde, 0xf8, 0x08, 0xe8, 0x05,
	0xb9, 0x96, 0xf7, 0xff, 0xf4, 0x03, 0xf4, 0x05, 0xa8, 0xaf, 0xeb, 0xff,
	0xf4, 0x00, 0xe4, 0x01, 0xa1, 0x12, 0xfb, 0xff, 0xff, 0xff, 0xff, 0xd3,
	0xff, 0x40, 0xfe, 0xc0, 0xff, 0xff, 0xff, 0x67, 0xff, 0x20, 0xfe, 0x40,
	0xff, 0xff, 0xff, 0x92, 0xff, 0x00, 0xfe, 0xc0, 0xfb, 0xde, 0xff, 0xdd,
	0xff, 0x00, 0xff, 0x20, 0xfe, 0x89, 0xba, 0x5e, 0x80, 0x52, 0x80, 0xb3,
	0xd6, 0x36, 0x81, 0x39, 0x80, 0x51, 0x80, 0xb3, 0xbd, 0x4f, 0x80, 0xb8,
	0x80, 0x92, 0x80, 0xb3, 0xe5, 0xc7, 0x84, 0xd8, 0x80, 0x92, 0x80, 0xb3,
	0x80, 0xb3, 0x80, 0xb4, 0x80, 0x54, 0xa0, 0xc6, 0x80, 0xb3, 0x80, 0xb4,
	0x80, 0x52, 0xb1, 0x68, 0x80, 0xb3, 0x80, 0xb3, 0x80, 0xd3, 0x80, 0x95,
	0x80, 0xb3, 0x80, 0xb3, 0x80, 0xb3, 0x80, 0xb3, 0xff, 0xc0, 0xff, 0x60,
	0xff, 0x20, 0xff, 0x20, 0xd2, 0x08, 0xc9, 0x49, 0xcd, 0x88, 0xc9, 0x88,
	0x80, 0x77, 0x80, 0x97, 0x80, 0x97, 0x80, 0x77, 0x80, 0xb3, 0x80, 0xb3,
	0x80, 0xb3, 0x80, 0xb3, 0xff, 0x60, 0xfe, 0x80, 0xc9, 0xd4, 0x80, 0xd7,
	0xc9, 0x68, 0xdd, 0xca, 0xca, 0x58, 0x80, 0xb4, 0x80, 0x76, 0x80, 0xd8,
	0x88, 0xf5, 0x80, 0x92, 0x80, 0xb3, 0x80, 0x92, 0x80, 0x92, 0x80, 0xb3,
	0x80, 0x93, 0x80, 0xb3, 0x80, 0xb3, 0x80, 0xb3, 0x80, 0x93, 0x80, 0xb3,
	0x80, 0xb3, 0x80, 0xb3, 0x80, 0xb3, 0x80, 0xb3, 0x80, 0xb3, 0x80, 0xb3,
	0x80, 0xb3, 0x80, 0xb3, 0x80, 0xb3, 0x80, 0xb3, 0x80, 0xd5, 0x80, 0x12,
	0xda, 0x00, 0xff, 0xe0, 0x80, 0xb4, 0x80, 0x72, 0xad, 0x29, 0xcd, 0xc8,
	0x80, 0xb3, 0x80, 0xd3, 0x80, 0x95, 0x80, 0x77, 0x80, 0xb3, 0x80, 0xb3,
	0x80, 0xb3, 0x80, 0xb3, 0xff, 0x20, 0xff, 0x20, 0xff, 0x40, 0xff, 0x20,
	0xcd, 0x88, 0xc9, 0x69, 0xc9, 0x67, 0xf6, 0xe1, 0x80, 0x97, 0x80, 0x79,
	0x80, 0x11, 0xe6, 0x80, 0x80, 0xb3, 0x80, 0x95, 0x80, 0x4e, 0xee, 0xa0,
	0xff, 0x20, 0xfa, 0x20, 0xff, 0x7c, 0xfb, 0xde, 0xff, 0x60, 0xfe, 0x21,
	0xff, 0x7c, 0xfb, 0xde, 0xff, 0xa0, 0xfe, 0x21, 0xff, 0x7c, 0xfb, 0xde,
	0xff, 0x80, 0xfe, 0x21, 0xff, 0x7c, 0xfb, 0xde, 0xf7, 0xbd, 0xf7, 0xbd,
	0xf7, 0xbd, 0xf7, 0xbd, 0xf7, 0xbd, 0xf7, 0xbd, 0xf7, 0xbd, 0xf7, 0xbd,
	0xf7, 0xbd, 0xf7, 0xbd, 0xf7, 0xbd, 0xf7, 0xbd, 0xf7, 0xbd, 0xf7, 0xbd,
	0xf7, 0xbd, 0xf7, 0xbd, 0xf7, 0xbd, 0xf7, 0xbd, 0xf7, 0xbd, 0xf7, 0xbd,
	0xf7, 0xbd, 0xf7, 0xbd, 0xf7, 0xbd, 0xf7, 0xbd, 0xf7, 0xbd, 0xf7, 0xbd,
	0xf7, 0xbd, 0xf7, 0xbd, 0xf7, 0xbd, 0xf7, 0xbd, 0xf7, 0xbd, 0xf7, 0xbd,
	0xf7, 0xbd, 0xf7, 0xbd, 0xf7, 0xbd, 0xf7, 0xbd, 0xf7, 0xbd, 0xf7, 0xbd,
	0xf7, 0xbd, 0xf7, 0xbd, 0xf7, 0xbd, 0xf7, 0xbd, 0xf7, 0xbd, 0xf7, 0xbd,
	0xf7, 0xbd, 0xf7, 0xbd, 0xf7, 0xbd, 0xf7, 0xbd, 0xf7, 0xbd, 0xf7, 0xbd,
	0xf7, 0xbd, 0xf7, 0xbd, 0xf7, 0xbd, 0xf7, 0xbd, 0xf7, 0xbd, 0xf7, 0xbd,
	0xf7, 0xbd, 0xf7, 0xbd, 0xf7, 0xbd, 0xf7, 0xbd, 0xf7, 0xbd, 0xf7, 0xbd,
	0xf7, 0xbd, 0xf7, 0xbd, 0xf7, 0xbd, 0xf7, 0xbd, 0xef, 0x7c, 0x80, 0x7c,
	0xf7, 0xbd, 0xf7, 0xbd, 0xf7, 0xbd, 0xa9, 0x77, 0xf7, 0xbd, 0xf7, 0xbd,
	0xf7, 0xbd, 0xde, 0xf8, 0xf7, 0xbd, 0xf7, 0xbd, 0xf7, 0xbd, 0xf7, 0xbd,
	0xc6, 0x5d, 0xff, 0xfd, 0xfb, 0xde, 0xfb, 0xde, 0xa5, 0x5f, 0xff, 0xdb,
	0xfb, 0xde, 0xfb, 0xde, 0x88, 0x9f, 0xda, 0xdc, 0xff, 0xfc, 0xf7, 0xbd,
	0x94, 0xf8, 0xad, 0x9f, 0xff, 0xfa, 0xf7, 0xbd, 0xff, 0xfe, 0xd6, 0xf7,
	0x84, 0x9b, 0x94, 0xff, 0xff, 0xff, 0xff, 0xfa, 0x91, 0x67, 0x84, 0x57,
	0xfb, 0xbd, 0xff, 0xff, 0xb6, 0x89, 0x80, 0x00, 0xf7, 0xbd, 0xff, 0xff,
	0xe7, 0xf9, 0xb5, 0xec, 0x94, 0xff, 0x94, 0xdc, 0x88, 0x94, 0x8c, 0xb9,
	0x94, 0xff, 0x90, 0xbc, 0x88, 0x94, 0x88, 0x94, 0x88, 0x72, 0x88, 0xba,
	0x84, 0x75, 0x84, 0x71, 0x88, 0x40, 0x95, 0x4b, 0x90, 0x6a, 0x80, 0x27,
	0x90, 0xbb, 0x88, 0x97, 0x80, 0x0e, 0xca, 0x53, 0x8c, 0xb8, 0x80, 0x32,
	0x84, 0x6b, 0xeb, 0x58, 0x80, 0x2e, 0x80, 0x06, 0xbd, 0xf0, 0xfb, 0xbb,
	0x90, 0x88, 0xb9, 0xcf, 0xef, 0x59, 0xeb, 0x39, 0xff, 0xfe, 0xf7, 0x9c,
	0xfb, 0xbe, 0xeb, 0xba, 0xf7, 0xbc, 0xf3, 0x9c, 0xf7, 0xbd, 0xf7, 0x7c,
	0xeb, 0x5a, 0xf3, 0x7a, 0xef, 0x7a, 0xfb, 0x7c, 0xe7, 0x18, 0xeb, 0x39,
	0xe7, 0x18, 0xe2, 0xf6, 0xd2, 0x94, 0x80, 0x80, 0xb7, 0x4e, 0xef, 0x1a,
	0xa6, 0x29, 0x82, 0xc3, 0xbf, 0x50, 0xea, 0xb9, 0xca, 0xd1, 0x86, 0xe4,
	0xc2, 0x8e, 0xee, 0x92, 0xe6, 0xb5, 0xd6, 0x4e, 0xee, 0xf0, 0xff, 0x92,
	0xe2, 0xf6, 0xe2, 0xf3, 0xad, 0x97, 0x80, 0x1a, 0xd6, 0x52, 0xda, 0x6e,
	0xc1, 0xf2, 0x98, 0xd2, 0xee, 0xf0, 0xf7, 0x51, 0xff, 0x6f, 0xff, 0x0b,
	0xff, 0xd4, 0xfb, 0x71, 0xea, 0x8c, 0xfa, 0xc9, 0x88, 0x92, 0x88, 0x90,
	0x88, 0x92, 0x8c, 0xb6, 0x80, 0x4f, 0x88, 0x90, 0x88, 0x92, 0x8c, 0xb5,
	0x9c, 0xed, 0x80, 0x52, 0x88, 0x93, 0x8c, 0xb5, 0xc5, 0xac, 0x80, 0x33,
	0x88, 0x94, 0x8c, 0xb5, 0x90, 0xd6, 0x90, 0xd5, 0x90, 0xd5, 0x90, 0xd5,
	0x90, 0xd5, 0x90, 0xb4, 0x90, 0xd6, 0x90, 0xd5, 0x90, 0xd5, 0x90, 0xd5,
	0x90, 0xd6, 0x90, 0xd6, 0x90, 0xd5, 0x90, 0xd5, 0x90, 0xd6, 0x90, 0xd6,
	0x90, 0xd6, 0x90, 0xd6, 0x94, 0xf5, 0x9d, 0x32, 0x90, 0xd7, 0x90, 0xd6,
	0x99, 0x12, 0xff, 0xff, 0x90, 0xd6, 0x90, 0xd4, 0xf7, 0xbd, 0xff, 0xff,
	0x90, 0xd5, 0xa9, 0x72, 0xff, 0xff, 0xff, 0xff, 0xf3, 0x9c, 0xff, 0xff,
	0xff, 0xff, 0xff, 0xff, 0xff, 0xff, 0xff, 0xff, 0xff, 0xff, 0xff, 0xff,
	0xff, 0xff, 0xfb, 0xde, 0xeb, 0x5b, 0xe3, 0x39, 0xf7, 0xbd, 0xe3, 0x39,
	0xeb, 0x5b, 0xf7, 0xbe, 0xff, 0xff, 0xff, 0xff, 0xfb, 0xde, 0xf3, 0xbd,
	0xf7, 0xbd, 0xf3, 0x9c, 0xfb, 0xde, 0xff, 0xff, 0xe3, 0x19, 0xe3, 0x19,
	0xde, 0xf8, 0xe3, 0x19, 0xff, 0xff, 0xfb, 0xfe, 0xf3, 0xbd, 0xeb, 0x7b,
	0xc6, 0x32, 0x88, 0x8d, 0x8c, 0xb5, 0xa9, 0x73, 0xf7, 0xbd, 0xda, 0xd6,
	0xb1, 0xb2, 0xa1, 0x32, 0xf7, 0xbd, 0xff, 0xff, 0xde, 0xf7, 0xef, 0x7b,
	0xe7, 0x3a, 0xf3, 0x9c, 0xfb, 0xff, 0xde, 0xf7, 0xf7, 0xbd, 0xf7, 0xbd,
	0xf7, 0xbd, 0xf7, 0xbd, 0xf7, 0xbd, 0xf7, 0xbd, 0xf7, 0xbd, 0xf7, 0xbd,
	0xf7, 0xbd, 0xf7, 0xbd, 0xf7, 0xbd, 0xf7, 0xbd, 0xf7, 0xbd, 0xf7, 0xbd,
	0xf7, 0xbd, 0xf7, 0xbd, 0xf7, 0xbd, 0xf7, 0xbd, 0xf7, 0xbd, 0xf7, 0xbd,
	0xf7, 0xbd, 0xf7, 0xbd, 0xf7, 0xbd, 0xf7, 0xbd, 0xf7, 0xbd, 0xf7, 0xbd,
	0xf7, 0xbd, 0xf7, 0xbd, 0xf7, 0xbd, 0xf7, 0xbd, 0xf7, 0xbd, 0xf7, 0xbd,
	0xf7, 0xbd, 0xf7, 0xbd, 0xf7, 0xbd, 0xf7, 0xbd, 0xf7, 0xbd, 0xf7, 0xbd,
	0xf7, 0xbd, 0xf7, 0xbd, 0xf7, 0xbd, 0xf7, 0xbd, 0xf7, 0xbd, 0xf7, 0xbd,
	0xf7, 0xbd, 0xf7, 0xbd, 0xf7, 0xbd, 0xf7, 0xbd, 0xf7, 0xbd, 0xf7, 0xbd,
	0xfb, 0xde, 0xff, 0xff, 0xf7, 0xbd, 0xf7, 0xbd, 0xf7, 0xbd, 0xfb, 0xde,
	0xf7, 0xbd, 0xf7, 0xbd, 0xf7, 0xbd, 0xf7, 0xbd, 0xf7, 0xbd, 0xf7, 0xbd,
	0xf7, 0xbd, 0xf7, 0xbd, 0xff, 0xff, 0xf7, 0xff, 0xfc, 0x06, 0xa4, 0x09,
	0xff, 0xff, 0xfe, 0xd8, 0xf4, 0x01, 0xa4, 0xd0, 0xff, 0xff, 0xfd, 0x4e,
	0xd4, 0x00, 0x9d, 0xb6, 0xff, 0xff, 0xf1, 0x70, 0xa4, 0x4a, 0xc2, 0xbb,
	0xd3, 0xff, 0xfe, 0xb5, 0xe4, 0x03, 0xbc, 0x6d, 0xef, 0xff, 0xfc, 0xaa,
	0xb8, 0x07, 0xa1, 0x53, 0xff, 0xff, 0xe8, 0x6a, 0x98, 0x0c, 0xdb, 0x3c,
	0xff, 0xff, 0xeb, 0x9e, 0xe3, 0x7e, 0xff, 0xff, 0xfc, 0x07, 0xa8, 0x4d,
	0xcc, 0x08, 0xfc, 0x03, 0xec, 0x04, 0x98, 0x6e, 0xd9, 0x0f, 0xc4, 0xce,
	0xda, 0xfb, 0xdf, 0x7e, 0xfb, 0xff, 0xe3, 0x9f, 0xff, 0x39, 0xfe, 0xf9,
	0xfb, 0xff, 0xfd, 0x90, 0xec, 0x01, 0xac, 0xcf, 0xef, 0xff, 0xfb, 0xde,
	0xc1, 0xf6, 0xca, 0xdb, 0xff, 0xff, 0xff, 0x5b, 0xff, 0x19, 0xff, 0x9d,
	0xf6, 0x98, 0xf4, 0x03, 0xfc, 0x00, 0xa8, 0xf0, 0xd1, 0x72, 0xfc, 0x02,
	0xfb, 0xde, 0xff, 0xff, 0xff, 0xff, 0xff, 0xff, 0xfa, 0x75, 0xf9, 0x90,
	0xfc, 0x67, 0xc9, 0x10, 0xfc, 0x03, 0xf4, 0x00, 0xd8, 0x02, 0x88, 0x4e,
	0xdc, 0x07, 0xad, 0x33, 0xc2, 0xbb, 0xdf, 0x3c, 0xff, 0x1a, 0xf5, 0x2d,
	0xfc, 0x27, 0xfc, 0x01, 0xd0, 0xad, 0xf8, 0x00, 0xd4, 0x07, 0xc0, 0x8e,
	0xd4, 0x6b, 0xfc, 0x03, 0x9c, 0xd0, 0xcb, 0xff, 0xfc, 0x49, 0xec, 0x03,
	0xa9, 0x74, 0xff, 0xff, 0xf4, 0x01, 0xe8, 0x02, 0xc6, 0x58, 0xf6, 0xd9,
	0xf4, 0x29, 0xfc, 0x04, 0xa8, 0xd0, 0xd4, 0xcd, 0xfd, 0x0d, 0xfc, 0x04,
	0xa8, 0x6d, 0xd8, 0x09, 0xfc, 0x6a, 0xec, 0x06, 0xac, 0x6d, 0xf0, 0x07,
	0xfc, 0x00, 0xc4, 0x08, 0x96, 0xbd, 0xf1, 0xd2, 0xfc, 0x02, 0xa0, 0x0c,
	0xd7, 0xff, 0xff, 0xff, 0xfc, 0x04, 0xa4, 0xf1, 0xeb, 0xdf, 0xff, 0x9d,
	0xe8, 0x07, 0xa5, 0x32, 0xf4, 0x6a, 0xfc, 0x04, 0xe0, 0x00, 0x98, 0x0c,
	0xc4, 0x2b, 0xfc, 0x03, 0xd3, 0x1c, 0xdb, 0x3d, 0xf4, 0x49, 0xf4, 0x05,
	0xff, 0x7b, 0xff, 0x7b, 0xf4, 0x29, 0xf4, 0x06, 0xe4, 0x05, 0xac, 0x4c,
	0xf4, 0x08, 0xf0, 0x07, 0x94, 0x6e, 0xcf, 0xff, 0xff, 0xff, 0xff, 0xff,
	0xd0, 0x4b, 0xf1, 0x2f, 0xfc, 0x89, 0xc9, 0xf5, 0xfc, 0x04, 0xfc, 0x00,
	0xd4, 0x01, 0x88, 0x90, 0xc4, 0x6c, 0xc9, 0x31, 0xc1, 0xf6, 0xd2, 0xb9,
	0xfe, 0x13, 0xf4, 0x02, 0xe4, 0x07, 0xd8, 0xcd, 0xe5, 0x50, 0xf4, 0x05,
	0xfc, 0x07, 0xfc, 0x01, 0xec, 0xcd, 0xfc, 0x05, 0xe0, 0x08, 0xc8, 0x8d,
	0xfc, 0x49, 0xfc, 0x03, 0xa4, 0x4d, 0xbf, 0xff, 0xf9, 0x0d, 0xf4, 0x07,
	0xfc, 0x05, 0xa8, 0xf1, 0xf4, 0x02, 0xf4, 0x07, 0xec, 0x07, 0xa4, 0xf1,
	0xe0, 0x6b, 0xfc, 0x06, 0xdc, 0x09, 0xa8, 0xf0, 0xf5, 0xd2, 0xfc, 0x02,
	0xc8, 0x2b, 0xac, 0xd0, 0xd4, 0xee, 0xfc, 0x04, 0xe8, 0x05, 0xa5, 0x32,
	0xe8, 0x8b, 0xfc, 0x05, 0xcc, 0x06, 0xa9, 0xf7, 0xf8, 0x28, 0xfc, 0x05,
	0xb8, 0x08, 0xba, 0xdc, 0xfc, 0x07, 0xfc, 0x05, 0xac, 0x0b, 0xcb, 0xbf,
	0xff, 0xff, 0xfe, 0x96, 0xf0, 0x03, 0xfc, 0x05, 0xff, 0xff, 0xf9, 0xb1,
	0xf4, 0x03, 0xf8, 0x06, 0xff, 0xff, 0xf4, 0xcc, 0xf8, 0x03, 0xe0, 0x08,
	0xff, 0xff, 0xf4, 0x28, 0xfc, 0x04, 0xc4, 0x2a, 0xac, 0xf0, 0xc9, 0x10,
	0xfc, 0x04, 0xfc, 0x05, 0xa4, 0xf1, 0xdc, 0xad, 0xfc, 0x05, 0xf8, 0x05,
	0xa4, 0xf1, 0xf4, 0x49, 0xfc, 0x06, 0xe4, 0x05, 0xa8, 0xf1, 0xfc, 0x07,
	0xfc, 0x06, 0xc8, 0x07, 0xa8, 0x0a, 0xc7, 0x7f, 0xff, 0xff, 0xfb, 0x5c,
	0xa4, 0x8f, 0xe3, 0xff, 0xff, 0xff, 0xff, 0xff, 0xa5, 0xd6, 0xfa, 0x35,
	0xf8, 0xea, 0xf9, 0xb1, 0xae, 0x9a, 0xfc, 0xec, 0xec, 0x00, 0xf0, 0x03,
	0xe5, 0xd2, 0xc8, 0xed, 0xb5, 0xf6, 0xff, 0xff, 0xff, 0xff, 0xff, 0xff,
	0xff, 0xff, 0xff, 0xff, 0xfe, 0x54, 0xff, 0x5b, 0xff, 0xff, 0xff, 0xff,
	0xfc, 0x00, 0xac, 0x0a, 0xd3, 0x7e, 0xfb, 0xde, 0xf7, 0xbd, 0xff, 0xff,
	0xff, 0x48, 0xff, 0x40, 0xf7, 0xbd, 0xff, 0xff, 0xff, 0x91, 0xff, 0x20,
	0xf7, 0xbd, 0xfb, 0xde, 0xff, 0xdc, 0xff, 0x00, 0xf7, 0xbd, 0xf7, 0xbd,
	0xff, 0xff, 0xff, 0x46, 0xfe, 0x41, 0xa1, 0x14, 0x80, 0xb5, 0x80, 0xb3,
	0xfe, 0xa0, 0xc1, 0x4f, 0x80, 0xd8, 0x80, 0x92, 0xff, 0x20, 0xe1, 0xc8,
	0x84, 0xfa, 0x80, 0x94, 0xff, 0x40, 0xfa, 0x22, 0x84, 0x74, 0x80, 0x14,
	0x80, 0xb3, 0x80, 0xb3, 0x80, 0xb3, 0x80, 0xb3, 0x80, 0xb3, 0x80, 0xb3,
	0x80, 0xb3, 0x80, 0xb3, 0x80, 0xb4, 0x80, 0xb4, 0x80, 0xb4, 0x80, 0xb4,
	0x80, 0x32, 0x80, 0x33, 0x80, 0x33, 0x80, 0x33, 0x80, 0xb3, 0x80, 0xb3,
	0x80, 0xb3, 0x80, 0xb3, 0x80, 0xb3, 0x80, 0xb3, 0x80, 0xb3, 0x80, 0xb3,
	0x80, 0xb4, 0x80, 0xb4, 0x80, 0xb4, 0x80, 0xb4, 0x80, 0x33, 0x80, 0x33,
	0x80, 0x32, 0x80, 0x33, 0x80, 0xb3, 0x80, 0xb3, 0x80, 0xb3, 0x80, 0xb3,
	0x80, 0xb3, 0x80, 0xb3, 0x80, 0xb3, 0x80, 0xb3, 0x80, 0xb4, 0x80, 0xb4,
	0x80, 0xb3, 0x80, 0xb3, 0x80, 0x12, 0x80, 0x33, 0x80, 0x93, 0x80, 0xb3,
	0x80, 0xb3, 0x80, 0xb3, 0x80, 0xb3, 0x80, 0xb3, 0x80, 0xb3, 0x80, 0xb3,
	0x80, 0xb3, 0x80, 0xb3, 0x80, 0xb3, 0x80, 0xb3, 0x80, 0xb3, 0x80, 0xb3,
	0x80, 0xb3, 0x80, 0xb3, 0x80, 0xb3, 0x80, 0xb3, 0x80, 0xb3, 0x80, 0xb3,
	0x80, 0xb3, 0x80, 0xb3, 0x80, 0xb3, 0x80, 0xb3, 0x80, 0xb3, 0x80, 0xb3,
	0x80, 0xb3, 0x80, 0xb3, 0x80, 0xb4, 0x80, 0xb4, 0x80, 0xb3, 0x80, 0xd3,
	0x80, 0x53, 0x80, 0x12, 0x80, 0xb3, 0x80, 0xb5, 0x80, 0x4e, 0xee, 0xa0,
	0x80, 0xb3, 0x80, 0xb5, 0x80, 0x4e, 0xee, 0xa0, 0x80, 0xb4, 0x80, 0xb6,
	0x80, 0x4f, 0xee, 0xa0, 0x80, 0x33, 0x80, 0x14, 0x80, 0x0e, 0xea, 0xa0,
	0xff, 0x80, 0xfe, 0x21, 0xff, 0x7c, 0xfb, 0xde, 0xff, 0x80, 0xfe, 0x21,
	0xff, 0x7c, 0xfb, 0xde, 0xff, 0x80, 0xfe, 0x21, 0xff, 0x7c, 0xfb, 0xde,
	0xff, 0xa0, 0xfe, 0x21, 0xff, 0x7c, 0xfb, 0xde, 0xf7, 0xbd, 0xf7, 0xbd,
	0xf7, 0xbd, 0xf7, 0xbd, 0xf7, 0xbd, 0xf7, 0xbd, 0xf7, 0xbd, 0xf7, 0xbd,
	0xf7, 0xbd, 0xf7, 0xbd, 0xf7, 0xbd, 0xf7, 0xbd, 0xf7, 0xbd, 0xf7, 0xbd,
	0xf7, 0xbd, 0xf7, 0xbd, 0xf7, 0xbd, 0xf7, 0xbd, 0xf7, 0xbd, 0xf7, 0xbd,
	0xf7, 0xbd, 0xf7, 0xbd, 0xf7, 0xbd, 0xf7, 0xbd, 0xf7, 0xbd, 0xf7, 0xbd,
	0xf7, 0xbd, 0xf7, 0xbd, 0xf7, 0xbd, 0xf7, 0xbd, 0xf7, 0xbd, 0xf7, 0xbd,
	0xf7, 0xbd, 0xf7, 0xbd, 0xf7, 0xbd, 0xf7, 0xbd, 0xf7, 0xbd, 0xf7, 0xbd,
	0xf7, 0xbd, 0xf7, 0xbd, 0xf7, 0xbd, 0xf7, 0xbd, 0xf7, 0xbd, 0xf7, 0xbd,
	0xf7, 0xbd, 0xf7, 0xbd, 0xf7, 0xbd, 0xf7, 0xbd, 0xf7, 0xbd, 0xf7, 0xbd,
	0xf7, 0xbd, 0xf7, 0xbd, 0xf7, 0xbd, 0xf7, 0xbd, 0xf7, 0xbd, 0xf7, 0xbd,
	0xf7, 0xbd, 0xf7, 0xbd, 0xf7, 0xbd, 0xf7, 0xbd, 0xf7, 0xbd, 0xf7, 0xbd,
	0xf7, 0xbd, 0xf7, 0xbd, 0xf7, 0xbd, 0xf7, 0xbd, 0xf7, 0xbd, 0xf7, 0xbd,
	0xf7, 0xbd, 0xf7, 0xbd, 0xf7, 0xbd, 0xf7, 0xbd, 0xf7, 0xbd, 0xf7, 0xbd,
	0xf7, 0xbd, 0xf7, 0xbd, 0xf7, 0xbd, 0xf7, 0xbd, 0xf7, 0xbd, 0xf7, 0xbd,
	0xc2, 0x35, 0x88, 0xbf, 0xd2, 0x9a, 0xff, 0xfa, 0xe3, 0x18, 0x8c, 0xfb,
	0x94, 0xfe, 0xef, 0x58, 0xf7, 0xbd, 0xa9, 0x93, 0x88, 0xbd, 0xa5, 0x5b,
	0xf7, 0xbd, 0xd2, 0x96, 0x99, 0x59, 0x80, 0x79, 0xf7, 0xbd, 0xfb, 0xbd,
	0xfb, 0xde, 0xe7, 0xf9, 0xfb, 0xdb, 0xf7, 0xbd, 0xff, 0x9e, 0xe7, 0x97,
	0xef, 0x36, 0xf7, 0x9a, 0xf3, 0x9b, 0xf3, 0x3b, 0xa9, 0x31, 0xd2, 0x2d,
	0xda, 0x72, 0xde, 0xb2, 0x88, 0xe3, 0x94, 0x82, 0x94, 0x81, 0x80, 0x00,
	0x9b, 0x48, 0x80, 0x00, 0x80, 0x00, 0x80, 0x00, 0xd7, 0x13, 0xc2, 0xab,
	0xa5, 0x06, 0x8c, 0x62, 0xfb, 0x35, 0xff, 0xf9, 0xff, 0xf6, 0xfb, 0x71,
	0xc1, 0xed, 0xff, 0x76, 0xea, 0xd1, 0xe6, 0xb1, 0x80, 0x00, 0xcd, 0xe9,
	0xff, 0xd3, 0xff, 0x72, 0x98, 0xa3, 0xe6, 0xce, 0xff, 0xd5, 0xff, 0xb4,
	0xff, 0x92, 0xff, 0x72, 0xf7, 0x30, 0xf7, 0x30, 0xe6, 0xb1, 0xe6, 0xd2,
	0xe6, 0xd2, 0xea, 0xd1, 0xff, 0x72, 0xff, 0x72, 0xff, 0x71, 0xff, 0x92,
	0xff, 0x93, 0xfb, 0x71, 0xf7, 0x30, 0xf3, 0x0f, 0xf7, 0x0f, 0xf2, 0xee,
	0xf2, 0xce, 0xee, 0xcd, 0xf7, 0x31, 0xff, 0xb4, 0xff, 0xb4, 0xff, 0x92,
	0xff, 0x92, 0xfb, 0x51, 0xf7, 0x10, 0xf7, 0x0f, 0xf2, 0xee, 0xf2, 0xee,
	0xf2, 0xee, 0xee, 0xac, 0xee, 0xcd, 0xee, 0xcd, 0xee, 0xac, 0xe2, 0x09,
	0xf7, 0x30, 0xe2, 0x2a, 0xe2, 0x08, 0xf2, 0x68, 0xe6, 0x6b, 0xde, 0x29,
	0xea, 0x6b, 0xee, 0x47, 0xe2, 0x2a, 0xe6, 0x4a, 0xe6, 0x28, 0xdd, 0xe7,
	0xe2, 0x09, 0xdd, 0xe8, 0xee, 0x05, 0xb9, 0x4a, 0xc1, 0x8b, 0x80, 0x52,
	0x88, 0x94, 0x8c, 0xb5, 0xad, 0x0c, 0x80, 0x33, 0x88, 0x94, 0x8c, 0xb4,
	0x8c, 0x8e, 0x80, 0x52, 0x88, 0x93, 0x8c, 0xb1, 0x80, 0x31, 0x84, 0x71,
	0x84, 0x71, 0xa1, 0x31, 0x90, 0xd5, 0x90, 0xd4, 0x9d, 0x34, 0x9d, 0x34,
	0x99, 0x12, 0xef, 0x7d, 0xff, 0xff, 0xff, 0xff, 0xef, 0x7b, 0xff, 0xff,
	0xff, 0xff, 0xff, 0xff, 0xf7, 0xde, 0xfb, 0xde, 0xff, 0xff, 0xff, 0xff,
	0x90, 0xd4, 0xb5, 0xd2, 0xfb, 0xff, 0xf3, 0xbd, 0xd6, 0xb8, 0xbe, 0x12,
	0xe3, 0x39, 0xe3, 0x19, 0xff, 0xff, 0xd6, 0xd7, 0xc2, 0x12, 0xe3, 0x19,
	0xfb, 0xde, 0xd6, 0xb6, 0xad, 0x8d, 0xe7, 0x3a, 0xe3, 0x19, 0xf3, 0x9c,
	0xff, 0xff, 0xff, 0xff, 0xeb, 0x7b, 0xff, 0xff, 0xff, 0xff, 0xff, 0xff,
	0xfb, 0xde, 0xff, 0xff, 0xfb, 0xde, 0xeb, 0x5a, 0xff, 0xff, 0xf3, 0x9c,
	0xe3, 0x39, 0xe7, 0x5a, 0xff, 0xff, 0xff, 0xff, 0xff, 0xff, 0xff, 0xff,
	0xff, 0xff, 0xfb, 0xff, 0xf7, 0xbd, 0xf7, 0xbd, 0xdf, 0x18, 0xde, 0xf8,
	0xda, 0xf7, 0xda, 0xf8, 0xef, 0x9c, 0xf7, 0xbd, 0xf7, 0xbd, 0xf3, 0x9d,
	0xff, 0xff, 0xf3, 0xbd, 0xfb, 0xff, 0xf3, 0x9c, 0xff, 0xff, 0xff, 0xff,
	0xfb, 0xde, 0xff, 0xff, 0xde, 0xf8, 0xe3, 0x19, 0xf7, 0xbd, 0xff, 0xff,
	0xef, 0x7b, 0xeb, 0x5a, 0xef, 0x9c, 0xf7, 0xbd, 0xeb, 0x5a, 0xf7, 0xbd,
	0xf7, 0xbd, 0xf7, 0xbd, 0xe7, 0x3a, 0xf3, 0x9c, 0xf7, 0xbd, 0xf7, 0xbd,
	0xff, 0xff, 0xda, 0xd6, 0xf7, 0xbd, 0xf7, 0xbd, 0xff, 0xff, 0xf7, 0xbd,
	0xe7, 0x39, 0xf7, 0xbd, 0xf7, 0xbd, 0xf7, 0xbd, 0xf7, 0xbd, 0xf7, 0xbd,
	0xf7, 0xbd, 0xf7, 0xbd, 0xf7, 0xbd, 0xf7, 0xbd, 0xf7, 0xbd, 0xf7, 0xbd,
	0xf7, 0xbd, 0xf7, 0xbd, 0xf7, 0xbd, 0xf7, 0xbd, 0xf7, 0xbd, 0xf7, 0xbd,
	0xf7, 0xbd, 0xf7, 0xbd, 0xf7, 0xbd, 0xf7, 0xbd, 0xf7, 0xbd, 0xf7, 0xbd,
	0xf7, 0xbd, 0xf7, 0xbd, 0xf7, 0xbd, 0xf7, 0xbd, 0xf7, 0xbd, 0xf7, 0xbd,
	0xf7, 0xbd, 0xf7, 0xbd, 0xf7, 0xbd, 0xf7, 0xbd, 0xf7, 0xbd, 0xf7, 0xbd,
	0xf7, 0xbd, 0xfb, 0xde, 0xf7, 0xbd, 0xf7, 0xbd, 0xf7, 0xbd, 0xf7, 0xbd,
	0xf7, 0xbd, 0xf7, 0xbd, 0xf7, 0xbd, 0xf7, 0xbd, 0xf7, 0xbd, 0xf7, 0xbd,
	0xf7, 0xbd, 0xf7, 0xbd, 0xff, 0xff, 0xf7, 0xff, 0xeb, 0xdf, 0xff, 0xff,
	0xff, 0xff, 0xfb, 0xde, 0xf7, 0xbd, 0xf7, 0xbd, 0xf7, 0xbd, 0xf7, 0xbd,
	0xf7, 0xbd, 0xf7, 0xbd, 0xf7, 0xbd, 0xf7, 0xbd, 0xf7, 0xbd, 0xf7, 0xbd,
	0xff, 0xff, 0xfb, 0xde, 0xff, 0xff, 0xf9, 0x4f, 0xf7, 0xbd, 0xf7, 0xbd,
	0xff, 0xff, 0xf8, 0x6a, 0xf7, 0xbd, 0xfb, 0xde, 0xff, 0xbd, 0xfc, 0x06,
	0xf7, 0xbd, 0xfb, 0xde, 0xfe, 0xd9, 0xf0, 0x04, 0xfc, 0x00, 0xa4, 0x0b,
	0xd3, 0x9f, 0xfc, 0x8a, 0xec, 0x01, 0x9d, 0xb6, 0xef, 0xdf, 0xfc, 0x05,
	0xd8, 0x05, 0xb1, 0xd6, 0xfe, 0x34, 0xfc, 0x03, 0xf4, 0x07, 0xfc, 0x05,
	0xf8, 0x05, 0xfc, 0x05, 0xe8, 0x03, 0xa1, 0x74, 0xed, 0x2f, 0xfc, 0x02,
	0xd0, 0x07, 0xa9, 0xd6, 0xfc, 0xec, 0xf4, 0x05, 0xbc, 0x0a, 0xb1, 0xf6,
	0xfc, 0x69, 0xf8, 0x07, 0xb0, 0x8f, 0xc1, 0xd5, 0xfc, 0x06, 0xf0, 0x06,
	0xa8, 0x09, 0xaa, 0xfd, 0xff, 0xff, 0xff, 0xdd, 0xe0, 0x09, 0xfc, 0x47,
	0xc9, 0x10, 0xce, 0x37, 0xfc, 0x05, 0xe0, 0x02, 0x8c, 0xd1, 0xd5, 0xd4,
	0xa8, 0xaf, 0xc2, 0x9a, 0xe3, 0xbf, 0xfd, 0x91, 0xfc, 0x05, 0xd4, 0x05,
	0xae, 0x38, 0xff, 0xff, 0xfc, 0x04, 0xc4, 0x06, 0xb3, 0x1d, 0xff, 0x7b,
	0xfc, 0x03, 0xb4, 0x09, 0xbf, 0xff, 0xfe, 0x76, 0xfc, 0x01, 0xa4, 0x6e,
	0xc6, 0xfb, 0xfc, 0x88, 0xfc, 0x06, 0xd8, 0x08, 0xac, 0x6d, 0xfc, 0x06,
	0xfc, 0x02, 0xc4, 0x2b, 0xa8, 0x6d, 0xfc, 0x04, 0xfc, 0x00, 0xa8, 0x8e,
	0xb8, 0xd0, 0xfc, 0x03, 0xe8, 0x02, 0x91, 0xb7, 0xee, 0x14, 0xf8, 0x01,
	0xd4, 0x08, 0xad, 0x95, 0xf5, 0x0e, 0xf8, 0x04, 0xc0, 0x07, 0xb7, 0x3e,
	0xfb, 0xff, 0xfc, 0x03, 0xbc, 0x08, 0xb7, 0x7f, 0xfe, 0x75, 0xfc, 0x01,
	0xec, 0x08, 0xf4, 0xab, 0xf8, 0x05, 0xfc, 0x02, 0xd4, 0x09, 0xa8, 0x4d,
	0xfc, 0x05, 0xc4, 0x06, 0xc4, 0x2b, 0xb0, 0x6d, 0xfc, 0x04, 0xb8, 0x09,
	0xb8, 0x4c, 0xb8, 0x4c, 0xfc, 0x05, 0xf0, 0x08, 0xa8, 0x0a, 0xbc, 0x08,
	0xfc, 0x02, 0xec, 0x04, 0x9a, 0x7b, 0xf7, 0xff, 0xff, 0xff, 0xff, 0xbc,
	0xbe, 0x9a, 0xff, 0x5b, 0xfe, 0xf9, 0xf6, 0x14, 0xf8, 0x08, 0xfc, 0x03,
	0xd8, 0x07, 0xc0, 0x09, 0xe0, 0x03, 0xdc, 0x04, 0xa8, 0x0a, 0xb8, 0x8e,
	0xf4, 0x04, 0xf4, 0x04, 0xa4, 0xf1, 0xf3, 0xff, 0xf8, 0x03, 0xe0, 0x05,
	0xa9, 0xb6, 0xff, 0xff, 0xfc, 0x01, 0xc8, 0x04, 0xa6, 0x9b, 0xff, 0x9c,
	0xd8, 0x6a, 0xa8, 0x6d, 0xcb, 0x3d, 0xff, 0xbd, 0xfd, 0x0d, 0xfc, 0x02,
	0xb8, 0x6d, 0xb5, 0x11, 0xf8, 0x28, 0xfc, 0x03, 0xb0, 0xcf, 0xc1, 0x73,
	0xf0, 0x01, 0xf4, 0x00, 0x98, 0x8f, 0xd6, 0xb9, 0xe1, 0xf2, 0xd1, 0x71,
	0xbe, 0x38, 0xfb, 0xff, 0xfc, 0x06, 0xfc, 0x05, 0xa8, 0x6e, 0xdf, 0xff,
	0xfc, 0x05, 0xfc, 0x04, 0xa8, 0xd0, 0xe3, 0xff, 0xfc, 0x04, 0xf8, 0x05,
	0xe4, 0x4a, 0xe9, 0x2f, 0xfd, 0x91, 0xec, 0x03, 0xf8, 0x01, 0xf8, 0x00,
	0xff, 0x7b, 0xf0, 0x04, 0xfc, 0x05, 0xac, 0x6e, 0xfd, 0x90, 0xf8, 0x03,
	0xf8, 0x05, 0x99, 0x75, 0xfc, 0x06, 0xfc, 0x04, 0xa8, 0x07, 0xaf, 0x3e,
	0xe8, 0x03, 0xb0, 0x07, 0x95, 0x96, 0xf7, 0xff, 0xb9, 0x32, 0xfc, 0x06,
	0xfc, 0x05, 0xb4, 0x09, 0xe5, 0xf4, 0xfc, 0x04, 0xfc, 0x05, 0xac, 0x0b,
	0xfe, 0xb6, 0xf0, 0x02, 0xfc, 0x05, 0xb8, 0x09, 0xff, 0x9c, 0xf0, 0x04,
	0xf4, 0x03, 0xf0, 0x06, 0xbe, 0xfc, 0xfb, 0x3b, 0xe8, 0xcc, 0xf8, 0x05,
	0xcb, 0x7f, 0xff, 0xff, 0xf9, 0x2f, 0xf8, 0x02, 0xcf, 0xff, 0xff, 0xff,
	0xf4, 0x07, 0xfc, 0x04, 0xed, 0x50, 0xf9, 0x90, 0xf0, 0x06, 0xfc, 0x05,
	0xf8, 0x05, 0x9c, 0x8f, 0xe7, 0xff, 0xf7, 0xbd, 0xdc, 0x05, 0xa5, 0x74,
	0xff, 0xff, 0xf7, 0xbd, 0xc4, 0x07, 0xae, 0x38, 0xff, 0xff, 0xf7, 0xbd,
	0xb0, 0x09, 0xbe, 0xfc, 0xfb, 0xde, 0xf7, 0xbd, 0xf7, 0xbd, 0xf7, 0xbd,
	0xff, 0xff, 0xff, 0x90, 0xf7, 0xbd, 0xf7, 0xbd, 0xfb, 0xde, 0xff, 0xda,
	0xf7, 0xbd, 0xf7, 0xbd, 0xf7, 0xbd, 0xff, 0xff, 0xf7, 0xbd, 0xf7, 0xbd,
	0xf7, 0xbd, 0xff, 0xff, 0xff, 0x00, 0xfe, 0xe1, 0xd5, 0xc3, 0xc9, 0xa4,
	0xff, 0x00, 0xff, 0x40, 0xff, 0x80, 0xff, 0xa0, 0xfe, 0xe5, 0xfe, 0x40,
	0xfe, 0x60, 0xfe, 0x60, 0xff, 0xbd, 0xff, 0x5a, 0xff, 0x7a, 0xff, 0x7a,
	0xc9, 0xa4, 0xc9, 0xa4, 0xc9, 0xa4, 0xc9, 0xa4, 0xff, 0xa0, 0xff, 0xa0,
	0xff, 0xa0, 0xff, 0xa0, 0xfe, 0x60, 0xfe, 0x60, 0xfe, 0x60, 0xfe, 0x60,
	0xff, 0x7a, 0xff, 0x7a, 0xff, 0x7a, 0xff, 0x7a, 0xc9, 0xa4, 0xc9, 0xa4,
	0xc9, 0xa4, 0xc9, 0xa4, 0xff, 0xa0, 0xff, 0xa0, 0xff, 0xa0, 0xff, 0x80,
	0xfe, 0x60, 0xfe, 0x60, 0xfe, 0x60, 0xfe, 0xe1, 0xff, 0x7a, 0xff, 0x7a,
	0xff, 0x7a, 0xff, 0x6c, 0xc9, 0xc3, 0xc9, 0x84, 0xa1, 0x33, 0x80, 0xb5,
	0xff, 0xc0, 0xfe, 0xe0, 0xc9, 0xf4, 0x80, 0xd6, 0xff, 0x61, 0xfe, 0x80,
	0xc5, 0xd5, 0x80, 0xd6, 0xff, 0x40, 0xfe, 0x61, 0xc1, 0xd5, 0x80, 0xd6,
	0x80, 0xb3, 0x80, 0xb3, 0x80, 0xb3, 0x80, 0xb3, 0x80, 0x93, 0x80, 0xb3,
	0x80, 0xb3, 0x80, 0xb3, 0x80, 0x93, 0x80, 0xb3, 0x80, 0xb3, 0x80, 0xb3,
	0x80, 0x93, 0x80, 0xb3, 0x80, 0xb3, 0x80, 0xb3, 0x80, 0xb4, 0x80, 0x52,
	0xad, 0x25, 0xca, 0x03, 0x80, 0xb5, 0x80, 0x12, 0xda, 0x40, 0xff, 0xe0,
	0x80, 0xb4, 0x80, 0x12, 0xcd, 0xe2, 0xff, 0xa0, 0x80, 0xb4, 0x80, 0x12,
	0xcd, 0xe2, 0xff, 0xc0, 0xc9, 0xa4, 0xc9, 0xa4, 0xc9, 0xc3, 0xf7, 0x20,
	0xff, 0x80, 0xff, 0xa0, 0xff, 0xc0, 0xff, 0x40, 0xff, 0x02, 0xfe, 0x80,
	0xfe, 0x60, 0xfe, 0x60, 0xfe, 0x60, 0xfa, 0xb1, 0xff, 0x5a, 0xff, 0x7a,
	0xff, 0x40, 0xfe, 0x21, 0xff, 0x7c, 0xf7, 0xbd, 0xff, 0x20, 0xfe, 0x40,
	0xff, 0x7c, 0xf7, 0xbd, 0xfe, 0x80, 0xf9, 0xc0, 0xff, 0x7c, 0xf7, 0xbd,
	0xff, 0x5a, 0xff, 0x7a, 0xff, 0xff, 0xf7, 0xbd, 0xf7, 0xbd, 0xf7, 0xbd,
	0xf7, 0xbd, 0xf7, 0xbd, 0xf7, 0xbd, 0xf7, 0xbd, 0xf7, 0xbd, 0xf7, 0xbd,
	0xf7, 0xbd, 0xf7, 0xbd, 0xf7, 0xbd, 0xf7, 0xbd, 0xf7, 0xbd, 0xf7, 0xbd,
	0xf7, 0xbd, 0xf7, 0xbd, 0xf7, 0xbd, 0xf7, 0xbd, 0xf7, 0xbd, 0xf7, 0xbd,
	0xf3, 0x9c, 0xf3, 0x9c, 0xf3, 0x9c, 0xf3, 0x9c, 0xf3, 0x9c, 0xf3, 0x9c,
	0xf3, 0x9c, 0xf3, 0x9c, 0xf3, 0x9c, 0xf3, 0x9c, 0xf3, 0x9c, 0xf3, 0x9c,
	0xf7, 0xbd, 0xf7, 0xbd, 0xf7, 0xbd, 0xf7, 0xbd, 0xf3, 0x9c, 0xf3, 0x9c,
	0xf3, 0x9c, 0xf3, 0x9c, 0xf3, 0x9c, 0xf3, 0x9c, 0xf3, 0x9c, 0xf3, 0x9c,
	0xf3, 0x9c, 0xf3, 0x9c, 0xf3, 0x9c, 0xf3, 0x9c, 0xf7, 0xbd, 0xf7, 0xbd,
	0xf7, 0xbd, 0xf7, 0xbd, 0xf3, 0x9c, 0xf3, 0x9c, 0xf3, 0x9c, 0xf3, 0x9c,
	0xf3, 0x9c, 0xf3, 0x9c, 0xf3, 0x9c, 0xf3, 0x9c, 0xf3, 0x9c, 0xf3, 0x9c,
	0xf3, 0x9c, 0xf3, 0x9c, 0xf7, 0xbd, 0xf7, 0xbd, 0xf7, 0xbd, 0xf7, 0xbd,
	0xf3, 0x9c, 0xf3, 0x9c, 0xf3, 0x9c, 0xf3, 0x9c, 0xf3, 0x9c, 0xf3, 0x9c,
	0xf3, 0x9c, 0xf3, 0x9c, 0xf3, 0x9c, 0xf3, 0x9c, 0xf3, 0x9c, 0xf3, 0x9c,
	0xf7, 0xbd, 0xf7, 0xbd, 0x90, 0xf5, 0xca, 0x35, 0xf3, 0x9c, 0xf3, 0x9c,
	0xb1, 0xd5, 0xc2, 0x18, 0xf3, 0x9c, 0xf3, 0x9c, 0xe7, 0x39, 0x88, 0xd9,
	0xf3, 0x9c, 0xf3, 0x9c, 0xf3, 0x9c, 0xa1, 0x54, 0xe7, 0x10, 0xe2, 0xaf,
	0xef, 0x11, 0xff, 0xb4, 0xff, 0xf0, 0xff, 0xd4, 0xff, 0xd5, 0xff, 0x93,
	0xc9, 0xf1, 0xff, 0x2c, 0xf3, 0x0f, 0xf2, 0xef, 0x84, 0xba, 0xc9, 0xcf,
	0xfe, 0xea, 0xf6, 0xcc, 0xff, 0xf6, 0xff, 0x94, 0xff, 0x72, 0xff, 0x72,
	0xfb, 0x51, 0xf7, 0x31, 0xf7, 0x30, 0xf7, 0x0f, 0xf2, 0xef, 0xf2, 0xef,
	0xf2, 0xee, 0xf2, 0xee, 0xea, 0xad, 0xee, 0xad, 0xee, 0xac, 0xee, 0x8c,
	0xfb, 0x51, 0xf7, 0x10, 0xf3, 0x0f, 0xf2, 0xee, 0xf3, 0x0f, 0xf2, 0xef,
	0xf2, 0xee, 0xee, 0xcd, 0xee, 0xce, 0xee, 0xcd, 0xee, 0xad, 0xee, 0x8c,
	0xee, 0x8c, 0xea, 0x8b, 0xea, 0x6b, 0xea, 0x6a, 0xf2, 0xee, 0xee, 0xcd,
	0xee, 0xad, 0xee, 0xad, 0xee, 0xad, 0xee, 0xac, 0xee, 0xac, 0xea, 0x6a,
	0xea, 0x8b, 0xea, 0x8b, 0xe6, 0x29, 0xe2, 0x09, 0xea, 0x4a, 0xe6, 0x4a,
	0xe1, 0xe8, 0xe6, 0x29, 0xee, 0xad, 0xea, 0x6a, 0xe2, 0x08, 0xe2, 0x09,
	0xe2, 0x08, 0xe2, 0x09, 0xe2, 0x09, 0xdd, 0xe8, 0xe2, 0x2a, 0xe2, 0x29,
	0xdd, 0xe8, 0xe5, 0xe6, 0xe6, 0x29, 0xe1, 0xc6, 0xe1, 0xc5, 0xc5, 0x45,
	0xdd, 0xe8, 0xe5, 0xe6, 0xd9, 0xa6, 0x84, 0x6e, 0xe5, 0xe6, 0xe1, 0xc5,
	0x94, 0x8b, 0x80, 0x2e, 0xd9, 0xa5, 0x94, 0x89, 0x80, 0x0c, 0x80, 0x4a,
	0x8c, 0x47, 0x80, 0x08, 0x80, 0x26, 0x80, 0x26, 0x80, 0x50, 0x84, 0x70,
	0x84, 0x6f, 0x8c, 0xaf, 0x84, 0x6d, 0x84, 0x6d, 0x84, 0x6e, 0x88, 0x8f,
	0x80, 0x4a, 0x80, 0x4a, 0x80, 0x4b, 0x84, 0x6c, 0x80, 0x26, 0x80, 0x27,
	0x80, 0x48, 0x84, 0x4a, 0xef, 0x9c, 0xfb, 0xff, 0xff, 0xff, 0xfb, 0xde,
	0xb9, 0xf1, 0xfb, 0xde, 0xef, 0x7b, 0xeb, 0x7b, 0x88, 0x8c, 0xce, 0x75,
	0xe7, 0x5a, 0xd6, 0xd6, 0x84, 0x6b, 0x88, 0x8c, 0xc6, 0x54, 0xd6, 0xb6,
	0xf3, 0x9c, 0xc2, 0x12, 0xa9, 0x4c, 0xef, 0x7b, 0xda, 0xd7, 0xad, 0x8d,
	0xb5, 0xaf, 0xeb, 0x5b, 0xbe, 0x11, 0xb5, 0xaf, 0xc6, 0x53, 0xda, 0xf7,
	0xc2, 0x32, 0xd6, 0xb6, 0xda, 0xf8, 0xd2, 0xb6, 0xf3, 0xbd, 0xe3, 0x39,
	0xf7, 0xbd, 0xff, 0xff, 0xe7, 0x3a, 0xef, 0x7b, 0xff, 0xff, 0xff, 0xff,
	0xe3, 0x39, 0xf7, 0xbd, 0xff, 0xff, 0xff, 0xff, 0xda, 0xf7, 0xf7, 0xbd,
	0xfb, 0xde, 0xf3, 0xbc, 0xff, 0xff, 0xff, 0xff, 0xff, 0xff, 0xff, 0xff,
	0xff, 0xff, 0xff, 0xff, 0xff, 0xff, 0xff, 0xff, 0xff, 0xff, 0xfb, 0xde,
	0xf7, 0xbd, 0xf7, 0xbd, 0xde, 0xf7, 0xd6, 0xb6, 0xe7, 0x5a, 0xef, 0x7b,
	0xff, 0xff, 0xff, 0xff, 0xff, 0xff, 0xf3, 0xbd, 0xff, 0xff, 0xff, 0xff,
	0xff, 0xff, 0xff, 0xff, 0xfb, 0xde, 0xfb, 0xde, 0xfb, 0xde, 0xfb, 0xde,
	0xf3, 0x9c, 0xf3, 0xbd, 0xf7, 0xbd, 0xf7, 0xbd, 0xf3, 0x9c, 0xf7, 0xbd,
	0xda, 0xd7, 0xf7, 0xbd, 0xf7, 0xbd, 0xeb, 0x7b, 0xda, 0xd6, 0xf3, 0x9c,
	0xf7, 0xbd, 0xef, 0x7c, 0xda, 0xd6, 0xf3, 0x9c, 0xf3, 0xbd, 0xef, 0x9c,
	0xd6, 0xb6, 0xf3, 0x9c, 0xf7, 0xbd, 0xf7, 0xbd, 0xf7, 0xbd, 0xf7, 0xbd,
	0xf3, 0x9c, 0xf3, 0x9c, 0xf3, 0x9c, 0xf3, 0x9c, 0xf3, 0x9c, 0xf3, 0x9c,
	0xf3, 0x9c, 0xf3, 0x9c, 0xf3, 0x9c, 0xf3, 0x9c, 0xf3, 0x9c, 0xf3, 0x9c,
	0xf7, 0xbd, 0xf7, 0xbd, 0xf7, 0xbd, 0xf7, 0xbd, 0xf3, 0x9c, 0xf3, 0x9c,
	0xf3, 0x9c, 0xf3, 0x9c, 0xf3, 0x9c, 0xf3, 0x9c, 0xf3, 0x9c, 0xf3, 0x9c,
	0xf3, 0x9c, 0xf3, 0x9c, 0xf3, 0x9c, 0xf3, 0x9c, 0xf7, 0xbd, 0xf7, 0xbd,
	0xf7, 0xbd, 0xf7, 0xbd, 0xf3, 0x9c, 0xf3, 0x9c, 0xf3, 0x9c, 0xf3, 0x9c,
	0xf3, 0x9c, 0xf3, 0x9c, 0xf3, 0x9c, 0xf3, 0x9c, 0xf3, 0x9c, 0xf3, 0x9c,
	0xf3, 0x9c, 0xf3, 0x9c, 0xf7, 0xbd, 0xf7, 0xbd, 0xf7, 0xbd, 0xf7, 0xbd,
	0xf3, 0x9c, 0xf3, 0x9c, 0xf3, 0x9c, 0xf3, 0x9c, 0xf3, 0x9c, 0xf3, 0x9c,
	0xf3, 0x9c, 0xf3, 0x9c, 0xf3, 0x9c, 0xf3, 0x9c, 0xf3, 0x9c, 0xf3, 0x9c,
	0xf7, 0xbd, 0xff, 0xff, 0xfa, 0x14, 0xf4, 0x03, 0xf3, 0x9c, 0xff, 0xff,
	0xf9, 0x70, 0xfc, 0x01, 0xf7, 0xbd, 0xff, 0xff, 0xf8, 0xab, 0xf4, 0x02,
	0xf7, 0xbd, 0xff, 0xbe, 0xfc, 0x07, 0xdc, 0x04, 0xf4, 0x07, 0xd0, 0x08,
	0xe4, 0x08, 0xfc, 0x05, 0xb0, 0x6d, 0xb2, 0xfd, 0xf4, 0xab, 0xec, 0x03,
	0xa1, 0x53, 0xf3, 0xdf, 0xfc, 0x27, 0xd0, 0x06, 0xaa, 0x59, 0xfe, 0xd8,
	0xfc, 0x00, 0xb4, 0x07, 0xa9, 0x32, 0xd5, 0xb3, 0xfc, 0x03, 0xc4, 0x06,
	0xa5, 0xb5, 0xed, 0x71, 0xf8, 0x03, 0xd8, 0x08, 0xa5, 0xd6, 0xfc, 0xcc,
	0xfc, 0x03, 0xfc, 0x04, 0xb1, 0xf6, 0xf0, 0x8b, 0xc4, 0x08, 0xc0, 0xae,
	0x96, 0x5b, 0xff, 0xff, 0xff, 0xff, 0xf4, 0xed, 0xdc, 0xce, 0xfc, 0xab,
	0xc5, 0x73, 0xf0, 0x07, 0xfc, 0x00, 0xb4, 0x03, 0x98, 0xd1, 0xe1, 0x50,
	0xc1, 0x93, 0xc6, 0x58, 0xef, 0xbe, 0xf7, 0xff, 0xf4, 0x03, 0xe8, 0x49,
	0xfc, 0x05, 0xf0, 0x01, 0xf4, 0x03, 0xe4, 0x04, 0xc8, 0x07, 0xa0, 0xd1,
	0xb8, 0xf0, 0xc6, 0x37, 0xcb, 0x1d, 0xf3, 0xff, 0xf3, 0xff, 0xff, 0xff,
	0xfb, 0xde, 0xf7, 0xbd, 0x88, 0x0c, 0xc7, 0x9f, 0xff, 0xbd, 0xf0, 0x06,
	0xc3, 0x1d, 0xff, 0xff, 0xff, 0xff, 0xff, 0x9d, 0xff, 0xff, 0xf7, 0xbd,
	0xf3, 0x9c, 0xfb, 0xde, 0xf3, 0x9c, 0xf3, 0x9c, 0xf3, 0x9c, 0xf3, 0x9c,
	0xec, 0x02, 0xd0, 0x02, 0xac, 0x8e, 0xd5, 0x52, 0xd6, 0x35, 0xbe, 0x58,
	0xdf, 0xdf, 0xf7, 0xff, 0xff, 0xff, 0xff, 0xff, 0xfb, 0xde, 0xf7, 0xbd,
	0xf3, 0x9c, 0xf3, 0x9c, 0xf3, 0x9c, 0xf3, 0x9c, 0xb5, 0x74, 0xdd, 0xf5,
	0xcd, 0x72, 0xcd, 0xd5, 0xff, 0xff, 0xff, 0xff, 0xfb, 0xff, 0xff, 0xff,
	0xf7, 0xbd, 0xf7, 0xbd, 0xf7, 0xbd, 0xf3, 0x9c, 0xf3, 0x9c, 0xf3, 0x9c,
	0xf3, 0x9c, 0xf3, 0x9c, 0xd2, 0x58, 0xd2, 0xda, 0xdb, 0x3c, 0xf3, 0xdf,
	0xff, 0xff, 0xfb, 0xde, 0xfb, 0xde, 0xfb, 0xde, 0xf3, 0x9c, 0xf3, 0x9c,
	0xf3, 0x9c, 0xf3, 0x9c, 0xf3, 0x9c, 0xf3, 0x9c, 0xf3, 0x9c, 0xf3, 0x9c,
	0xe7, 0xdf, 0xf3, 0xff, 0xff, 0xff, 0xff, 0xff, 0xf7, 0xbd, 0xf7, 0xbd,
	0xf7, 0xbd, 0xf7, 0xbd, 0xf3, 0x9c, 0xf3, 0x9c, 0xf3, 0x9c, 0xf3, 0x9c,
	0xf3, 0x9c, 0xf3, 0x9c, 0xf3, 0x9c, 0xf3, 0x9c, 0xff, 0xff, 0xff, 0xff,
	0xff, 0xff, 0xff, 0xff, 0xf3, 0x9c, 0xf3, 0x9c, 0xf3, 0x9c, 0xf3, 0x9c,
	0xf3, 0x9c, 0xf3, 0x9c, 0xf3, 0x9c, 0xf3, 0x9c, 0xf3, 0x9c, 0xf3, 0x9c,
	0xf3, 0x9c, 0xf3, 0x9c, 0xff, 0xff, 0xf6, 0xd9, 0xdd, 0xb1, 0xd5, 0x30,
	0xf7, 0xbd, 0xfb, 0xde, 0xff, 0xff, 0xfb, 0xff, 0xf3, 0x9c, 0xf3, 0x9c,
	0xf3, 0x9c, 0xf7, 0xbd, 0xf3, 0x9c, 0xf3, 0x9c, 0xf3, 0x9c, 0xf3, 0x9c,
	0xc1, 0x73, 0xba, 0xbb, 0xfb, 0xff, 0xfb, 0xde, 0xff, 0xff, 0xff, 0xff,
	0xf7, 0xbd, 0xf3, 0x9c, 0xf3, 0x9c, 0xf3, 0x9c, 0xf3, 0x9c, 0xf3, 0x9c,
	0xf3, 0x9c, 0xf3, 0x9c, 0xf3, 0x9c, 0xf3, 0x9c, 0xff, 0xff, 0xfa, 0x97,
	0xec, 0x47, 0xec, 0x03, 0xf7, 0xbd, 0xff, 0xff, 0xfb, 0xdf, 0xe6, 0x97,
	0xf3, 0x9c, 0xf3, 0x9c, 0xfb, 0xde, 0xfb, 0xde, 0xf3, 0x9c, 0xf3, 0x9c,
	0xf3, 0x9c, 0xf3, 0x9c, 0xf4, 0x00, 0xf4, 0x00, 0xfc, 0x05, 0xfc, 0x03,
	0xdd, 0xb2, 0xdd, 0x0f, 0xdc, 0x8b, 0xd4, 0x08, 0xff, 0xff, 0xf7, 0xff,
	0xef, 0xff, 0xe3, 0x9f, 0xf3, 0x9c, 0xf7, 0xbd, 0xf7, 0xbd, 0xf7, 0xbd,
	0xa4, 0x0c, 0xd3, 0x9f, 0xfb, 0xde, 0xf7, 0xbd, 0x9c, 0xf1, 0xf3, 0xff,
	0xf7, 0xbd, 0xf3, 0x9c, 0xef, 0xbf, 0xff, 0xff, 0xf3, 0x9c, 0xf3, 0x9c,
	0xf7, 0xbd, 0xf3, 0x9c, 0xf3, 0x9c, 0xf3, 0x9c, 0xf7, 0xbd, 0xf7, 0xbd,
	0xf7, 0xbd, 0xf7, 0xbd, 0xf3, 0x9c, 0xf3, 0x9c, 0xf3, 0x9c, 0xf3, 0x9c,
	0xf3, 0x9c, 0xf3, 0x9c, 0xf3, 0x9c, 0xf3, 0x9c, 0xf3, 0x9c, 0xf3, 0x9c,
	0xf3, 0x9c, 0xf3, 0x9c, 0xfb, 0xde, 0xfb, 0xde, 0xfb, 0xde, 0xfb, 0xde,
	0xf3, 0x9c, 0xf3, 0x9c, 0xf3, 0x9c, 0xf3, 0x9c, 0xf3, 0x9c, 0xf3, 0x9c,
	0xf3, 0x9c, 0xf3, 0x9c, 0xf3, 0x9c, 0xf3, 0x9c, 0xf3, 0x9c, 0xf3, 0x9c,
	0xfb, 0xde, 0xfb, 0xde, 0xfb, 0xde, 0xfb, 0xde, 0xf3, 0x9c, 0xf3, 0x9c,
	0xf3, 0x9c, 0xf3, 0x9c, 0xf3, 0x9c, 0xf3, 0x9c, 0xf3, 0x9c, 0xf3, 0x9c,
	0xf3, 0x9c, 0xf3, 0x9c, 0xf3, 0x9c, 0xf3, 0x9c, 0xfb, 0xde, 0xfb, 0xde,
	0xff, 0xff, 0xff, 0xd1, 0xf3, 0x9c, 0xf3, 0x9c, 0xff, 0xff, 0xff, 0xaf,
	0xf3, 0x9c, 0xf3, 0x9c, 0xff, 0xff, 0xff, 0xaf, 0xf3, 0x9c, 0xf3, 0x9c,
	0xff, 0xff, 0xff, 0xaf, 0xff, 0x40, 0xfe, 0x61, 0xc1, 0xd5, 0x80, 0xd6,
	0xff, 0x40, 0xfe, 0x60, 0xc9, 0xf6, 0x80, 0xd8, 0xff, 0x40, 0xfe, 0x61,
	0xa4, 0xf2, 0x80, 0x33, 0xff, 0x20, 0xfe, 0xe2, 0xde, 0x02, 0xe2, 0x21,
	0x80, 0x93, 0x80, 0xb3, 0x80, 0xb3, 0x80, 0xb3, 0x80, 0x94, 0x80, 0xb5,
	0x80, 0xb5, 0x80, 0xb5, 0x80, 0x30, 0x80, 0x30, 0x80, 0x30, 0x80, 0x30,
	0xe2, 0x21, 0xe2, 0x21, 0xe2, 0x21, 0xe2, 0x21, 0x80, 0xb4, 0x80, 0x12,
	0xcd, 0xe2, 0xff, 0xe0, 0x80, 0xd6, 0x80, 0x13, 0xc9, 0xe2, 0xff, 0xe0,
	0x80, 0x31, 0x80, 0x10, 0xc5, 0xe2, 0xff, 0xe0, 0xe2, 0x21, 0xe2, 0x22,
	0xf3, 0x01, 0xff, 0x81, 0xfe, 0x20, 0xff, 0x17, 0xff, 0xff, 0xfb, 0xde,
	0xfe, 0x40, 0xfe, 0xf5, 0xfb, 0xde, 0xf3, 0x9c, 0xfe, 0x20, 0xfe, 0xf5,
	0xfb, 0xde, 0xf3, 0x9c, 0xfe, 0x40, 0xfe, 0xf5, 0xfb, 0xde, 0xf3, 0x9c,
	0xfb, 0xde, 0xfb, 0xde, 0xfb, 0xde, 0xf7, 0xbd, 0xf3, 0x9c, 0xf3, 0x9c,
	0xf3, 0x9c, 0xf3, 0x9c, 0xf3, 0x9c, 0xf3, 0x9c, 0xf3, 0x9c, 0xf3, 0x9c,
	0xf3, 0x9c, 0xd6, 0xb5, 0xd2, 0x94, 0xe3, 0x18, 0xf7, 0xbd, 0xf7, 0xbd,
	0xf7, 0xbd, 0xf7, 0xbd, 0xf3, 0x9c, 0xf3, 0x9c, 0xf3, 0x9c, 0xf3, 0x9c,
	0xf3, 0x9c, 0xf3, 0x9c, 0xf3, 0x9c, 0xf3, 0x9c, 0xf3, 0x9c, 0xf3, 0x9c,
	0xf3, 0x9c, 0xf3, 0x9c, 0xf3, 0x9c, 0xf3, 0x9c, 0xf3, 0x9c, 0xf3, 0x9c,
	0xf3, 0x9c, 0xf3, 0x9c, 0xf3, 0x9c, 0xf3, 0x9c, 0xf3, 0x9c, 0xf3, 0x9c,
	0xf3, 0x9c, 0xf3, 0x9c, 0xf3, 0x9c, 0xf3, 0x9c, 0xf3, 0x9c, 0xf3, 0x9c,
	0xf3, 0x9c, 0xf3, 0x9c, 0xf3, 0x9c, 0xf3, 0x9c, 0xf3, 0x9c, 0xf3, 0x9c,
	0xf3, 0x9c, 0xf3, 0x9c, 0xf3, 0x9c, 0xf3, 0x9c, 0xf3, 0x9c, 0xf3, 0x9c,
	0xf3, 0x9c, 0xf3, 0x9c, 0xf3, 0x9c, 0xf3, 0x9c, 0xf3, 0x9c, 0xf3, 0x9c,
	0xf3, 0x9c, 0xf3, 0x9c, 0xf3, 0x9c, 0xf3, 0x9c, 0xf3, 0x9c, 0xf3, 0x9c,
	0xf3, 0x9c, 0xf3, 0x9c, 0xf3, 0x9c, 0xf3, 0x9c, 0xf3, 0x9c, 0xf3, 0x9c,
	0xf3, 0x9c, 0xf3, 0x9c, 0xf3, 0x9c, 0xf3, 0x9c, 0xf3, 0x9c, 0xf3, 0x9c,
	0xf3, 0x9c, 0xf3, 0x9c, 0xf3, 0x9c, 0xf3, 0x9c, 0xf3, 0x9c, 0xf3, 0x9c,
	0xf3, 0x9c, 0xf3, 0x9c, 0xf3, 0x9c, 0xf3, 0x9c, 0xf3, 0x9c, 0xf3, 0x9c,
	0xf3, 0x9c, 0xf3, 0x9c, 0xf3, 0x9c, 0xd2, 0x96, 0xf3, 0x9c, 0xf3, 0x9c,
	0xf3, 0x9c, 0xf3, 0x9c, 0xf3, 0x9c, 0xf3, 0x9c, 0xf3, 0x9c, 0xf3, 0x9c,
	0xf3, 0x9c, 0xf3, 0x9c, 0xf3, 0x9c, 0xf3, 0x9c, 0x8c, 0xd9, 0x80, 0x75,
	0xad, 0x2f, 0xe2, 0x2a, 0x99, 0x13, 0x88, 0xb5, 0x80, 0x53, 0x88, 0x70,
	0xca, 0x75, 0x90, 0xf5, 0x88, 0x90, 0x80, 0x4e, 0xf3, 0x9c, 0x94, 0xf0,
	0x84, 0x71, 0x80, 0x0b, 0xf6, 0x89, 0xf2, 0x8a, 0xee, 0x6b, 0xea, 0x6a,
	0xa9, 0x0b, 0xc9, 0x89, 0xdd, 0xe8, 0xea, 0x07, 0x80, 0x0c, 0x80, 0x09,
	0x84, 0x45, 0x90, 0x44, 0x80, 0x07, 0x80, 0x04, 0x80, 0x04, 0x80, 0x0d,
	0xea, 0x4a, 0xe6, 0x4a, 0xe6, 0x29, 0xe6, 0x29, 0xea, 0x06, 0xdd, 0xc7,
	0xdd, 0xa6, 0xdd, 0x85, 0x98, 0x88, 0xd1, 0x66, 0xe1, 0xc6, 0xd9, 0xa6,
	0xc5, 0xce, 0xf6, 0xcc, 0xee, 0xac, 0xee, 0xac, 0xe6, 0x09, 0xe1, 0xe8,
	0xe5, 0xe7, 0xe5, 0xc5, 0xd9, 0x64, 0xd5, 0x44, 0xb8, 0xe4, 0x9c, 0x64,
	0xd5, 0xa5, 0xd5, 0x85, 0xc1, 0x46, 0xa4, 0xc8, 0xea, 0xac, 0xea, 0x8c,
	0xf2, 0xab, 0xfe, 0xca, 0xdd, 0x84, 0xc5, 0x23, 0xa4, 0x82, 0x80, 0x03,
	0x90, 0x45, 0x80, 0x03, 0x80, 0x02, 0x80, 0x05, 0x80, 0x0b, 0x80, 0x0c,
	0x84, 0x6a, 0x80, 0x4a, 0xe2, 0x2a, 0x8c, 0x90, 0x80, 0x51, 0x88, 0x8f,
	0x80, 0x05, 0x80, 0x25, 0x80, 0x26, 0x80, 0x48, 0x80, 0x47, 0x80, 0x49,
	0x80, 0x4b, 0x80, 0x4c, 0x80, 0x49, 0x80, 0x4a, 0x80, 0x4c, 0x80, 0x4c,
	0x88, 0x8f, 0x80, 0x2c, 0x80, 0x0a, 0x80, 0x2c, 0x80, 0x48, 0x80, 0x47,
	0x80, 0x26, 0x84, 0x48, 0x80, 0x4c, 0x80, 0x6d, 0x80, 0x4b, 0x84, 0x47,
	0x80, 0x4c, 0x80, 0x4d, 0x84, 0x6f, 0x84, 0x6e, 0x84, 0x6d, 0x84, 0x6e,
	0x84, 0x6e, 0x84, 0x91, 0x84, 0x6a, 0x84, 0x6b, 0x88, 0x6c, 0xad, 0x90,
	0x84, 0x48, 0x84, 0x6b, 0x84, 0x6c, 0x88, 0x6d, 0x9d, 0x0c, 0x84, 0x69,
	0x84, 0x6c, 0x84, 0x6c, 0xce, 0x75, 0xde, 0xf7, 0x88, 0x6a, 0x84, 0x6d,
	0xeb, 0x5b, 0xeb, 0x5b, 0xdf, 0x18, 0xde, 0xf8, 0xad, 0x91, 0xef, 0x7c,
	0xe3, 0x39, 0xe7, 0x39, 0x88, 0x8e, 0xb1, 0x90, 0xef, 0x7c, 0xe7, 0x39,
	0x88, 0x8e, 0x88, 0x8f, 0xc2, 0x33, 0xeb, 0x5b, 0xda, 0xf7, 0xef, 0x7b,
	0xf3, 0x9c, 0xe7, 0x39, 0xdf, 0x18, 0xe7, 0x39, 0xef, 0x7b, 0xde, 0xf7,
	0xe7, 0x5a, 0xdf, 0x18, 0xe3, 0x18, 0xe7, 0x5a, 0xeb, 0x5b, 0xe3, 0x39,
	0xd6, 0xd6, 0xda, 0xf7, 0xca, 0x53, 0xd2, 0x95, 0xd6, 0xb6, 0xda, 0xd6,
	0xeb, 0x5b, 0xf7, 0xde, 0xe7, 0x39, 0xc2, 0x11, 0xf3, 0x9c, 0xeb, 0x5b,
	0xda, 0xd7, 0xca, 0x53, 0xda, 0xd7, 0xd6, 0xb6, 0xd2, 0x95, 0xe7, 0x5a,
	0xe3, 0x39, 0xeb, 0x5a, 0xef, 0x7c, 0xf3, 0x9c, 0xc6, 0x53, 0xde, 0xf8,
	0xf3, 0x9c, 0xf3, 0x9d, 0xde, 0xf8, 0xef, 0x7b, 0xf7, 0xbd, 0xeb, 0x5a,
	0xfb, 0xde, 0xfb, 0xde, 0xef, 0x7b, 0xdf, 0x18, 0xf3, 0x9c, 0xe7, 0x5a,
	0xda, 0xd6, 0xf3, 0x9c, 0xeb, 0x5b, 0xda, 0xd7, 0xeb, 0x5a, 0xf3, 0x9c,
	0xe7, 0x5a, 0xce, 0x74, 0xf3, 0x9c, 0xf3, 0x9c, 0xe3, 0x19, 0xda, 0xd6,
	0xf3, 0x9c, 0xf3, 0x9c, 0xf3, 0x9c, 0xf3, 0x9c, 0xf3, 0x9c, 0xf3, 0x9c,
	0xf3, 0x9c, 0xf3, 0x9c, 0xf3, 0x9c, 0xf3, 0x9c, 0xf3, 0x9c, 0xf3, 0x9c,
	0xf3, 0x9c, 0xf3, 0x9c, 0xf3, 0x9c, 0xf3, 0x9c, 0xf3, 0x9c, 0xf3, 0x9c,
	0xf3, 0x9c, 0xf3, 0x9c, 0xf3, 0x9c, 0xf3, 0x9c, 0xf3, 0x9c, 0xf3, 0x9c,
	0xf3, 0x9c, 0xf3, 0x9c, 0xf3, 0x9c, 0xf3, 0x9c, 0xf3, 0x9c, 0xf3, 0x9c,
	0xf3, 0x9c, 0xf3, 0x9c, 0xf3, 0x9c, 0xf3, 0x9c, 0xf3, 0x9c, 0xf3, 0x9c,
	0xf3, 0x9c, 0xf3, 0x9c, 0xf3, 0x9c, 0xf3, 0x9c, 0xf3, 0x9c, 0xf3, 0x9c,
	0xf3, 0x9c, 0xf3, 0x9c, 0xf3, 0x9c, 0xf3, 0x9c, 0xf3, 0x9c, 0xf3, 0x9c,
	0xf3, 0x9c, 0xf3, 0x9c, 0xf3, 0x9c, 0xf3, 0x9c, 0xf3, 0x9c, 0xf3, 0x9c,
	0xf3, 0x9c, 0xf3, 0x9c, 0xf3, 0x9c, 0xf3, 0x9c, 0xf3, 0x9c, 0xf3, 0x9c,
	0xf3, 0x9c, 0xf3, 0x9c, 0xf3, 0x9c, 0xf3, 0x9c, 0xf3, 0x9c, 0xf3, 0x9c,
	0xfb, 0xde, 0xfe, 0xb7, 0xfc, 0x00, 0xb8, 0x03, 0xfb, 0xde, 0xfe, 0xd8,
	0xd0, 0xcb, 0xa9, 0x12, 0xff, 0xff, 0xff, 0xff, 0xeb, 0xff, 0xff, 0xff,
	0xf7, 0xbd, 0xfb, 0xde, 0xf7, 0xbd, 0xf3, 0x9c, 0xa6, 0x9b, 0xff, 0x19,
	0xc8, 0x89, 0xa9, 0x12, 0xdb, 0x3c, 0xff, 0xff, 0xe7, 0xff, 0xff, 0xff,
	0xff, 0xff, 0xfb, 0xde, 0xf7, 0xbd, 0xf3, 0x9c, 0xf3, 0x9c, 0xf3, 0x9c,
	0xf3, 0x9c, 0xf3, 0x9c, 0xe7, 0x7d, 0xef, 0x7d, 0xd3, 0x3d, 0xeb, 0xff,
	0xff, 0xff, 0xfb, 0xde, 0xfb, 0xde, 0xf7, 0xbd, 0xf3, 0x9c, 0xf3, 0x9c,
	0xf3, 0x9c, 0xf3, 0x9c, 0xf3, 0x9c, 0xf3, 0x9c, 0xf3, 0x9c, 0xf3, 0x9c,
	0xff, 0xff, 0xff, 0xff, 0xfb, 0xde, 0xf7, 0xbd, 0xf3, 0x9c, 0xf3, 0x9c,
	0xf3, 0x9c, 0xf3, 0x9c, 0xf3, 0x9c, 0xf3, 0x9c, 0xf3, 0x9c, 0xf3, 0x9c,
	0xf3, 0x9c, 0xf3, 0x9c, 0xf3, 0x9c, 0xf3, 0x9c, 0xf7, 0xbd, 0xf3, 0x9c,
	0xf3, 0x9c, 0xf3, 0x9c, 0xf3, 0x9c, 0xf3, 0x9c, 0xf3, 0x9c, 0xf3, 0x9c,
	0xf3, 0x9c, 0xf3, 0x9c, 0xf3, 0x9c, 0xf3, 0x9c, 0xf3, 0x9c, 0xfb, 0xde,
	0xfb, 0xdf, 0xfb, 0xde, 0xf3, 0x9c, 0xf3, 0x9c, 0xf3, 0x9c, 0xf3, 0x9c,
	0xf3, 0x9c, 0xf3, 0x9c, 0xf3, 0x9c, 0xf3, 0x9c, 0xf3, 0x9c, 0xf3, 0x9c,
	0xf3, 0x9c, 0xf3, 0x9c, 0xf7, 0xde, 0xf7, 0xde, 0xfb, 0xde, 0xff, 0xff,
	0xf3, 0x9c, 0xf3, 0x9c, 0xf3, 0x9c, 0xf3, 0x9c, 0xf3, 0x9c, 0xf3, 0x9c,
	0xf3, 0x9c, 0xf3, 0x9c, 0xf3, 0x9c, 0xf3, 0x9c, 0xf3, 0x9c, 0xf3, 0x9c,
	0xfb, 0xdf, 0xfb, 0xde, 0xf7, 0xbe, 0xff, 0xff, 0xf3, 0x9c, 0xf3, 0x9c,
	0xf3, 0x9c, 0xf3, 0x9c, 0xf3, 0x9c, 0xf3, 0x9c, 0xf3, 0x9c, 0xf3, 0x9c,
	0xf3, 0x9c, 0xf3, 0x9c, 0xf3, 0x9c, 0xf3, 0x9c, 0xfb, 0xde, 0xfb, 0xde,
	0xfb, 0xde, 0xfb, 0xde, 0xf3, 0x9c, 0xf3, 0x9c, 0xf3, 0x9c, 0xf3, 0x9c,
	0xf3, 0x9c, 0xf3, 0x9c, 0xf3, 0x9c, 0xf3, 0x9c, 0xf3, 0x9c, 0xf3, 0x9c,
	0xf3, 0x9c, 0xf3, 0x9c, 0xfb, 0xde, 0xfb, 0xde, 0xef, 0x9d, 0xef, 0x7d,
	0xf3, 0x9c, 0xf3, 0x9c, 0xf3, 0x9c, 0xf3, 0x9c, 0xf3, 0x9c, 0xf3, 0x9c,
	0xf3, 0x9c, 0xf3, 0x9c, 0xf3, 0x9c, 0xf3, 0x9c, 0xf3, 0x9c, 0xf3, 0x9c,
	0xff, 0xff, 0xf7, 0xbd, 0xf3, 0x9c, 0xfb, 0xde, 0xf3, 0x9c, 0xf3, 0x9c,
	0xf3, 0x9c, 0xf3, 0x9c, 0xf3, 0x9c, 0xf3, 0x9c, 0xf3, 0x9c, 0xf3, 0x9c,
	0xf3, 0x9c, 0xf3, 0x9c, 0xf3, 0x9c, 0xf3, 0x9c, 0xf7, 0xbe, 0xf3, 0x7d,
	0xff, 0xff, 0xf7, 0xbd, 0xf3, 0x9c, 0xf3, 0x9c, 0xf3, 0x9c, 0xf3, 0x9c,
	0xf3, 0x9c, 0xf3, 0x9c, 0xf3, 0x9c, 0xf3, 0x9c, 0xf3, 0x9c, 0xf3, 0x9c,
	0xf3, 0x9c, 0xf3, 0x9c, 0xfb, 0xde, 0xfb, 0xde, 0xfb, 0xde, 0xfb, 0xbe,
	0xf3, 0x9c, 0xf3, 0x9c, 0xf3, 0x9c, 0xf3, 0x9c, 0xf3, 0x9c, 0xf3, 0x9c,
	0xf3, 0x9c, 0xf3, 0x9c, 0xf3, 0x9c, 0xf3, 0x9c, 0xf3, 0x9c, 0xf3, 0x9c,
	0xff, 0xff, 0xf7, 0xbd, 0xfb, 0xde, 0xfb, 0xde, 0xf3, 0x9c, 0xf3, 0x9c,
	0xf3, 0x9c, 0xf3, 0x9c, 0xf3, 0x9c, 0xf3, 0x9c, 0xf3, 0x9c, 0xf3, 0x9c,
	0xf3, 0x9c, 0xf3, 0x9c, 0xf3, 0x9c, 0xf3, 0x9c, 0xfb, 0xde, 0xf7, 0xde,
	0xf7, 0xde, 0xfb, 0xde, 0xf3, 0x9c, 0xf3, 0x9c, 0xf3, 0x9c, 0xf3, 0x9c,
	0xf3, 0x9c, 0xf3, 0x9c, 0xf3, 0x9c, 0xf3, 0x9c, 0xf3, 0x9c, 0xf3, 0x9c,
	0xf3, 0x9c, 0xf3, 0x9c, 0xfb, 0xde, 0xf3, 0x9c, 0xf3, 0x9c, 0xfb, 0xdf,
	0xf3, 0x9c, 0xf3, 0x9c, 0xf3, 0x9c, 0xf3, 0x9c, 0xf3, 0x9c, 0xf3, 0x9c,
	0xf3, 0x9c, 0xf3, 0x9c, 0xf3, 0x9c, 0xf3, 0x9c, 0xf3, 0x9c, 0xf3, 0x9c,
	0xf3, 0x9e, 0xfb, 0xde, 0xf3, 0x9e, 0xfb, 0xde, 0xf3, 0x9c, 0xf3, 0x9c,
	0xf3, 0x9c, 0xf3, 0x9c, 0xf3, 0x9c, 0xf3, 0x9c, 0xf3, 0x9c, 0xf3, 0x9c,
	0xf3, 0x9c, 0xf3, 0x9c, 0xf3, 0x9c, 0xf3, 0x9c, 0xf3, 0x9c, 0xf3, 0x9c,
	0xf3, 0x9c, 0xf3, 0x9c, 0xf3, 0x9c, 0xf3, 0x9c, 0xf3, 0x9c, 0xf3, 0x9c,
	0xf3, 0x9c, 0xf3, 0x9c, 0xf3, 0x9c, 0xf3, 0x9c, 0xf3, 0x9c, 0xf3, 0x9c,
	0xf3, 0x9c, 0xf3, 0x9c, 0xf3, 0x9c, 0xf3, 0x9c, 0xf3, 0x9c, 0xf3, 0x9c,
	0xf3, 0x9c, 0xf3, 0x9c, 0xf3, 0x9c, 0xf3, 0x9c, 0xf3, 0x9c, 0xf3, 0x9c,
	0xf3, 0x9c, 0xf3, 0x9c, 0xf3, 0x9c, 0xf3, 0x9c, 0xf3, 0x9c, 0xf3, 0x9c,
	0xf3, 0x9c, 0xf3, 0x9c, 0xf3, 0x9c, 0xf3, 0x9c, 0xf3, 0x9c, 0xf3, 0x9c,
	0xff, 0xff, 0xff, 0xad, 0xf3, 0x9c, 0xf3, 0x9c, 0xff, 0xff, 0xff, 0x70,
	0xf3, 0x9c, 0xf3, 0x9c, 0xff, 0xff, 0xff, 0xff, 0xf3, 0x9c, 0xf3, 0x9c,
	0xf3, 0x9c, 0xf7, 0xbd, 0xff, 0x00, 0xff, 0x00, 0xff, 0x60, 0xff, 0x80,
	0xfe, 0x62, 0xfe, 0x63, 0xfe, 0x83, 0xfe, 0x83, 0xff, 0xbf, 0xff, 0xbe,
	0xff, 0xbe, 0xff, 0xbe, 0xf7, 0xbd, 0xf7, 0xbd, 0xf7, 0xbd, 0xf7, 0xbd,
	0xff, 0x80, 0xff, 0x80, 0xff, 0x80, 0xff, 0x80, 0xfe, 0x83, 0xfe, 0x83,
	0xfe, 0x83, 0xfe, 0x83, 0xff, 0xbe, 0xff, 0xbe, 0xff, 0xbe, 0xff, 0xbe,
	0xf7, 0xbd, 0xf7, 0xbd, 0xf7, 0xbd, 0xf7, 0xbd, 0xff, 0x80, 0xff, 0x80,
	0xff, 0x20, 0xff, 0x20, 0xfe, 0x83, 0xfe, 0x83, 0xfe, 0x83, 0xfe, 0xa3,
	0xff, 0xbe, 0xff, 0xbe, 0xff, 0xbe, 0xff, 0xbe, 0xf7, 0xbd, 0xf7, 0xbd,
	0xf7, 0xbd, 0xf7, 0xbd, 0xfe, 0x20, 0xfa, 0xf4, 0xfb, 0xde, 0xf3, 0x9c,
	0xf9, 0xe2, 0xff, 0x16, 0xfb, 0xde, 0xf3, 0x9c, 0xff, 0xbf, 0xff, 0xff,
	0xfb, 0xde, 0xf3, 0x9c, 0xf7, 0xbd, 0xf7, 0xbd, 0xf3, 0x9c, 0xf3, 0x9c,
	0xf3, 0x9c, 0xbd, 0xef, 0xb5, 0xad, 0xb1, 0x8c, 0xf3, 0x9c, 0xde, 0xf7,
	0xd6, 0xb5, 0xc6, 0x31, 0xf3, 0x9c, 0xf3, 0x9c, 0xf3, 0x9c, 0xf3, 0x9c,
	0xf3, 0x9c, 0xf3, 0x9c, 0xf3, 0x9c, 0xf3, 0x9c, 0xbd, 0xef, 0xf3, 0x9c,
	0xf3, 0x9c, 0xf3, 0x9c, 0xb9, 0xce, 0xf3, 0x9c, 0xf3, 0x9c, 0xf3, 0x9c,
	0xf3, 0x9c, 0xf3, 0x9c, 0xf3, 0x9c, 0xf3, 0x9c, 0xf3, 0x9c, 0xf3, 0x9c,
	0xf3, 0x9c, 0xf3, 0x9c, 0xf3, 0x9c, 0xf3, 0x9c, 0xf3, 0x9c, 0xf3, 0x9c,
	0xf3, 0x9c, 0xf3, 0x9c, 0xf3, 0x9c, 0xf3, 0x9c, 0xf3, 0x9c, 0xf3, 0x9c,
	0xf3, 0x9c, 0xf3, 0x9c, 0xf3, 0x9c, 0xf3, 0x9c, 0xf3, 0x9c, 0xf3, 0x9c,
	0xf3, 0x9c, 0xf3, 0x9c, 0xf3, 0x9c, 0xf3, 0x9c, 0xf3, 0x9c, 0xf3, 0x9c,
	0xf3, 0x9c, 0xf3, 0x9c, 0xf3, 0x9c, 0xf3, 0x9c, 0xf3, 0x9c, 0xf3, 0x9c,
	0xf3, 0x9c, 0xf3, 0x9c, 0xf3, 0x9c, 0xf3, 0x9c, 0xf3, 0x9c, 0xf3, 0x9c,
	0xf3, 0x9c, 0xf3, 0x9c, 0xf3, 0x9c, 0xf3, 0x9c, 0xf3, 0x9c, 0xf3, 0x9c,
	0xf3, 0x9c, 0xf3, 0x9c, 0xf3, 0x9c, 0xf3, 0x9c, 0xf3, 0x9c, 0xf3, 0x9c,
	0xf3, 0x9c, 0xf3, 0x9c, 0xf3, 0x9c, 0xf3, 0x9c, 0xf3, 0x9c, 0xf3, 0x9c,
	0xf3, 0x9c, 0xf3, 0x9c, 0xf3, 0x9c, 0xf3, 0x9c, 0xf3, 0x9c, 0xf3, 0x9c,
	0xf3, 0x9c, 0xf3, 0x9c, 0xf3, 0x9c, 0xf3, 0x9c, 0xf3, 0x9c, 0xf3, 0x9c,
	0xf3, 0x9c, 0xf3, 0x9c, 0xf3, 0x9c, 0xf3, 0x9c, 0xf3, 0x9c, 0xf3, 0x9c,
	0xf3, 0x9c, 0xe7, 0x38, 0xf3, 0x9c, 0xf3, 0x9c, 0xe2, 0xd4, 0xff, 0xb5,
	0xf3, 0x9c, 0xde, 0xf6, 0xff, 0xf9, 0xff, 0xf9, 0xf3, 0x9c, 0xda, 0xd6,
	0x88, 0x6f, 0x9c, 0xca, 0xea, 0xf4, 0xea, 0xd1, 0xea, 0xcf, 0xff, 0x71,
	0xff, 0xf6, 0xff, 0xf7, 0xff, 0xf6, 0xff, 0xf6, 0xff, 0xd6, 0xff, 0xd5,
	0xfb, 0x51, 0xea, 0x8c, 0xb5, 0x49, 0xda, 0x28, 0x9c, 0xf0, 0xc5, 0xf3,
	0xff, 0xf2, 0xef, 0x13, 0xad, 0x97, 0xff, 0xd2, 0xff, 0xcd, 0xb1, 0x73,
	0xce, 0x78, 0xff, 0xf4, 0xbd, 0x27, 0x98, 0xf5, 0xfb, 0xb9, 0xff, 0xf6,
	0xff, 0xae, 0xfb, 0x50, 0xfb, 0x30, 0xf7, 0x30, 0xff, 0xb3, 0xff, 0x94,
	0xff, 0x94, 0xff, 0x93, 0xff, 0xd7, 0xff, 0xd6, 0xff, 0xd6, 0xff, 0xd6,
	0xff, 0xf7, 0xff, 0xf7, 0xff, 0xd7, 0xff, 0xd7, 0xf7, 0x30, 0xf7, 0x0f,
	0xf2, 0xef, 0xf2, 0xee, 0xff, 0x93, 0xff, 0x72, 0xfb, 0x51, 0xfb, 0x30,
	0xff, 0xb6, 0xff, 0xb5, 0xff, 0x94, 0xff, 0x72, 0xff, 0xd7, 0xff, 0xb6,
	0xff, 0xb5, 0xff, 0x94, 0xff, 0x4c, 0xd2, 0x0d, 0x80, 0x33, 0x84, 0x92,
	0xfb, 0x2f, 0xff, 0x0d, 0x98, 0xf3, 0x80, 0x55, 0xfb, 0x51, 0xff, 0x6e,
	0xb5, 0x92, 0x80, 0x36, 0xff, 0x72, 0xff, 0x8f, 0xca, 0x12, 0x80, 0x37,
	0x80, 0x54, 0xad, 0x73, 0xc6, 0x0d, 0x84, 0x2c, 0x80, 0x11, 0xda, 0x70,
	0xff, 0xf5, 0xeb, 0x31, 0x80, 0x30, 0xb5, 0x48, 0xff, 0x90, 0xff, 0xf8,
	0x80, 0x6f, 0x84, 0x05, 0xd9, 0xc7, 0xff, 0xd3, 0x80, 0x0e, 0x84, 0x6f,
	0x84, 0x6f, 0x84, 0x71, 0x90, 0x8d, 0x80, 0x0f, 0x84, 0x70, 0x84, 0x71,
	0xfb, 0x92, 0xa0, 0xce, 0x80, 0x10, 0x84, 0x71, 0xff, 0xf8, 0xff, 0xb2,
	0xad, 0x4f, 0x80, 0x12, 0xb1, 0xb2, 0xf3, 0x9c, 0xe3, 0x18, 0x99, 0x0e,
	0xb1, 0xb4, 0xf3, 0x9c, 0xf3, 0x9c, 0xf3, 0x9c, 0xb5, 0xf5, 0xf3, 0x9c,
	0xf3, 0x9c, 0xf3, 0x9c, 0xbe, 0x16, 0xf3, 0x9c, 0xf3, 0x9c, 0xe7, 0x39,
	0x88, 0x8d, 0x88, 0x8d, 0xc2, 0x33, 0xde, 0xf8, 0xa5, 0x6f, 0xe7, 0x3a,
	0xce, 0x95, 0xc6, 0x32, 0xda, 0xd6, 0xff, 0xff, 0xd2, 0xb6, 0xad, 0x8d,
	0xf3, 0xbd, 0xef, 0x7b, 0xf3, 0x9d, 0xb5, 0xcf, 0xeb, 0x5a, 0xe3, 0x19,
	0xda, 0xf7, 0xe3, 0x19, 0xe7, 0x39, 0xde, 0xf8, 0xe3, 0x19, 0xef, 0x7b,
	0xd6, 0xb6, 0xdf, 0x18, 0xe7, 0x5a, 0xf3, 0x9c, 0xb5, 0xaf, 0xe3, 0x18,
	0xeb, 0x5a, 0xf3, 0x9c, 0xe7, 0x5a, 0xeb, 0x5b, 0xf3, 0x9c, 0xf7, 0xde,
	0xf3, 0x9d, 0xf7, 0xbd, 0xf7, 0xbd, 0xf7, 0xbd, 0xf7, 0xbd, 0xf7, 0xbd,
	0xf7, 0xbd, 0xef, 0x9c, 0xf7, 0xbd, 0xf3, 0x9c, 0xef, 0x7b, 0xe7, 0x3a,
	0xf7, 0xde, 0xf3, 0x9c, 0xe3, 0x39, 0xe3, 0x39, 0xf3, 0x9c, 0xe7, 0x3a,
	0xde, 0xf8, 0xe3, 0x19, 0xe7, 0x5a, 0xde, 0xf8, 0xe3, 0x19, 0xd2, 0x94,
	0xdf, 0x18, 0xde, 0xf7, 0xe3, 0x18, 0xda, 0xd7, 0xd2, 0x94, 0xf3, 0x9c,
	0xf3, 0x9c, 0xf3, 0x9c, 0xd6, 0xb5, 0xf7, 0xbd, 0xff, 0xff, 0xff, 0xff,
	0xf3, 0x9c, 0xf7, 0xbd, 0xd2, 0xdb, 0x80, 0x11, 0xf3, 0x9c, 0xf7, 0xbd,
	0xdf, 0x3c, 0xa1, 0x55, 0xf3, 0x9c, 0xf3, 0x9c, 0xf3, 0x9c, 0xf3, 0x9c,
	0xff, 0xff, 0xff, 0xff, 0xff, 0xff, 0xff, 0xff, 0x80, 0x72, 0x80, 0x92,
	0x80, 0x92, 0x80, 0x92, 0xa1, 0x96, 0xa1, 0x96, 0xa1, 0x96, 0xa1, 0x96,
	0xf3, 0x9c, 0xf3, 0x9c, 0xf3, 0x9c, 0xf3, 0x9c, 0xff, 0xff, 0xff, 0xff,
	0xff, 0xff, 0xff, 0xff, 0x80, 0x92, 0x80, 0x92, 0x80, 0x92, 0x80, 0x92,
	0xa1, 0x96, 0xa1, 0x96, 0xa1, 0x96, 0xa1, 0x96, 0xf3, 0x9c, 0xf3, 0x9c,
	0xf3, 0x9c, 0xf3, 0x9c, 0xff, 0xff, 0xff, 0xff, 0xff, 0xff, 0xff, 0xff,
	0x80, 0x92, 0x80, 0x92, 0x80, 0x92, 0x80, 0x92, 0xa1, 0x96, 0xa1, 0x96,
	0xa1, 0x96, 0xa1, 0x96, 0xf3, 0x9c, 0xf3, 0x9c, 0xf3, 0x9c, 0xf3, 0x9c,
	0xff, 0xff, 0xff, 0xff, 0xff, 0xff, 0xff, 0xff, 0x80, 0x92, 0x80, 0x92,
	0x80, 0x92, 0x80, 0x92, 0xa1, 0x96, 0xa1, 0x96, 0xa1, 0x96, 0xa1, 0x96,
	0xf3, 0x9c, 0xf3, 0x9c, 0xf3, 0x9c, 0xf3, 0x9c, 0xff, 0xff, 0xff, 0xff,
	0xff, 0xff, 0xff, 0xff, 0x80, 0x92, 0x80, 0x92, 0x80, 0x92, 0x80, 0x92,
	0xa1, 0x96, 0xa1, 0x96, 0xa1, 0x96, 0xa1, 0x96, 0xf3, 0x9c, 0xf3, 0x9c,
	0xf3, 0x9c, 0xf3, 0x9c, 0xff, 0xff, 0xff, 0xff, 0xff, 0xff, 0xff, 0xff,
	0x80, 0x92, 0x80, 0x92, 0x80, 0x92, 0x80, 0x92, 0xa1, 0x96, 0xa1, 0x96,
	0xa1, 0x96, 0xa1, 0x96, 0xf3, 0x9c, 0xf3, 0x9c, 0xf3, 0x9c, 0xf3, 0x9c,
	0xff, 0xff, 0xff, 0xff, 0xff, 0xff, 0xff, 0xff, 0x80, 0x92, 0x80, 0x92,
	0x80, 0x92, 0x80, 0x92, 0xa1, 0x96, 0xa1, 0x96, 0xa1, 0x96, 0xa1, 0x96,
	0xf3, 0x9c, 0xf3, 0x9c, 0xf3, 0x9c, 0xf3, 0x9c, 0xff, 0xff, 0xff, 0xff,
	0xff, 0xff, 0xfb, 0xde, 0x80, 0x92, 0x80, 0x52, 0x80, 0x92, 0xf3, 0x9e,
	0xa1, 0x96, 0xa1, 0x76, 0xa1, 0x96, 0xf7, 0xbe, 0xf3, 0x9c, 0xfb, 0xde,
	0xb6, 0x17, 0x88, 0x70, 0xf3, 0x9c, 0xfb, 0xde, 0xa1, 0x95, 0x80, 0x0e,
	0xf3, 0x9c, 0xfb, 0xde, 0xad, 0xf6, 0x80, 0x2f, 0xf3, 0x9c, 0xf7, 0xbd,
	0xa9, 0xd6, 0x80, 0x2f, 0x80, 0xd2, 0x80, 0x91, 0x89, 0x13, 0xf3, 0x9e,
	0xc6, 0x99, 0xd6, 0xdb, 0xdb, 0x1b, 0xfb, 0xdf, 0x95, 0x54, 0x99, 0x13,
	0xba, 0x38, 0xff, 0xff, 0xce, 0xda, 0xde, 0xfb, 0xeb, 0x7d, 0xff, 0xff,
	0xa1, 0x95, 0x88, 0xb1, 0x80, 0x91, 0x8c, 0xb1, 0x80, 0x70, 0x8d, 0x13,
	0xeb, 0x7d, 0x80, 0x2f, 0x88, 0xf2, 0x88, 0xd2, 0xb1, 0xf7, 0x80, 0x0e,
	0x88, 0xf2, 0x80, 0x91, 0x9d, 0x74, 0xbe, 0x38, 0xe3, 0x3c, 0xf7, 0xdf,
	0x88, 0x50, 0xbe, 0x58, 0x8d, 0x13, 0xef, 0x9d, 0x80, 0x0d, 0xc2, 0x79,
	0xad, 0xf6, 0xf7, 0xde, 0x80, 0x0f, 0xb6, 0x38, 0xff, 0xff, 0xf3, 0x9e,
	0x80, 0x0e, 0xb6, 0x17, 0xff, 0xff, 0xad, 0xd6, 0x90, 0xf3, 0x88, 0xd2,
	0xf7, 0xbe, 0x80, 0x0b, 0xb1, 0xf6, 0xd6, 0xfb, 0xff, 0xff, 0xad, 0xf7,
	0x80, 0x0f, 0x80, 0x70, 0xf3, 0xbe, 0xe2, 0xfb, 0xe3, 0x3c, 0xc6, 0x79,
	0x88, 0xd1, 0xf3, 0x9e, 0xff, 0xff, 0xb6, 0x17, 0xa5, 0x54, 0xef, 0x9d,
	0xd6, 0xfb, 0x80, 0x0c, 0xba, 0x38, 0xfb, 0xff, 0xa1, 0x95, 0x80, 0x0f,
	0x80, 0x0c, 0xba, 0x38, 0xba, 0x38, 0x80, 0x0e, 0x80, 0x2f, 0x80, 0x2f,
	0x90, 0xd2, 0xe7, 0x7d, 0xad, 0xd6, 0xce, 0xda, 0x80, 0x2f, 0x84, 0xd2,
	0xff, 0xff, 0xfb, 0xde, 0xb6, 0x38, 0x80, 0x0e, 0xf7, 0xde, 0xfb, 0xde,
	0xa9, 0xd6, 0x80, 0x0e, 0xff, 0xff, 0x9d, 0x95, 0x88, 0x91, 0x80, 0x70,
	0xff, 0xff, 0x89, 0x13, 0x80, 0x70, 0xc6, 0x99, 0xeb, 0x7d, 0x99, 0x54,
	0x80, 0xf2, 0xff, 0xff, 0xef, 0x9e, 0x95, 0x54, 0x84, 0xf2, 0xff, 0xff,
	0x84, 0x91, 0xd2, 0xfb, 0xff, 0xff, 0xa9, 0xd6, 0x88, 0xd2, 0x80, 0x2f,
	0xfb, 0xdf, 0xa1, 0xb5, 0xdb, 0x1c, 0x80, 0x0c, 0xdf, 0x1c, 0xba, 0x38,
	0xce, 0xda, 0x80, 0x0c, 0xe3, 0x3c, 0xb2, 0x17, 0x88, 0x91, 0x80, 0xd2,
	0x80, 0x70, 0x8d, 0x13, 0x80, 0x0e, 0xce, 0xda, 0xd6, 0xda, 0xdb, 0x1b,
	0x80, 0x50, 0x99, 0x54, 0x98, 0xf2, 0xba, 0x38, 0x80, 0x50, 0xd6, 0xfb,
	0xde, 0xfb, 0xeb, 0x7d, 0xff, 0xff, 0xf3, 0x9c, 0xf3, 0x9c, 0xff, 0xff,
	0xff, 0xff, 0xf3, 0x9c, 0xf3, 0x9c, 0xf7, 0xbd, 0xfb, 0xde, 0xf3, 0x9c,
	0xf3, 0x9c, 0xf7, 0xbd, 0xfb, 0xde, 0xf3, 0x9c, 0xf3, 0x9c, 0xf7, 0xbd,
	0xba, 0x38, 0x88, 0x51, 0xd2, 0xdb, 0xff, 0xff, 0xca, 0x9a, 0x80, 0x0f,
	0xeb, 0x7d, 0xf3, 0x9c, 0xc6, 0x9a, 0x80, 0x10, 0xe7, 0x5d, 0xf3, 0x9c,
	0xc6, 0x9a, 0x80, 0x10, 0xe7, 0x5d, 0xf3, 0x9c, 0xf3, 0x9c, 0xf3, 0x9c,
	0xf3, 0x9c, 0xf3, 0x9c, 0xf3, 0x9c, 0xfb, 0xde, 0xff, 0xff, 0xff, 0xff,
	0xf3, 0x9c, 0xff, 0xff, 0x8d, 0x14, 0x80, 0x31, 0xf3, 0x9c, 0xff, 0xff,
	0xb1, 0xf8, 0xa1, 0x55, 0xf3, 0x9c, 0xf3, 0x9c, 0xf3, 0x9c, 0xf3, 0x9c,
	0xff, 0xff, 0xff, 0xff, 0xff, 0xff, 0xff, 0xff, 0x80, 0x92, 0x80, 0x92,
	0x80, 0x92, 0x80, 0x92, 0xa1, 0x96, 0xa1, 0x96, 0xa1, 0x96, 0xa1, 0x96,
	0xf3, 0x9c, 0xf3, 0x9c, 0xf3, 0x9c, 0xf3, 0x9c, 0xff, 0xff, 0xff, 0xff,
	0xff, 0xff, 0xff, 0xff, 0x80, 0x92, 0x80, 0x92, 0x80, 0x92, 0x80, 0x92,
	0xa1, 0x96, 0xa1, 0x96, 0xa1, 0x96, 0xa1, 0x96, 0xf3, 0x9c, 0xf3, 0x9c,
	0xf3, 0x9c, 0xf3, 0x9c, 0xff, 0xff, 0xff, 0xff, 0xff, 0xff, 0xff, 0xff,
	0x80, 0x92, 0x80, 0x92, 0x80, 0x92, 0x80, 0x92, 0xa1, 0x96, 0xa1, 0x96,
	0xa1, 0x96, 0xa1, 0x96, 0xf3, 0x9c, 0xf3, 0x9c, 0xf3, 0x9c, 0xf3, 0x9c,
	0xff, 0xff, 0xff, 0xff, 0xff, 0xff, 0xff, 0xff, 0x80, 0x92, 0x80, 0x92,
	0x80, 0x92, 0x80, 0x92, 0xa1, 0x96, 0xa1, 0x96, 0xa1, 0x96, 0xa1, 0x96,
	0xf3, 0x9c, 0xf3, 0x9c, 0xf3, 0x9c, 0xf3, 0x9c, 0xff, 0xff, 0xff, 0xff,
	0xff, 0xff, 0xff, 0xff, 0x80, 0x92, 0x80, 0x92, 0x80, 0x92, 0x80, 0x92,
	0xa1, 0x96, 0xa1, 0x96, 0xa1, 0x96, 0xa1, 0x96, 0xf3, 0x9c, 0xf3, 0x9c,
	0xf3, 0x9c, 0xf3, 0x9c, 0xff, 0xff, 0xff, 0xff, 0xff, 0xff, 0xff, 0xff,
	0x80, 0x92, 0x80, 0x92, 0x80, 0x92, 0x80, 0x92, 0xa1, 0x96, 0xa1, 0x96,
	0xa1, 0x96, 0xa1, 0x96, 0xf3, 0x9c, 0xf3, 0x9c, 0xf3, 0x9c, 0xf3, 0x9c,
	0xff, 0xff, 0xff, 0xff, 0xff, 0xff, 0xff, 0xff, 0x80, 0x92, 0x80, 0x92,
	0x80, 0x92, 0x80, 0x92, 0xa1, 0x96, 0xa1, 0x96, 0xa1, 0x96, 0xa1, 0x96,
	0xf3, 0x9c, 0xf3, 0x9c, 0xf3, 0x9c, 0xf3, 0x9c, 0xff, 0xff, 0xff, 0xff,
	0xff, 0xff, 0xf3, 0x9c, 0x80, 0x72, 0x80, 0x31, 0xdf, 0x3c, 0xf7, 0xbd,
	0xa1, 0x96, 0xa1, 0x55, 0xeb, 0x7d, 0xf7, 0xbd, 0xf3, 0x9c, 0xf3, 0x9c,
	0xf3, 0x9c, 0xf3, 0x9c, 0xf3, 0x9c, 0xf3, 0x9c, 0xf3, 0x9c, 0xf3, 0x9c,
	0xf3, 0x9c, 0xf3, 0x9c, 0xf3, 0x9c, 0xf3, 0x9c, 0xf3, 0x9c, 0xf3, 0x9c,
	0xf3, 0x9c, 0xf3, 0x9c, 0xf3, 0x9c, 0xf3, 0x9c, 0xf3, 0x9c, 0xf3, 0x9c,
	0xf3, 0x9c, 0xf3, 0x9c, 0xf3, 0x9c, 0xf3, 0x9c, 0xf3, 0x9c, 0xf3, 0x9c,
	0xf3, 0x9c, 0xf3, 0x9c, 0xf3, 0x9c, 0xf3, 0x9c, 0xf3, 0x9c, 0xf3, 0x9c,
	0xf3, 0x9c, 0xf3, 0x9c, 0xf3, 0x9c, 0xf3, 0x9c, 0xf3, 0x9c, 0xf3, 0x9c,
	0xf3, 0x9c, 0xf3, 0x9c, 0xf3, 0x9c, 0xf3, 0x9c, 0xf3, 0x9c, 0xf3, 0x9c,
	0xf3, 0x9c, 0xf3, 0x9c, 0xf3, 0x9c, 0xf3, 0x9c, 0xf3, 0x9c, 0xf3, 0x9c,
	0xf3, 0x9c, 0xf3, 0x9c, 0xf3, 0x9c, 0xf3, 0x9c, 0xf3, 0x9c, 0xf3, 0x9c,
	0xf3, 0x9c, 0xf3, 0x9c, 0xf3, 0x9c, 0xf3, 0x9c, 0xf3, 0x9c, 0xf3, 0x9c,
	0xf3, 0x9c, 0xf3, 0x9c, 0xf3, 0x9c, 0xf3, 0x9c, 0xf3, 0x9c, 0xf3, 0x9c,
	0xf3, 0x9c, 0xf3, 0x9c, 0xf3, 0x9c, 0xf3, 0x9c, 0xf3, 0x9c, 0xf3, 0x9c,
	0xf3, 0x9c, 0xf3, 0x9c, 0xf3, 0x9c, 0xf3, 0x9c, 0xf3, 0x9c, 0xf3, 0x9c,
	0xf3, 0x9c, 0xef, 0x56, 0xff, 0xf9, 0xff, 0x72, 0xf3, 0x9c, 0xfb, 0x96,
	0xff, 0xf6, 0xf7, 0x0f, 0xf3, 0x9c, 0xf7, 0x96, 0xff, 0xf7, 0xfb, 0x0f,
	0xf3, 0x9c, 0xe7, 0x15, 0xff, 0xf8, 0xff, 0x72, 0xee, 0xce, 0xd1, 0xe9,
	0xda, 0x4e, 0xde, 0xd5, 0xc9, 0xa8, 0xf3, 0x9c, 0xf3, 0x9c, 0xf3, 0x9c,
	0xc9, 0x66, 0xef, 0x7b, 0xf3, 0x9c, 0xf3, 0x9c, 0xe6, 0x4a, 0xd2, 0x0d,
	0xf3, 0x9c, 0xf3, 0x9c, 0x8c, 0x6f, 0xad, 0xba, 0xff, 0xf7, 0xff, 0xf7,
	0xd2, 0x96, 0xc2, 0x3a, 0xff, 0xf6, 0xff, 0xf7, 0xeb, 0x7b, 0xca, 0x57,
	0xff, 0xf6, 0xff, 0xf7, 0xdf, 0x1b, 0xd2, 0x96, 0xff, 0xf5, 0xff, 0xd7,
	0xff, 0xf7, 0xff, 0xf7, 0xff, 0xf7, 0xff, 0xf7, 0xff, 0xf7, 0xff, 0xf7,
	0xff, 0xf7, 0xff, 0xf7, 0xff, 0xf7, 0xff, 0xf7, 0xff, 0xf7, 0xff, 0xd7,
	0xff, 0xf7, 0xff, 0xf7, 0xff, 0xf7, 0xff, 0xd7, 0xff, 0xd7, 0xff, 0xd6,
	0xff, 0xb5, 0xff, 0xb4, 0xff, 0xd7, 0xff, 0xb6, 0xff, 0xb5, 0xff, 0xb4,
	0xff, 0xd6, 0xff, 0xb6, 0xff, 0xb4, 0xff, 0x93, 0xff, 0xb6, 0xff, 0xb5,
	0xff, 0xb4, 0xff, 0x93, 0xff, 0x92, 0xff, 0xaf, 0xd2, 0x31, 0x80, 0x36,
	0xff, 0x72, 0xff, 0xaf, 0xc1, 0xd3, 0x80, 0x36, 0xff, 0x72, 0xff, 0x8f,
	0xad, 0x74, 0x80, 0x35, 0xff, 0x91, 0xfb, 0x30, 0x90, 0xd6, 0x80, 0x53,
	0x88, 0x6d, 0x80, 0x07, 0x84, 0x29, 0xe6, 0x4a, 0x84, 0x6c, 0x84, 0x48,
	0x80, 0x4e, 0x88, 0x6d, 0x84, 0x6c, 0x84, 0x6a, 0x8c, 0xae, 0x80, 0x71,
	0x84, 0x6c, 0x88, 0x8c, 0x8c, 0xae, 0x8c, 0x8f, 0xff, 0xf4, 0xff, 0xf9,
	0xff, 0xf2, 0xbd, 0xb1, 0xe6, 0x6b, 0xff, 0xf6, 0xff, 0xf9, 0xff, 0xf4,
	0x88, 0x6e, 0xe2, 0x6c, 0xff, 0xf6, 0xff, 0xf8, 0x80, 0x74, 0xb1, 0x91,
	0xe2, 0xae, 0xff, 0xf5, 0xd6, 0xd8, 0xf3, 0x9c, 0xf3, 0x9c, 0xdf, 0x18,
	0xe6, 0xd1, 0xef, 0x7b, 0xef, 0x7b, 0xd6, 0x93, 0xff, 0xb3, 0xe6, 0xb1,
	0xea, 0xf1, 0xf3, 0x52, 0xf7, 0x32, 0xf3, 0x11, 0xf7, 0x31, 0xf7, 0x31,
	0xfb, 0xdf, 0xe7, 0x3a, 0xfb, 0xff, 0xef, 0x7b, 0xff, 0xff, 0xe7, 0x3a,
	0xef, 0x7b, 0xff, 0xff, 0xfb, 0xde, 0xf7, 0xbd, 0xde, 0xf7, 0xf3, 0x9c,
	0xe2, 0xf6, 0xff, 0xff, 0xe7, 0x5a, 0xd2, 0xb5, 0xad, 0x8d, 0xc6, 0x53,
	0xeb, 0x5a, 0xef, 0x7b, 0xeb, 0x7b, 0xc6, 0x53, 0xda, 0xd6, 0xe3, 0x18,
	0xff, 0xff, 0xfb, 0xde, 0xde, 0xf8, 0xd2, 0x95, 0xe7, 0x3a, 0xff, 0xff,
	0xff, 0xff, 0xf3, 0x9c, 0xef, 0x7b, 0xeb, 0x5a, 0xe3, 0x39, 0xde, 0xf8,
	0xe3, 0x19, 0xde, 0xf7, 0xda, 0xd7, 0xd2, 0xb5, 0xce, 0x94, 0xce, 0x74,
	0xce, 0x74, 0xce, 0x94, 0xe7, 0x3a, 0xdf, 0x18, 0xdf, 0x18, 0xe7, 0x5a,
	0xda, 0xd6, 0xd6, 0xd6, 0xd2, 0x94, 0xf3, 0x9c, 0xd2, 0x94, 0xdf, 0x18,
	0xe7, 0x39, 0xf3, 0x9c, 0xda, 0xf7, 0xf7, 0xbe, 0xda, 0xd6, 0xf3, 0x9c,
	0xf7, 0xde, 0xe7, 0x39, 0xe7, 0x39, 0xf3, 0x9c, 0xf3, 0x9c, 0xf3, 0x9c,
	0xfb, 0xde, 0xfb, 0xde, 0xf3, 0x9c, 0xf3, 0x9c, 0xf3, 0x9c, 0xf3, 0x9c,
	0xf3, 0x9c, 0xf3, 0x9c, 0xf3, 0x9c, 0xf3, 0x9c, 0xf3, 0x9c, 0xf3, 0x9c,
	0xf3, 0x9c, 0xf3, 0x9c, 0xfb, 0xde, 0xfb, 0xde, 0xfb, 0xde, 0xfb, 0xde,
	0xf3, 0x9c, 0xf3, 0x9c, 0xf3, 0x9c, 0xf3, 0x9c, 0xf3, 0x9c, 0xf3, 0x9c,
	0xf3, 0x9c, 0xf3, 0x9c, 0xf3, 0x9c, 0xf3, 0x9c, 0xf3, 0x9c, 0xf3, 0x9c,
	0xfb, 0xde, 0xfb, 0xde, 0xfb, 0xde, 0xfb, 0xde, 0xf3, 0x9c, 0xf3, 0x9c,
	0xf3, 0x9c, 0xf3, 0x9c, 0xf3, 0x9c, 0xf3, 0x9c, 0xf3, 0x9c, 0xf3, 0x9c,
	0xf3, 0x9c, 0xf3, 0x9c, 0xf3, 0x9c, 0xf3, 0x9c, 0xfb, 0xde, 0xfb, 0xde,
	0xfb, 0xde, 0xfb, 0xde, 0xf3, 0x9c, 0xf3, 0x9c, 0xf3, 0x9c, 0xf3, 0x9c,
	0xf3, 0x9c, 0xf3, 0x9c, 0xf3, 0x9c, 0xf3, 0x9c, 0xf3, 0x9c, 0xf3, 0x9c,
	0xf3, 0x9c, 0xf3, 0x9c, 0xfb, 0xde, 0xfb, 0xde, 0xfb, 0xde, 0xfb, 0xde,
	0xf3, 0x9c, 0xf3, 0x9c, 0xf3, 0x9c, 0xf3, 0x9c, 0xf3, 0x9c, 0xf3, 0x9c,
	0xf3, 0x9c, 0xf3, 0x9c, 0xf3, 0x9c, 0xf3, 0x9c, 0xf3, 0x9c, 0xf3, 0x9c,
	0xfb, 0xde, 0xfb, 0xde, 0xfb, 0xde, 0xfb, 0xde, 0xf3, 0x9c, 0xf3, 0x9c,
	0xf3, 0x9c, 0xf3, 0x9c, 0xf3, 0x9c, 0xf3, 0x9c, 0xf3, 0x9c, 0xf3, 0x9c,
	0xf3, 0x9c, 0xf3, 0x9c, 0xf3, 0x9c, 0xf3, 0x9c, 0xfb, 0xde, 0xfb, 0xde,
	0xfb, 0xde, 0xfb, 0xde, 0xf3, 0x9c, 0xf3, 0x9c, 0xf3, 0x9c, 0xf3, 0x9c,
	0xf3, 0x9c, 0xf3, 0x9c, 0xf3, 0x9c, 0xf3, 0x9c, 0xf3, 0x9c, 0xf3, 0x9c,
	0xf3, 0x9c, 0xf3, 0x9c, 0xfb, 0xde, 0xfb, 0xde, 0xfb, 0xde, 0xfb, 0xde,
	0xf3, 0x9c, 0xf3, 0x9c, 0xf3, 0x9c, 0xf3, 0x9c, 0xf3, 0x9c, 0xf3, 0x9c,
	0xf3, 0x9c, 0xf3, 0x9c, 0xf3, 0x9c, 0xf3, 0x9c, 0xf3, 0x9c, 0xf3, 0x9c,
	0xfb, 0xde, 0xfb, 0xde, 0xfb, 0xde, 0xfb, 0xde, 0xf3, 0x9c, 0xf3, 0x9c,
	0xf3, 0x9c, 0xf3, 0x9c, 0xf3, 0x9c, 0xf3, 0x9c, 0xf3, 0x9c, 0xf3, 0x9c,
	0xf3, 0x9c, 0xf3, 0x9c, 0xf3, 0x9c, 0xf3, 0x9c, 0xf3, 0x9c, 0xfb, 0xde,
	0x9d, 0x75, 0x80, 0x0c, 0xf3, 0x9c, 0xfb, 0xde, 0xca, 0xba, 0xad, 0x95,
	0xf3, 0x9c, 0xf3, 0x9c, 0xf3, 0x9c, 0xf3, 0x9c, 0xf3, 0x9c, 0xf3, 0x9c,
	0xf3, 0x9c, 0xf3, 0x9c, 0xa9, 0xd6, 0xb6, 0x17, 0xb2, 0x17, 0xef, 0x7d,
	0x99, 0x74, 0x99, 0x34, 0x99, 0x74, 0xef, 0x9d, 0xf3, 0x9c, 0xf3, 0x9c,
	0xf3, 0x9c, 0xf3, 0x9c, 0xf3, 0x9c, 0xf3, 0x9c, 0xf3, 0x9c, 0xf3, 0x9c,
	0x80, 0x2f, 0x80, 0xd2, 0xff, 0xff, 0xf7, 0xbd, 0xb6, 0x17, 0xb6, 0x37,
	0xfb, 0xde, 0xf3, 0x9c, 0xf3, 0x9c, 0xf3, 0x9c, 0xf3, 0x9c, 0xf3, 0x9c,
	0xf3, 0x9c, 0xf3, 0x9c, 0xf3, 0x9c, 0xf3, 0x9c, 0xf7, 0xbd, 0xdf, 0x3c,
	0x80, 0x0c, 0xba, 0x38, 0xf3, 0x9c, 0xef, 0x9d, 0xad, 0x74, 0xce, 0xba,
	0xf3, 0x9c, 0xf3, 0x9c, 0xf3, 0x9c, 0xf3, 0x9c, 0xf3, 0x9c, 0xf3, 0x9c,
	0xf3, 0x9c, 0xf3, 0x9c, 0xeb, 0x7d, 0x80, 0x0c, 0xb5, 0xf7, 0xce, 0xba,
	0xff, 0xff, 0xca, 0xba, 0x95, 0x13, 0x90, 0xf2, 0xf3, 0x9c, 0xf3, 0x9c,
	0xf3, 0x9c, 0xf3, 0x9c, 0xf3, 0x9c, 0xf3, 0x9c, 0xf3, 0x9c, 0xf3, 0x9c,
	0x80, 0x0d, 0xc6, 0x99, 0xef, 0x9d, 0x80, 0x0e, 0xbe, 0x58, 0xfb, 0xdf,
	0xfb, 0xde, 0xd7, 0x1b, 0xf3, 0x9c, 0xf3, 0x9c, 0xf3, 0x9c, 0xf3, 0x9c,
	0xf3, 0x9c, 0xf3, 0x9c, 0xf3, 0x9c, 0xf3, 0x9c, 0x88, 0xd2, 0xa5, 0xb6,
	0x80, 0x0d, 0x9d, 0x95, 0x99, 0x33, 0x8c, 0xd2, 0xb5, 0xf7, 0xfb, 0xff,
	0xf3, 0x9c, 0xf3, 0x9c, 0xf3, 0x9c, 0xf3, 0x9c, 0xf3, 0x9c, 0xf3, 0x9c,
	0xf3, 0x9c, 0xf3, 0x9c, 0xff, 0xff, 0x80, 0xd2, 0x80, 0x0e, 0x9d, 0x75,
	0xff, 0xff, 0xbe, 0x58, 0xa9, 0x95, 0x99, 0x54, 0xf3, 0x9c, 0xf3, 0x9c,
	0xf3, 0x9c, 0xf3, 0x9c, 0xf3, 0x9c, 0xf3, 0x9c, 0xf3, 0x9c, 0xf3, 0x9c,
	0x80, 0x0f, 0x84, 0xb1, 0xff, 0xff, 0x99, 0x74, 0xb1, 0xb6, 0xef, 0x9e,
	0xff, 0xff, 0xc2, 0x79, 0xf3, 0x9c, 0xf3, 0x9c, 0xf3, 0x9c, 0xf3, 0x9c,
	0xf3, 0x9c, 0xf3, 0x9c, 0xf3, 0x9c, 0xf3, 0x9c, 0x80, 0x0d, 0xad, 0xf7,
	0xb5, 0xf7, 0xb1, 0xf7, 0xad, 0x95, 0x99, 0x54, 0x99, 0x33, 0x99, 0x74,
	0xf3, 0x9c, 0xf3, 0x9c, 0xf3, 0x9c, 0xf3, 0x9c, 0xf3, 0x9c, 0xf3, 0x9c,
	0xf3, 0x9c, 0xf3, 0x9c, 0xfb, 0xdf, 0xf3, 0x9c, 0xf3, 0x9c, 0xfb, 0xde,
	0xf7, 0xbe, 0xf3, 0x9c, 0xf3, 0x9c, 0xfb, 0xff, 0xf3, 0x9c, 0xf3, 0x9c,
	0xf3, 0x9c, 0xf3, 0x9c, 0xf3, 0x9c, 0xf3, 0x9c, 0xf3, 0x9c, 0xf3, 0x9c,
	0xbe, 0x59, 0x80, 0x0d, 0xdf, 0x3c, 0xf7, 0xbd, 0xca, 0x9a, 0xa9, 0x75,
	0xda, 0xfb, 0xff, 0xff, 0xf3, 0x9c, 0xf3, 0x9c, 0xf3, 0x9c, 0xf3, 0x9c,
	0xf3, 0x9c, 0xf3, 0x9c, 0xf3, 0x9c, 0xf3, 0x9c, 0xf3, 0x9c, 0xf7, 0xbd,
	0xfb, 0xde, 0xfb, 0xde, 0xf3, 0x9c, 0xf3, 0x9c, 0xf3, 0x9c, 0xf3, 0x9c,
	0xf3, 0x9c, 0xf3, 0x9c, 0xf3, 0x9c, 0xf3, 0x9c, 0xf3, 0x9c, 0xf3, 0x9c,
	0xf3, 0x9c, 0xf3, 0x9c, 0xfb, 0xde, 0xfb, 0xde, 0xfb, 0xde, 0xfb, 0xde,
	0xf3, 0x9c, 0xf3, 0x9c, 0xf3, 0x9c, 0xf3, 0x9c, 0xf3, 0x9c, 0xf3, 0x9c,
	0xf3, 0x9c, 0xf3, 0x9c, 0xf3, 0x9c, 0xf3, 0x9c, 0xf3, 0x9c, 0xf3, 0x9c,
	0xfb, 0xde, 0xfb, 0xde, 0xfb, 0xde, 0xfb, 0xde, 0xf3, 0x9c, 0xf3, 0x9c,
	0xf3, 0x9c, 0xf3, 0x9c, 0xf3, 0x9c, 0xf3, 0x9c, 0xf3, 0x9c, 0xf3, 0x9c,
	0xf3, 0x9c, 0xf3, 0x9c, 0xf3, 0x9c, 0xf3, 0x9c, 0xfb, 0xde, 0xfb, 0xde,
	0xfb, 0xde, 0xfb, 0xde, 0xf3, 0x9c, 0xf3, 0x9c, 0xf3, 0x9c, 0xf3, 0x9c,
	0xf3, 0x9c, 0xf3, 0x9c, 0xf3, 0x9c, 0xf3, 0x9c, 0xf3, 0x9c, 0xf3, 0x9c,
	0xf3, 0x9c, 0xf3, 0x9c, 0xfb, 0xde, 0xfb, 0xde, 0xfb, 0xde, 0xfb, 0xde,
	0xf3, 0x9c, 0xf3, 0x9c, 0xf3, 0x9c, 0xf3, 0x9c, 0xf3, 0x9c, 0xf3, 0x9c,
	0xf3, 0x9c, 0xf3, 0x9c, 0xf3, 0x9c, 0xf3, 0x9c, 0xf3, 0x9c, 0xf3, 0x9c,
	0xfb, 0xde, 0xfb, 0xde, 0xfb, 0xde, 0xfb, 0xde, 0xf3, 0x9c, 0xf3, 0x9c,
	0xf3, 0x9c, 0xf3, 0x9c, 0xf3, 0x9c, 0xf3, 0x9c, 0xf3, 0x9c, 0xf3, 0x9c,
	0xf3, 0x9c, 0xf3, 0x9c, 0xf3, 0x9c, 0xf3, 0x9c, 0xfb, 0xde, 0xfb, 0xde,
	0xfb, 0xde, 0xfb, 0xde, 0xf3, 0x9c, 0xf3, 0x9c, 0xf3, 0x9c, 0xf3, 0x9c,
	0xf3, 0x9c, 0xf3, 0x9c, 0xf3, 0x9c, 0xf3, 0x9c, 0xf3, 0x9c, 0xf3, 0x9c,
	0xf3, 0x9c, 0xf3, 0x9c, 0xfb, 0xde, 0xfb, 0xde, 0xfb, 0xde, 0xfb, 0xde,
	0xf3, 0x9c, 0xf3, 0x9c, 0xf3, 0x9c, 0xf3, 0x9c, 0xf3, 0x9c, 0xf3, 0x9c,
	0xf3, 0x9c, 0xf3, 0x9c, 0xf3, 0x9c, 0xf3, 0x9c, 0xf3, 0x9c, 0xf3, 0x9c,
	0xfb, 0xde, 0xfb, 0xde, 0xfb, 0xde, 0xf3, 0x9c, 0xf3, 0x9c, 0xf3, 0x9c,
	0xf3, 0x9c, 0xf3, 0x9c, 0xf3, 0x9c, 0xf3, 0x9c, 0xf3, 0x9c, 0xf3, 0x9c,
	0xf3, 0x9c, 0xf3, 0x9c, 0xf3, 0x9c, 0xf3, 0x9c, 0xf3, 0x9c, 0xf3, 0x9c,
	0xf3, 0x9c, 0xf3, 0x9c, 0xf3, 0x9c, 0xf3, 0x9c, 0xf3, 0x9c, 0xf3, 0x9c,
	0xf3, 0x9c, 0xf3, 0x9c, 0xf3, 0x9c, 0xf3, 0x9c, 0xf3, 0x9c, 0xf3, 0x9c,
	0xf3, 0x9c, 0xf3, 0x9c, 0xf3, 0x9c, 0xf3, 0x9c, 0xf3, 0x9c, 0xf3, 0x9c,
	0xf3, 0x9c, 0xf3, 0x9c, 0xf3, 0x9c, 0xf3, 0x9c, 0xf3, 0x9c, 0xf3, 0x9c,
	0xf3, 0x9c, 0xf3, 0x9c, 0xef, 0x7b, 0xef, 0x7b, 0xef, 0x7b, 0xef, 0x7b,
	0xf3, 0x9c, 0xf3, 0x9c, 0xf3, 0x9c, 0xf3, 0x9c, 0xf3, 0x9c, 0xf3, 0x9c,
	0xf3, 0x9c, 0xf3, 0x9c, 0xf3, 0x9c, 0xf3, 0x9c, 0xf3, 0x9c, 0xf3, 0x9c,
	0xef, 0x7b, 0xef, 0x7b, 0xef, 0x7b, 0xef, 0x7b, 0xf3, 0x9c, 0xf3, 0x9c,
	0xf3, 0x9c, 0xf3, 0x9c, 0xf3, 0x9c, 0xf3, 0x9c, 0xf3, 0x9c, 0xf3, 0x9c,
	0xf3, 0x9c, 0xf3, 0x9c, 0xf3, 0x9c, 0xf3, 0x9c, 0xef, 0x7b, 0xef, 0x7b,
	0xef, 0x7b, 0xef, 0x7b, 0xf3, 0x9c, 0xf3, 0x9c, 0xf3, 0x9c, 0xf3, 0x9c,
	0xf3, 0x9c, 0xf3, 0x9c, 0xf3, 0x9c, 0xf3, 0x9c, 0xf3, 0x9c, 0xf3, 0x9c,
	0xf3, 0x9c, 0xf3, 0x9c, 0xef, 0x7b, 0xef, 0x7b, 0xef, 0x7b, 0xef, 0x7b,
	0xf3, 0x9c, 0xeb, 0x37, 0xff, 0xf7, 0xff, 0xb5, 0xf3, 0x9c, 0xf3, 0x7b,
	0xff, 0xb5, 0xff, 0xd6, 0xf3, 0x9c, 0xf3, 0x9c, 0xfb, 0x97, 0xff, 0xd6,
	0xef, 0x7b, 0xef, 0x7b, 0xf3, 0x7a, 0xff, 0xd4, 0xfb, 0x0f, 0xcd, 0x65,
	0xef, 0x7b, 0xf3, 0x9c, 0xff, 0x72, 0xe6, 0x29, 0xda, 0x50, 0xf3, 0x9c,
	0xff, 0x93, 0xf2, 0xcd, 0xcd, 0x65, 0xf3, 0x9c, 0xfb, 0x94, 0xf7, 0x0f,
	0xd9, 0xa5, 0xc6, 0x0f, 0xe3, 0x1a, 0xd6, 0x95, 0xff, 0xf5, 0xff, 0xd6,
	0xef, 0x7b, 0xd2, 0x75, 0xff, 0xf4, 0xff, 0xd6, 0xf3, 0x9c, 0xca, 0x55,
	0xff, 0xf5, 0xff, 0xb5, 0xca, 0x74, 0xc2, 0x14, 0xff, 0xb4, 0xff, 0xb4,
	0xff, 0xd7, 0xff, 0xd7, 0xff, 0xd7, 0xff, 0xd6, 0xff, 0xd6, 0xff, 0xd6,
	0xff, 0xd6, 0xff, 0xb5, 0xff, 0xb5, 0xff, 0xb5, 0xff, 0xb4, 0xff, 0xb4,
	0xff, 0xb4, 0xff, 0xb4, 0xff, 0x94, 0xff, 0x93, 0xff, 0xb5, 0xff, 0xb4,
	0xff, 0x93, 0xff, 0x73, 0xff, 0xb4, 0xff, 0xb4, 0xff, 0x93, 0xff, 0x92,
	0xff, 0x94, 0xff, 0x93, 0xff, 0x73, 0xff, 0xef, 0xff, 0x93, 0xfb, 0x73,
	0xff, 0xb0, 0xfb, 0x50, 0xff, 0xcf, 0xd6, 0x52, 0x80, 0x17, 0x84, 0x90,
	0xff, 0x90, 0x9d, 0x16, 0x80, 0x35, 0x84, 0x6e, 0xd2, 0x53, 0x80, 0x38,
	0x84, 0x91, 0x88, 0x8f, 0x8c, 0xb7, 0x80, 0x55, 0x88, 0x90, 0x8c, 0xae,
	0x84, 0x6c, 0x8c, 0xae, 0x8c, 0xae, 0x88, 0x8f, 0x88, 0x8e, 0x8c, 0xad,
	0x84, 0x6d, 0x88, 0x91, 0x90, 0xcd, 0x84, 0x6a, 0x84, 0x6e, 0x84, 0x91,
	0xe7, 0x39, 0xd6, 0xb6, 0x8c, 0xae, 0x84, 0x92, 0x8c, 0xb5, 0xa9, 0x73,
	0xf3, 0x9c, 0xe2, 0x6f, 0x88, 0xb5, 0x8c, 0xb1, 0xf3, 0x9c, 0xf3, 0x9c,
	0x88, 0x94, 0x88, 0x93, 0xde, 0xf8, 0xf3, 0x9c, 0x88, 0x93, 0x88, 0x94,
	0xd6, 0xd7, 0xef, 0x7b, 0xfb, 0x10, 0xf2, 0xef, 0xee, 0xcf, 0xee, 0xcf,
	0xde, 0x92, 0xe2, 0x6d, 0xea, 0x8d, 0xe6, 0x6c, 0xf3, 0x9c, 0xef, 0x7b,
	0xde, 0xd6, 0xe2, 0xd5, 0xef, 0x7b, 0xef, 0x7b, 0xef, 0x7b, 0xef, 0x7b,
	0xda, 0x6f, 0xff, 0xff, 0xff, 0xff, 0xe7, 0x3a, 0xe6, 0x6c, 0xda, 0xb5,
	0xff, 0xff, 0xfb, 0xde, 0xde, 0xd5, 0xda, 0xb4, 0xe7, 0x5a, 0xfb, 0xff,
	0xef, 0x7b, 0xef, 0x7b, 0xe7, 0x39, 0xda, 0xd6, 0xd2, 0x94, 0xda, 0xd7,
	0xeb, 0x5a, 0xf3, 0x9d, 0xeb, 0x5a, 0xd2, 0x95, 0xce, 0x94, 0xd2, 0x95,
	0xf3, 0x9c, 0xe7, 0x3a, 0xda, 0xf7, 0xda, 0xd6, 0xe7, 0x3a, 0xe7, 0x3a,
	0xe7, 0x3a, 0xe3, 0x19, 0xf7, 0xbd, 0xf7, 0xde, 0xf3, 0xbd, 0xf3, 0xbd,
	0xd6, 0xd6, 0xda, 0xd7, 0xe3, 0x19, 0xde, 0xf8, 0xd6, 0xb6, 0xda, 0xf7,
	0xe7, 0x3a, 0xd2, 0x94, 0xe3, 0x18, 0xda, 0xf7, 0xde, 0xf7, 0xef, 0x7b,
	0xeb, 0x5b, 0xd6, 0xb5, 0xf3, 0x9c, 0xf3, 0x9c, 0xe3, 0x18, 0xf3, 0x9c,
	0xf3, 0x9c, 0xf3, 0x9c, 0xf3, 0x9c, 0xf3, 0x9c, 0xf3, 0x9c, 0xf3, 0x9c,
	0xef, 0x7b, 0xef, 0x7b, 0xef, 0x7b, 0xef, 0x7b, 0xf3, 0x9c, 0xf3, 0x9c,
	0xf3, 0x9c, 0xf3, 0x9c, 0xf3, 0x9c, 0xf3, 0x9c, 0xf3, 0x9c, 0xf3, 0x9c,
	0xf3, 0x9c, 0xf3, 0x9c, 0xf3, 0x9c, 0xf3, 0x9c, 0xef, 0x7b, 0xef, 0x7b,
	0xef, 0x7b, 0xef, 0x7b, 0xf3, 0x9c, 0xf3, 0x9c, 0xf3, 0x9c, 0xf3, 0x9c,
	0xf3, 0x9c, 0xf3, 0x9c, 0xf3, 0x9c, 0xf3, 0x9c, 0xf3, 0x9c, 0xf3, 0x9c,
	0xf3, 0x9c, 0xf3, 0x9c, 0xef, 0x7b, 0xef, 0x7b, 0xef, 0x7b, 0xef, 0x7b,
	0xf3, 0x9c, 0xf3, 0x9c, 0xf3, 0x9c, 0xf3, 0x9c, 0xf3, 0x9c, 0xf3, 0x9c,
	0xf3, 0x9c, 0xf3, 0x9c, 0xf3, 0x9c, 0xf3, 0x9c, 0xf3, 0x9c, 0xf3, 0x9c,
	0xef, 0x7b, 0xef, 0x7b, 0xef, 0x7b, 0xef, 0x7b, 0xf3, 0x9c, 0xf3, 0x9c,
	0xf3, 0x9c, 0xf3, 0x9c, 0xf3, 0x9c, 0xf3, 0x9c, 0xf3, 0x9c, 0xf3, 0x9c,
	0xf3, 0x9c, 0xf3, 0x9c, 0xf3, 0x9c, 0xf3, 0x9c, 0xef, 0x7b, 0xef, 0x7b,
	0xef, 0x7b, 0xef, 0x7b, 0xf3, 0x9c, 0xf3, 0x9c, 0xf3, 0x9c, 0xf3, 0x9c,
	0xf3, 0x9c, 0xf3, 0x9c, 0xf3, 0x9c, 0xf3, 0x9c, 0xf3, 0x9c, 0xf3, 0x9c,
	0xf3, 0x9c, 0xf3, 0x9c, 0xef, 0x7b, 0xef, 0x7b, 0xef, 0x7b, 0xef, 0x7b,
	0xf3, 0x9c, 0xf3, 0x9c, 0xf3, 0x9c, 0xf3, 0x9c, 0xf3, 0x9c, 0xf3, 0x9c,
	0xf3, 0x9c, 0xf3, 0x9c, 0xf3, 0x9c, 0xf3, 0x9c, 0xf3, 0x9c, 0xf3, 0x9c,
	0xef, 0x7b, 0xef, 0x7b, 0xef, 0x7b, 0xef, 0x7b, 0xf3, 0x9c, 0xf3, 0x9c,
	0xf3, 0x9c, 0xf3, 0x9c, 0xf3, 0x9c, 0xf3, 0x9c, 0xf3, 0x9c, 0xf3, 0x9c,
	0xf3, 0x9c, 0xf3, 0x9c, 0xf3, 0x9c, 0xf3, 0x9c, 0xef, 0x7b, 0xef, 0x7b,
	0xef, 0x7b, 0xef, 0x7b, 0xf3, 0x9c, 0xf3, 0x9c, 0xf3, 0x9c, 0xf3, 0x9c,
	0xf3, 0x9c, 0xf3, 0x9c, 0xf3, 0x9c, 0xf3, 0x9c, 0xf3, 0x9c, 0xf3, 0x9c,
	0xf3, 0x9c, 0xf3, 0x9c, 0xef, 0x7b, 0xef, 0x7b, 0xef, 0x7b, 0xef, 0x7b,
	0xf3, 0x9c, 0xf3, 0x9c, 0xf3, 0x9c, 0xf3, 0x9c, 0xf3, 0x9c, 0xf3, 0x9c,
	0xf3, 0x9c, 0xf3, 0x9c, 0xf3, 0x9c, 0xf3, 0x9c, 0xf3, 0x9c, 0xf3, 0x9c,
	0xef, 0x7b, 0xef, 0x7b, 0xef, 0x7b, 0xef, 0x7b, 0xf3, 0x9c, 0xf3, 0x9c,
	0xf3, 0x9c, 0xf3, 0x9c, 0xf3, 0x9c, 0xf3, 0x9c, 0xf3, 0x9c, 0xf3, 0x9c,
	0xf3, 0x9c, 0xf3, 0x9c, 0xf3, 0x9c, 0xf3, 0x9c, 0xef, 0x7b, 0xef, 0x7b,
	0xef, 0x7b, 0xef, 0x7b, 0xf3, 0x9c, 0xf3, 0x9c, 0xf3, 0x9c, 0xf3, 0x9c,
	0xf3, 0x9c, 0xf3, 0x9c, 0xf3, 0x9c, 0xf3, 0x9c, 0xf3, 0x9c, 0xf3, 0x9c,
	0xf3, 0x9c, 0xf3, 0x9c, 0xef, 0x7b, 0xef, 0x7b, 0xef, 0x7b, 0xef, 0x7b,
	0xf3, 0x9c, 0xf3, 0x9c, 0xf3, 0x9c, 0xf3, 0x9c, 0xf3, 0x9c, 0xf3, 0x9c,
	0xf3, 0x9c, 0xf3, 0x9c, 0xf3, 0x9c, 0xf3, 0x9c, 0xf3, 0x9c, 0xf3, 0x9c,
	0xef, 0x7b, 0xef, 0x7b, 0xef, 0x7b, 0xef, 0x7b, 0xf3, 0x9c, 0xf3, 0x9c,
	0xf3, 0x9c, 0xf3, 0x9c, 0xf3, 0x9c, 0xf3, 0x9c, 0xf3, 0x9c, 0xf3, 0x9c,
	0xf3, 0x9c, 0xf3, 0x9c, 0xf3, 0x9c, 0xf3, 0x9c, 0xef, 0x7b, 0xef, 0x7b,
	0xef, 0x7b, 0xef, 0x7b, 0xf3, 0x9c, 0xf3, 0x9c, 0xf3, 0x9c, 0xf3, 0x9c,
	0xf3, 0x9c, 0xf3, 0x9c, 0xf3, 0x9c, 0xf3, 0x9c, 0xf3, 0x9c, 0xf3, 0x9c,
	0xf3, 0x9c, 0xf3, 0x9c, 0xef, 0x7b, 0xef, 0x7b, 0xef, 0x7b, 0xef, 0x7b,
	0xf3, 0x9c, 0xf3, 0x9c, 0xf3, 0x9c, 0xf3, 0x9c, 0xf3, 0x9c, 0xf3, 0x9c,
	0xf3, 0x9c, 0xf3, 0x9c, 0xf3, 0x9c, 0xf3, 0x9c, 0xf3, 0x9c, 0xf3, 0x9c,
	0xef, 0x7b, 0xef, 0x7b, 0xef, 0x7b, 0xef, 0x7b, 0xf3, 0x9c, 0xf3, 0x9c,
	0xf3, 0x9c, 0xf3, 0x9c, 0xf3, 0x9c, 0xf3, 0x9c, 0xf3, 0x9c, 0xf3, 0x9c,
	0xf3, 0x9c, 0xf3, 0x9c, 0xf3, 0x9c, 0xf3, 0x9c, 0xef, 0x7b, 0xef, 0x7b,
	0xef, 0x7b, 0xef, 0x7b, 0xf3, 0x9c, 0xf3, 0x9c, 0xf3, 0x9c, 0xf3, 0x9c,
	0xf3, 0x9c, 0xf3, 0x9c, 0xf3, 0x9c, 0xf3, 0x9c, 0xf3, 0x9c, 0xf3, 0x9c,
	0xf3, 0x9c, 0xf3, 0x9c, 0xef, 0x7b, 0xef, 0x7b, 0xef, 0x7b, 0xef, 0x7b,
	0xf3, 0x9c, 0xf3, 0x9c, 0xf3, 0x9c, 0xf3, 0x9c, 0xf3, 0x9c, 0xf3, 0x9c,
	0xf3, 0x9c, 0xf3, 0x9c, 0xf3, 0x9c, 0xf3, 0x9c, 0xf3, 0x9c, 0xf3, 0x9c,
	0xef, 0x7b, 0xef, 0x7b, 0xef, 0x7b, 0xef, 0x7b, 0xf3, 0x9c, 0xf3, 0x9c,
	0xf3, 0x9c, 0xf3, 0x9c, 0xf3, 0x9c, 0xf3, 0x9c, 0xf3, 0x9c, 0xf3, 0x9c,
	0xf3, 0x9c, 0xf3, 0x9c, 0xf3, 0x9c, 0xf3, 0x9c, 0xef, 0x7b, 0xef, 0x7b,
	0xef, 0x7b, 0xef, 0x7b, 0xf3, 0x9c, 0xf3, 0x9c, 0xf3, 0x9c, 0xf3, 0x9c,
	0xf3, 0x9c, 0xf3, 0x9c, 0xf3, 0x9c, 0xf3, 0x9c, 0xf3, 0x9c, 0xf3, 0x9c,
	0xf3, 0x9c, 0xf3, 0x9c, 0xef, 0x7b, 0xef, 0x7b, 0xef, 0x7b, 0xef, 0x7b,
	0xf3, 0x9c, 0xf3, 0x9c, 0xf3, 0x9c, 0xf3, 0x9c, 0xf3, 0x9c, 0xf3, 0x9c,
	0xf3, 0x9c, 0xf3, 0x9c, 0xf3, 0x9c, 0xf3, 0x9c, 0xf3, 0x9c, 0xf3, 0x9c,
	0xef, 0x7b, 0xef, 0x7b, 0xef, 0x7b, 0xef, 0x7b, 0xf3, 0x9c, 0xf3, 0x9c,
	0xf3, 0x9c, 0xf3, 0x9c, 0xf3, 0x9c, 0xf3, 0x9c, 0xf3, 0x9c, 0xf3, 0x9c,
	0xf3, 0x9c, 0xf3, 0x9c, 0xf3, 0x9c, 0xf3, 0x9c, 0xef, 0x7b, 0xef, 0x7b,
	0xef, 0x7b, 0xef, 0x7b, 0xf3, 0x9c, 0xf3, 0x9c, 0xf3, 0x9c, 0xf3, 0x9c,
	0xf3, 0x9c, 0xf3, 0x9c, 0xf3, 0x9c, 0xf3, 0x9c, 0xf3, 0x9c, 0xf3, 0x9c,
	0xf3, 0x9c, 0xf3, 0x9c, 0xef, 0x7b, 0xef, 0x7b, 0xef, 0x7b, 0xef, 0x7b,
	0xf3, 0x9c, 0xf3, 0x9c, 0xf3, 0x9c, 0xf3, 0x9c, 0xf3, 0x9c, 0xf3, 0x9c,
	0xf3, 0x9c, 0xf3, 0x9c, 0xf3, 0x9c, 0xf3, 0x9c, 0xf3, 0x9c, 0xf3, 0x9c,
	0xef, 0x7b, 0xef, 0x7b, 0xef, 0x7b, 0xef, 0x7b, 0xf3, 0x9c, 0xf3, 0x9c,
	0xf3, 0x9c, 0xf3, 0x9c, 0xf3, 0x9c, 0xf3, 0x9c, 0xf3, 0x9c, 0xf3, 0x9c,
	0xf3, 0x9c, 0xf3, 0x9c, 0xf3, 0x9c, 0xf3, 0x9c, 0xef, 0x7b, 0xef, 0x7b,
	0xef, 0x7b, 0xef, 0x7b, 0xf3, 0x9c, 0xf3, 0x9c, 0xf3, 0x9c, 0xf3, 0x9c,
	0xf3, 0x9c, 0xf3, 0x9c, 0xf3, 0x9c, 0xf3, 0x9c, 0xf3, 0x9c, 0xf3, 0x9c,
	0xf3, 0x9c, 0xf3, 0x9c, 0xef, 0x7b, 0xef, 0x7b, 0xef, 0x7b, 0xef, 0x7b,
	0xf3, 0x9c, 0xf3, 0x9c, 0xf3, 0x9c, 0xf3, 0x9c, 0xf3, 0x9c, 0xf3, 0x9c,
	0xf3, 0x9c, 0xf3, 0x9c, 0xf3, 0x9c, 0xf3, 0x9c, 0xf3, 0x9c, 0xf3, 0x9c,
	0xef, 0x7b, 0xef, 0x7b, 0xef, 0x7b, 0xef, 0x7b, 0xf3, 0x9c, 0xf3, 0x9c,
	0xf3, 0x9c, 0xf3, 0x9c, 0xf3, 0x9c, 0xf3, 0x9c, 0xf3, 0x9c, 0xf3, 0x9c,
	0xf3, 0x9c, 0xf3, 0x9c, 0xf3, 0x9c, 0xf3, 0x9c, 0xef, 0x7b, 0xef, 0x7b,
	0xef, 0x7b, 0xef, 0x7b, 0xf3, 0x9c, 0xf3, 0x9c, 0xf3, 0x9c, 0xf3, 0x9c,
	0xf3, 0x9c, 0xf3, 0x9c, 0xf3, 0x9c, 0xf3, 0x9c, 0xf3, 0x9c, 0xf3, 0x9c,
	0xf3, 0x9c, 0xf3, 0x9c, 0xef, 0x7b, 0xef, 0x7b, 0xef, 0x7b, 0xef, 0x7b,
	0xf3, 0x9c, 0xf3, 0x9c, 0xf3, 0x9c, 0xf3, 0x9c, 0xf3, 0x9c, 0xf3, 0x9c,
	0xf3, 0x9c, 0xf3, 0x9c, 0xf3, 0x9c, 0xf3, 0x9c, 0xf3, 0x9c, 0xf3, 0x9c,
	0xef, 0x7b, 0xef, 0x7b, 0xef, 0x7b, 0xef, 0x7b, 0xf3, 0x9c, 0xf3, 0x9c,
	0xf3, 0x9c, 0xf3, 0x9c, 0xf3, 0x9c, 0xf3, 0x9c, 0xf3, 0x9c, 0xf3, 0x9c,
	0xf3, 0x9c, 0xf3, 0x9c, 0xf3, 0x9c, 0xf3, 0x9c, 0xef, 0x7b, 0xef, 0x7b,
	0xef, 0x7b, 0xef, 0x7b, 0xff, 0xff, 0xff, 0xff, 0xff, 0xff, 0xff, 0xff,
	0xff, 0xff, 0xff, 0xff, 0xff, 0xff, 0xff, 0xff, 0xff, 0xff, 0xff, 0xff,
	0xff, 0xff, 0xff, 0xff, 0xff, 0xff, 0xff, 0xff, 0xff, 0xff, 0xff, 0xff,
	0xff, 0xff, 0xff, 0xff, 0xff, 0xff, 0xff, 0xff, 0xff, 0xff, 0xff, 0xff,
	0xff, 0xff, 0xff, 0xff, 0xff, 0xff, 0xff, 0xff, 0xff, 0xff, 0xff, 0xff,
	0xff, 0xff, 0xff, 0xff, 0xff, 0xff, 0xff, 0xff, 0xff, 0xff, 0xff, 0xff,
	0xff, 0xff, 0xff, 0xff, 0xff, 0xff, 0xff, 0xff, 0xff, 0xff, 0xff, 0xff,
	0xff, 0xff, 0xff, 0xff, 0xff, 0xff, 0xff, 0xff, 0xff, 0xff, 0xff, 0xff,
	0xff, 0xff, 0xff, 0xff, 0xff, 0xff, 0xff, 0xff, 0xff, 0xff, 0xff, 0xff,
	0xff, 0xff, 0xff, 0xff, 0xff, 0xff, 0xff, 0xff, 0xff, 0xff, 0xff, 0xff,
	0xff, 0xff, 0xff, 0xff, 0xff, 0xff, 0xff, 0xff, 0xff, 0xff, 0xff, 0xff,
	0xff, 0xff, 0xff, 0xff, 0xff, 0xff, 0xff, 0xff, 0xff, 0xff, 0xff, 0xff,
	0xff, 0xff, 0xff, 0xff, 0xff, 0xff, 0xff, 0xff, 0xff, 0xff, 0xff, 0xff,
	0xff, 0xff, 0xff, 0xff, 0xff, 0xff, 0xff, 0xff, 0xff, 0xff, 0xff, 0xff,
	0xff, 0xff, 0xff, 0xff, 0xff, 0xff, 0xff, 0xff, 0xff, 0xff, 0xff, 0xff,
	0xff, 0xff, 0xff, 0xff, 0xff, 0xff, 0xff, 0xff, 0xff, 0xff, 0xff, 0xff,
	0xff, 0xff, 0xff, 0xff, 0xff, 0xff, 0xff, 0xff, 0xff, 0xff, 0xff, 0xff,
	0xff, 0xff, 0xff, 0xff, 0xda, 0xfb, 0x95, 0x3f, 0xff, 0xff, 0xeb, 0x5c,
	0x99, 0x1e, 0xb1, 0x0e, 0xf7, 0xbd, 0x8c, 0xff, 0xc5, 0x6c, 0xfe, 0x83,
	0xff, 0xff, 0xff, 0xff, 0xff, 0xff, 0xff, 0xff, 0xda, 0xd8, 0xff, 0xff,
	0xff, 0xff, 0xff, 0xff, 0xa1, 0x55, 0xff, 0xff, 0xff, 0xff, 0xff, 0xff,
	0x94, 0xb5, 0xf7, 0xbd, 0xff, 0xff, 0xff, 0xff, 0xff, 0xff, 0xff, 0xff,
	0xff, 0xff, 0xff, 0xff, 0xff, 0xff, 0xff, 0xff, 0xff, 0xff, 0xff, 0xff,
	0xff, 0xff, 0xff, 0xff, 0xff, 0xff, 0xff, 0xff, 0xff, 0xff, 0xff, 0xff,
	0xff, 0xff, 0xff, 0xff, 0xff, 0xff, 0xff, 0xff, 0xff, 0xff, 0xff, 0xff,
	0xff, 0xff, 0xff, 0xff, 0xff, 0xff, 0xff, 0xff, 0xff, 0xff, 0xff, 0xff,
	0xff, 0xff, 0xff, 0xff, 0xff, 0xff, 0xff, 0xff, 0xff, 0xff, 0xff, 0xff,
	0xff, 0xff, 0xff, 0xff, 0xff, 0xff, 0xff, 0xff, 0xff, 0xff, 0xff, 0xff,
	0xff, 0xff, 0xff, 0xff, 0xff, 0xff, 0xff, 0xff, 0xff, 0xff, 0xff, 0xff,
	0xff, 0xff, 0xff, 0xff, 0xff, 0xff, 0xff, 0xff, 0xff, 0xff, 0xff, 0xff,
	0xff, 0xff, 0xff, 0xff, 0xff, 0xff, 0xff, 0xff, 0xff, 0xff, 0xff, 0xff,
	0xff, 0xff, 0xff, 0xff, 0xff, 0xff, 0xff, 0xff, 0xff, 0xff, 0xff, 0xff,
	0xff, 0xff, 0xff, 0xff, 0xff, 0xff, 0xff, 0xff, 0xff, 0xff, 0xff, 0xff,
	0xff, 0xff, 0xff, 0xff, 0xff, 0xff, 0xff, 0xff, 0xff, 0xff, 0xff, 0xff,
	0xff, 0xff, 0xff, 0xff, 0xff, 0xff, 0xff, 0xff, 0xff, 0xff, 0xff, 0xff,
	0xff, 0xff, 0xff, 0xff, 0xff, 0xff, 0xff, 0xff, 0xff, 0xff, 0xff, 0xff,
	0xff, 0xff, 0xff, 0xff, 0xff, 0xff, 0xff, 0xff, 0xff, 0xff, 0xff, 0xff,
	0xff, 0xff, 0xff, 0xff, 0xff, 0xff, 0xff, 0xff, 0xff, 0xff, 0xff, 0xff,
	0xff, 0xff, 0xff, 0xff, 0xff, 0xff, 0xff, 0xff, 0xff, 0xff, 0xff, 0xff,
	0xff, 0xff, 0xff, 0xff, 0xff, 0xff, 0xff, 0xff, 0xff, 0xff, 0xff, 0xff,
	0xff, 0xff, 0xff, 0xff, 0xff, 0xff, 0xff, 0xff, 0xff, 0xff, 0xff, 0xff,
	0xff, 0xff, 0xff, 0xff, 0xff, 0xff, 0xff, 0xff, 0xff, 0xff, 0xff, 0xff,
	0xff, 0xff, 0xff, 0xff, 0xff, 0xff, 0xff, 0xff, 0xff, 0xff, 0xe7, 0x5b,
	0xff, 0xff, 0xff, 0xff, 0xff, 0xff, 0xff, 0xff, 0xff, 0xff, 0xff, 0xff,
	0xff, 0xff, 0xff, 0xff, 0xff, 0xff, 0xf3, 0x9d, 0xdf, 0x1c, 0xc6, 0x79,
	0xc2, 0x5a, 0xa5, 0xbc, 0xa1, 0x7d, 0x9d, 0x5d, 0xff, 0xff, 0xff, 0xff,
	0xff, 0xff, 0xff, 0xff, 0xff, 0xff, 0xf7, 0xbd, 0xeb, 0x7b, 0xba, 0x3d,
	0xb1, 0xf9, 0xa1, 0x98, 0xa1, 0x7d, 0x88, 0xdf, 0x99, 0x3a, 0x95, 0x36,
	0x8c, 0xff, 0xa0, 0xd3, 0x99, 0x5f, 0xa4, 0xf4, 0xf2, 0x44, 0xfe, 0xc8,
	0x90, 0xbc, 0xdd, 0xc2, 0xf2, 0x69, 0xfa, 0xa8, 0xc1, 0x27, 0xf2, 0x25,
	0xe2, 0x29, 0xf6, 0xaa, 0xe9, 0xe1, 0xe1, 0xe8, 0xe6, 0x29, 0xf2, 0xab,
	0xb1, 0x33, 0xce, 0x99, 0xff, 0xff, 0xff, 0xff, 0xc5, 0x90, 0xa9, 0x77,
	0xff, 0xff, 0xff, 0xff, 0xd9, 0xea, 0x88, 0x97, 0xb5, 0xf9, 0xd2, 0xb9,
	0xee, 0x48, 0x94, 0xb3, 0x88, 0xbd, 0x94, 0xfd, 0xff, 0xff, 0xff, 0xff,
	0xff, 0xff, 0xff, 0xff, 0xff, 0xff, 0xff, 0xff, 0xff, 0xff, 0xff, 0xff,
	0xeb, 0x7b, 0xff, 0xff, 0xff, 0xff, 0xff, 0xff, 0x95, 0x19, 0xb1, 0xd7,
	0xdf, 0x19, 0xff, 0xff, 0xff, 0xff, 0xff, 0xff, 0xff, 0xff, 0xff, 0xff,
	0xff, 0xff, 0xff, 0xff, 0xff, 0xff, 0xff, 0xff, 0xff, 0xff, 0xff, 0xff,
	0xff, 0xff, 0xff, 0xff, 0xff, 0xff, 0xff, 0xff, 0xff, 0xff, 0xff, 0xff,
	0xff, 0xff, 0xff, 0xff, 0xff, 0xff, 0xff, 0xff, 0xff, 0xff, 0xff, 0xff,
	0xff, 0xff, 0xff, 0xff, 0xff, 0xff, 0xff, 0xff, 0xff, 0xff, 0xff, 0xff,
	0xff, 0xff, 0xff, 0xff, 0xff, 0xff, 0xff, 0xff, 0xff, 0xff, 0xff, 0xff,
	0xff, 0xff, 0xff, 0xff, 0xff, 0xff, 0xff, 0xff, 0xff, 0xff, 0xff, 0xff,
	0xff, 0xff, 0xff, 0xff, 0xff, 0xff, 0xff, 0xff, 0xff, 0xff, 0xff, 0xff,
	0xff, 0xff, 0xff, 0xff, 0xff, 0xff, 0xff, 0xff, 0xff, 0xff, 0xff, 0xff,
	0xff, 0xff, 0xff, 0xff, 0xff, 0xff, 0xff, 0xff, 0xfb, 0xde, 0xef, 0x7d,
	0xef, 0x9d, 0xfb, 0xde, 0xc6, 0x59, 0xa1, 0x1a, 0x95, 0x1e, 0x95, 0x3f,
	0xff, 0xff, 0xff, 0xff, 0xff, 0xff, 0xff, 0xff, 0xff, 0xff, 0xff, 0xff,
	0xff, 0xff, 0xff, 0xff, 0xfb, 0xde, 0xfb, 0xde, 0xfb, 0xde, 0xfb, 0xde,
	0xad, 0xdc, 0xca, 0x79, 0xe3, 0x3a, 0xf7, 0xbe, 0xff, 0xff, 0xff, 0xff,
	0xff, 0xff, 0xff, 0xff, 0xff, 0xff, 0xff, 0xff, 0xff, 0xff, 0xff, 0xff,
	0xfb, 0xde, 0xfb, 0xde, 0xfb, 0xde, 0xe3, 0x39, 0xfb, 0xde, 0xfb, 0xde,
	0xf3, 0x9d, 0xa5, 0x9d, 0xff, 0xff, 0xfb, 0xde, 0xca, 0x9a, 0xa9, 0xdf,
	0xeb, 0x7b, 0xb1, 0xfb, 0xa5, 0xbf, 0x9d, 0x5f, 0xad, 0xdf, 0xa1, 0x5f,
	0x99, 0x1f, 0x99, 0x1f, 0x9d, 0x5f, 0x99, 0x1f, 0x99, 0x1f, 0x99, 0x1f,
	0xa5, 0x9f, 0x9d, 0x5d, 0x99, 0x3c, 0x95, 0x1a, 0x99, 0x3e, 0x99, 0x1e,
	0x99, 0x1d, 0x95, 0x1c, 0x95, 0x1f, 0x94, 0xfe, 0x94, 0xff, 0x94, 0xff,
	0x95, 0x1f, 0x94, 0xff, 0x94, 0xff, 0x94, 0xff, 0x95, 0x16, 0x99, 0x3b,
	0x88, 0xbe, 0xc1, 0x48, 0x99, 0x1c, 0x99, 0x1f, 0x88, 0x9b, 0xd9, 0xa4,
	0x94, 0xff, 0x90, 0xde, 0x84, 0x9c, 0xa4, 0xf0, 0x94, 0xfe, 0x90, 0xfc,
	0x90, 0xda, 0x80, 0x79, 0xee, 0x04, 0xe1, 0xe7, 0xea, 0x4a, 0xf2, 0xac,
	0xf6, 0x24, 0xe6, 0x29, 0xee, 0xac, 0xf2, 0xed, 0xe5, 0xe6, 0xfe, 0xe8,
	0xff, 0x6e, 0xff, 0x50, 0x88, 0x94, 0xb5, 0x70, 0xde, 0x6f, 0xff, 0x6f,
	0xf6, 0xa9, 0xa0, 0xf2, 0x80, 0x78, 0x88, 0x97, 0xfe, 0xea, 0xa9, 0x11,
	0x80, 0x77, 0x8c, 0xb3, 0xff, 0x2b, 0xa9, 0x10, 0x80, 0x99, 0x99, 0x39,
	0xff, 0x0c, 0x94, 0xd3, 0x84, 0xb6, 0x90, 0xf9, 0x8c, 0xb8, 0x94, 0xfa,
	0x99, 0x19, 0xc2, 0x36, 0x88, 0x93, 0x88, 0x92, 0x8c, 0x92, 0x94, 0xf8,
	0x95, 0x16, 0x94, 0xf3, 0x8c, 0xcf, 0x88, 0x6d, 0x94, 0xfb, 0x99, 0x39,
	0x9d, 0x37, 0x99, 0x14, 0xff, 0xff, 0xff, 0xff, 0xff, 0xff, 0xff, 0xff,
	0xb9, 0xf6, 0xff, 0xff, 0xff, 0xff, 0xff, 0xff, 0x88, 0xb2, 0xa9, 0x71,
	0xfb, 0xde, 0xfb, 0xde, 0x9d, 0x0f, 0xde, 0xf8, 0xfb, 0xde, 0xfb, 0xde,
	0xff, 0xff, 0xff, 0xff, 0xff, 0xff, 0xff, 0xff, 0xff, 0xff, 0xff, 0xff,
	0xff, 0xff, 0xff, 0xff, 0xfb, 0xde, 0xfb, 0xde, 0xfb, 0xde, 0xfb, 0xde,
	0xfb, 0xde, 0xfb, 0xde, 0xfb, 0xde, 0xfb, 0xde, 0xff, 0xff, 0xff, 0xff,
	0xff, 0xff, 0xff, 0xff, 0xff, 0xff, 0xff, 0xff, 0xff, 0xff, 0xff, 0xff,
	0xfb, 0xde, 0xfb, 0xde, 0xfb, 0xde, 0xfb, 0xde, 0xfb, 0xde, 0xfb, 0xde,
	0xfb, 0xde, 0xfb, 0xde, 0xda, 0xd9, 0xa4, 0xee, 0xe6, 0x29, 0xbd, 0x95,
	0xfb, 0xde, 0xb5, 0xb6, 0xdd, 0xeb, 0xff, 0x04, 0xfb, 0xde, 0xf7, 0xbd,
	0x90, 0x92, 0xf2, 0x48, 0xfb, 0xde, 0xfb, 0xde, 0xca, 0x57, 0xb5, 0x2f,
	0xa1, 0x1c, 0x8c, 0xdf, 0x8c, 0xff, 0x9d, 0x57, 0xea, 0x47, 0xc9, 0xac,
	0x94, 0xdc, 0x84, 0xbf, 0xfa, 0xcb, 0xf6, 0x85, 0xe6, 0x04, 0xa0, 0xf5,
	0xfe, 0xc7, 0xee, 0xad, 0xf6, 0x88, 0xee, 0x46, 0xad, 0xb4, 0xca, 0x76,
	0xb5, 0xfb, 0x9d, 0x5f, 0x94, 0xfe, 0xa1, 0x7f, 0xa1, 0x5f, 0x99, 0x1f,
	0x8c, 0xdf, 0x9d, 0x3f, 0x9d, 0x3f, 0x9d, 0x3f, 0x9d, 0x3a, 0x95, 0x3f,
	0x99, 0x3f, 0x9d, 0x3f, 0x99, 0x1f, 0x9d, 0x3f, 0x9d, 0x3f, 0x99, 0x1f,
	0x9d, 0x1f, 0x9d, 0x3f, 0x9d, 0x3f, 0x9d, 0x1f, 0x9d, 0x3f, 0x9d, 0x3f,
	0x9d, 0x3f, 0x9d, 0x1f, 0x9d, 0x3f, 0x9d, 0x3f, 0x9d, 0x3f, 0x9d, 0x3f,
	0x99, 0x1f, 0x94, 0xff, 0x94, 0xff, 0x94, 0xff, 0x99, 0x1f, 0x99, 0x1f,
	0x94, 0xff, 0x94, 0xff, 0x99, 0x1f, 0x99, 0x1f, 0x94, 0xff, 0x94, 0xff,
	0x9d, 0x1f, 0x99, 0x1f, 0x94, 0xff, 0x94, 0xff, 0x94, 0xfe, 0x94, 0xfd,
	0x90, 0xfb, 0x90, 0xf8, 0x94, 0xff, 0x94, 0xfe, 0x95, 0x1e, 0x94, 0xff,
	0x94, 0xff, 0x95, 0x1f, 0x90, 0xff, 0x88, 0x9d, 0x9d, 0x3f, 0x94, 0xff,
	0x80, 0x35, 0x84, 0x6c, 0x88, 0xd7, 0x80, 0x76, 0x80, 0x73, 0x9c, 0xf4,
	0x90, 0xfe, 0x90, 0xfb, 0x8c, 0xd8, 0x84, 0x96, 0x80, 0x57, 0x80, 0x37,
	0x88, 0x9b, 0x90, 0xd9, 0x94, 0xcb, 0x90, 0xcb, 0x80, 0x2e, 0x80, 0x57,
	0x9c, 0xf8, 0x84, 0x77, 0x8c, 0xcf, 0x90, 0xf6, 0x84, 0x9c, 0x8c, 0xb9,
	0x8c, 0xb1, 0x90, 0xd4, 0x90, 0xf5, 0x90, 0xd8, 0x8c, 0xd8, 0x8c, 0xd4,
	0x90, 0xda, 0x90, 0xf6, 0x90, 0xd7, 0x8c, 0xd6, 0x90, 0xda, 0x94, 0xfa,
	0x94, 0xf9, 0x99, 0x3a, 0x90, 0xd8, 0x94, 0xf9, 0x94, 0xf9, 0x94, 0xf8,
	0x90, 0xd8, 0x94, 0xf9, 0x94, 0xf9, 0x94, 0xf9, 0x90, 0xd7, 0x94, 0xf8,
	0x94, 0xf9, 0x94, 0xf9, 0xa1, 0x78, 0xc6, 0x56, 0xeb, 0x5a, 0xfb, 0xde,
	0x94, 0xf8, 0x99, 0x3a, 0x9d, 0x37, 0xca, 0x76, 0x94, 0xf8, 0x94, 0xf8,
	0x95, 0x19, 0x9d, 0x5a, 0x94, 0xf8, 0x94, 0xf8, 0x94, 0xf8, 0x94, 0xf7,
	0xfb, 0xde, 0xfb, 0xde, 0xfb, 0xde, 0xfb, 0xde, 0xfb, 0xde, 0xfb, 0xde,
	0xfb, 0xde, 0xfb, 0xde, 0xbe, 0x15, 0xfb, 0xde, 0xfb, 0xde, 0xfb, 0xde,
	0xa9, 0x97, 0xef, 0x7c, 0xf3, 0x9c, 0xeb, 0x5a, 0xfb, 0xde, 0xfb, 0xde,
	0xfb, 0xde, 0xfb, 0xde, 0xfb, 0xde, 0xfb, 0xde, 0xfb, 0xde, 0xfb, 0xde,
	0xfb, 0xde, 0xfb, 0xde, 0xfb, 0xde, 0xfb, 0xde, 0xfb, 0xde, 0xfb, 0xde,
	0xfb, 0xde, 0xfb, 0xde, 0xfb, 0xde, 0xfb, 0xde, 0xfb, 0xde, 0x9d, 0x14,
	0xf7, 0xbd, 0xf7, 0xbd, 0xf7, 0xbd, 0xef, 0x7b, 0xf7, 0xbd, 0xf7, 0xbd,
	0xf7, 0xbd, 0xf7, 0xbd, 0xf7, 0xbd, 0xf7, 0xbd, 0xf7, 0xbd, 0xf7, 0xbd,
	0xd5, 0xca, 0xff, 0x0b, 0xf6, 0xce, 0xfe, 0xea, 0x90, 0x93, 0xf6, 0x89,
	0xff, 0x6f, 0xfb, 0x2e, 0xc6, 0x37, 0xad, 0x11, 0xff, 0x89, 0xef, 0x11,
	0xf7, 0xbd, 0xa9, 0x75, 0xa9, 0x35, 0xad, 0xb6, 0xb1, 0xb7, 0x91, 0x1f,
	0x99, 0x1f, 0x9d, 0x3f, 0xa5, 0x9a, 0x95, 0x1f, 0x99, 0x1f, 0x9d, 0x3f,
	0x95, 0x3d, 0x99, 0x1f, 0x99, 0x1f, 0x9d, 0x1f, 0x99, 0x5e, 0x99, 0x1f,
	0x99, 0x1f, 0x9d, 0x1f, 0x9d, 0x3f, 0x9d, 0x3f, 0x9d, 0x3f, 0x9d, 0x3f,
	0x9d, 0x3f, 0x9d, 0x3f, 0x9d, 0x3f, 0x9d, 0x3f, 0x9d, 0x3f, 0x9d, 0x3f,
	0xa1, 0x3f, 0xa1, 0x3f, 0x9d, 0x3f, 0x9d, 0x3f, 0xa1, 0x3f, 0xa1, 0x3f,
	0x9d, 0x1f, 0x99, 0x1f, 0x94, 0xff, 0x99, 0x3f, 0x9d, 0x3f, 0x9d, 0x1f,
	0x94, 0xff, 0xa1, 0x5f, 0x9d, 0x3f, 0x99, 0x1f, 0x9d, 0x3f, 0x9d, 0x5f,
	0x9d, 0x3f, 0x98, 0xff, 0xa1, 0x5f, 0x95, 0x1f, 0x9d, 0x5f, 0x80, 0x14,
	0x98, 0xeb, 0xde, 0xf4, 0x84, 0x9c, 0x90, 0xad, 0xf7, 0xba, 0xff, 0xff,
	0x80, 0x55, 0xd6, 0xd5, 0xff, 0xff, 0xff, 0xff, 0x90, 0xd3, 0xf7, 0xba,
	0xff, 0xfe, 0xff, 0xde, 0xeb, 0x58, 0xe7, 0x37, 0xc6, 0x33, 0x84, 0x73,
	0xfb, 0xde, 0xf7, 0xbd, 0xfb, 0xda, 0xc6, 0x57, 0xff, 0xfe, 0xfb, 0xde,
	0xf3, 0x9c, 0xf3, 0x99, 0xff, 0xff, 0xfb, 0xde, 0xf7, 0xbd, 0xfb, 0xda,
	0x84, 0x7b, 0x90, 0xd9, 0x90, 0xd5, 0x8c, 0xd6, 0x84, 0x7b, 0x8c, 0xbb,
	0x8c, 0xd5, 0x8c, 0xd6, 0xa5, 0x5a, 0x84, 0x7c, 0x8c, 0xb7, 0x8c, 0xd5,
	0xc6, 0x59, 0x84, 0x7d, 0x8c, 0xb8, 0x8c, 0xd4, 0x90, 0xd5, 0x94, 0xf7,
	0x94, 0xf8, 0x94, 0xf7, 0x90, 0xf6, 0x94, 0xf5, 0x94, 0xf7, 0x90, 0xd6,
	0x94, 0xf6, 0x94, 0xf4, 0x90, 0xf5, 0x90, 0xd4, 0x90, 0xf6, 0x94, 0xf6,
	0x90, 0xf3, 0x8c, 0xb1, 0x90, 0xd7, 0x94, 0xf7, 0x94, 0xf7, 0x98, 0xf4,
	0x90, 0xd6, 0x90, 0xd6, 0x90, 0xd6, 0xb9, 0xf5, 0x90, 0xd4, 0x90, 0xd4,
	0x90, 0xd5, 0xd2, 0x97, 0x8c, 0xb1, 0x8c, 0xb2, 0x8c, 0xb3, 0xce, 0x76,
	0xff, 0xff, 0xff, 0xff, 0xff, 0xff, 0xe3, 0x18, 0xff, 0xff, 0xff, 0xff,
	0xff, 0xff, 0xde, 0xf7, 0xff, 0xff, 0xff, 0xff, 0xf7, 0xde, 0xbe, 0x14,
	0xff, 0xff, 0xfb, 0xde, 0xf7, 0xbd, 0xb1, 0xb5, 0xfb, 0xde, 0xfb, 0xde,
	0xfb, 0xde, 0xfb, 0xde, 0xf7, 0xbd, 0xf7, 0xbd, 0xf7, 0xbd, 0xf7, 0xbd,
	0xf7, 0xbd, 0xf7, 0xbd, 0xf7, 0xbd, 0xf7, 0xbd, 0xca, 0x75, 0xf7, 0xbd,
	0xf7, 0xbd, 0xf7, 0xbd, 0xf7, 0xbd, 0xf7, 0xbd, 0xf7, 0xbd, 0xf7, 0xbd,
	0xf7, 0xbd, 0xf7, 0xbd, 0xf7, 0xbd, 0xf7, 0xbd, 0xf7, 0xbd, 0xf7, 0xbd,
	0xf7, 0xbd, 0xf7, 0xbd, 0xf3, 0x9c, 0xf3, 0x9c, 0xf3, 0x9c, 0xf3, 0x9c,
	0xf7, 0xbd, 0xf7, 0xbd, 0x94, 0xf9, 0x95, 0x3e, 0xf7, 0xbd, 0xf7, 0xbd,
	0xef, 0x7b, 0xa1, 0x7d, 0xf7, 0xbd, 0xf7, 0xbd, 0xf3, 0x9c, 0x90, 0xf4,
	0xf3, 0x9c, 0xf3, 0x9c, 0xf3, 0x9c, 0x88, 0x71, 0xa1, 0x7f, 0x94, 0xff,
	0x94, 0xff, 0x99, 0x1f, 0x9d, 0x3f, 0x99, 0x3f, 0x99, 0x1f, 0x94, 0xff,
	0x94, 0xf3, 0x9d, 0x3c, 0x99, 0x1f, 0x9d, 0x1f, 0xb9, 0xf0, 0xef, 0x7b,
	0xa5, 0x7d, 0x90, 0xff, 0x9d, 0x1f, 0x9d, 0x3f, 0xa1, 0x3f, 0xa1, 0x3f,
	0x99, 0x1f, 0x9d, 0x1f, 0x9d, 0x3f, 0x9d, 0x3f, 0x94, 0xff, 0x99, 0x1f,
	0x9d, 0x1f, 0x99, 0x1f, 0x99, 0x1f, 0x94, 0xff, 0x99, 0x1f, 0x94, 0xfe,
	0x9d, 0x1f, 0x98, 0xff, 0xa5, 0x7f, 0x88, 0xbd, 0x9d, 0x1f, 0x94, 0xfe,
	0xa1, 0x7f, 0x80, 0x5b, 0x99, 0x1f, 0x98, 0xfe, 0x9d, 0x3f, 0x80, 0x5a,
	0x98, 0xff, 0x99, 0x1e, 0x9d, 0x1f, 0x80, 0x38, 0xa1, 0x53, 0xff, 0xfd,
	0xfb, 0xde, 0xff, 0xfe, 0xb1, 0xb4, 0xff, 0xfe, 0xff, 0xff, 0xff, 0xff,
	0xb9, 0xf5, 0xff, 0xff, 0xeb, 0x7a, 0xb2, 0x6c, 0xbe, 0x15, 0xff, 0xff,
	0xd6, 0xf5, 0x80, 0xc0, 0xff, 0xff, 0xfb, 0xde, 0xfb, 0xde, 0xfb, 0xdb,
	0xff, 0xff, 0xfb, 0xde, 0xfb, 0xde, 0xf7, 0xbc, 0xf7, 0xdd, 0xff, 0xff,
	0xf7, 0xbd, 0xf7, 0xbc, 0xbe, 0xf0, 0xff, 0xff, 0xf7, 0xbd, 0xf7, 0xbc,
	0xd6, 0xb9, 0x8c, 0xbd, 0x8c, 0xba, 0x8c, 0xd5, 0xe3, 0x19, 0x94, 0xfc,
	0x88, 0x9a, 0x8c, 0xd5, 0xe7, 0x39, 0x99, 0x1c, 0x84, 0x7a, 0x8c, 0xb4,
	0xe3, 0x18, 0x98, 0xfc, 0x84, 0x79, 0x8c, 0xb4, 0x94, 0xf6, 0x94, 0xf7,
	0x90, 0xf3, 0x88, 0x8c, 0x90, 0xf5, 0x94, 0xf7, 0x94, 0xf5, 0x88, 0x69,
	0x90, 0xd5, 0x90, 0xd6, 0x95, 0x18, 0x8c, 0xac, 0x90, 0xd5, 0x90, 0xd6,
	0x94, 0xf7, 0x94, 0xf3, 0x88, 0x6d, 0x88, 0x90, 0x8c, 0xb1, 0xbd, 0xf3,
	0x80, 0x48, 0x88, 0x6d, 0x88, 0x8e, 0xa5, 0x4f, 0x80, 0x24, 0x84, 0x6a,
	0x84, 0x6b, 0x90, 0xac, 0x80, 0x45, 0x80, 0x26, 0x84, 0x49, 0x88, 0x8b,
	0xff, 0xff, 0xf7, 0xde, 0xf7, 0xbd, 0xa9, 0x74, 0xf7, 0xde, 0xf3, 0xbd,
	0xf7, 0xbd, 0xa9, 0x93, 0xe7, 0x5a, 0xef, 0x9c, 0xf7, 0xde, 0xb5, 0xd3,
	0xda, 0xf7, 0xef, 0x7c, 0xf7, 0xbd, 0xb9, 0xf3, 0x9d, 0x33, 0xf7, 0xbd,
	0xf7, 0xbd, 0xf7, 0xbd, 0x94, 0xf6, 0xde, 0xf8, 0xf7, 0xbd, 0xf7, 0xbd,
	0x94, 0xf7, 0xb9, 0xf3, 0xf7, 0xbd, 0xf7, 0xbd, 0x90, 0xd6, 0xa1, 0x32,
	0xf3, 0x9c, 0xf3, 0x9c, 0xf3, 0x9c, 0xf3, 0x9c, 0xf3, 0x9c, 0xf3, 0x9c,
	0xf3, 0x9c, 0xf3, 0x9c, 0xf3, 0x9c, 0xf3, 0x9c, 0xf3, 0x9c, 0xf3, 0x9c,
	0xf3, 0x9c, 0xf3, 0x9c, 0xf3, 0x9c, 0xf3, 0x9c, 0xf3, 0x9c, 0xf3, 0x9c,
	0xf3, 0x9c, 0xf3, 0x9c, 0xf3, 0x9c, 0xa1, 0x35, 0xf3, 0x9c, 0xf3, 0x9c,
	0xf3, 0x9c, 0xca, 0x57, 0xf3, 0x9c, 0xf3, 0x9c, 0xf3, 0x9c, 0xef, 0x7b,
	0xf3, 0x9c, 0xf3, 0x9c, 0xf3, 0x9c, 0xf3, 0x9c, 0xba, 0x1b, 0xff, 0xff,
	0xf3, 0xbc, 0x9d, 0x3d, 0xa5, 0x7f, 0xff, 0xfd, 0xff, 0xff, 0xf3, 0x9b,
	0x8c, 0xbb, 0xeb, 0x5e, 0xff, 0xfe, 0xff, 0xfe, 0xa9, 0x76, 0xc6, 0x5f,
	0xff, 0xfc, 0xfb, 0xdf, 0x90, 0xdf, 0x98, 0xff, 0x94, 0xff, 0x94, 0xdd,
	0x90, 0xdc, 0x8c, 0xbf, 0x99, 0x1f, 0x90, 0xdc, 0xe3, 0x39, 0x8c, 0xbd,
	0x94, 0xff, 0x94, 0xdd, 0xff, 0xfd, 0xa5, 0xcc, 0x80, 0x15, 0x90, 0xdf,
	0x94, 0xfd, 0x9d, 0x1f, 0x99, 0x1f, 0x80, 0x35, 0x90, 0xda, 0x99, 0x1f,
	0x90, 0xdd, 0x80, 0x33, 0x8c, 0xb6, 0x90, 0xdc, 0x88, 0x9a, 0x80, 0x4f,
	0x88, 0x96, 0x88, 0x96, 0x80, 0x11, 0x98, 0xee, 0xc6, 0x55, 0xff, 0xff,
	0xdb, 0x56, 0x80, 0x00, 0xd2, 0x96, 0xff, 0xff, 0xe7, 0x99, 0x80, 0x20,
	0xe3, 0x17, 0xff, 0xff, 0xef, 0x9b, 0xce, 0x93, 0xfb, 0xbb, 0xf7, 0xbc,
	0xff, 0xbe, 0xd2, 0xf4, 0x8d, 0x43, 0xf7, 0xfd, 0xf7, 0x9d, 0xf3, 0x9a,
	0x80, 0x20, 0xdb, 0x96, 0xf3, 0x5c, 0xef, 0x77, 0x88, 0xe3, 0xc7, 0x31,
	0xef, 0x1a, 0xde, 0xf4, 0x82, 0x83, 0xc2, 0xf1, 0xea, 0x95, 0xde, 0x91,
	0xda, 0xd8, 0x90, 0xdc, 0x84, 0x96, 0x8c, 0xb3, 0xc6, 0x38, 0x80, 0x7a,
	0x88, 0x92, 0x8c, 0xb3, 0x95, 0x1a, 0x80, 0x37, 0x88, 0x90, 0x8c, 0xb4,
	0xb5, 0x93, 0x84, 0x70, 0x84, 0x70, 0x8c, 0xb4, 0x90, 0xd5, 0x90, 0xd6,
	0x90, 0xd6, 0x95, 0x18, 0x90, 0xd6, 0x90, 0xd6, 0x90, 0xd6, 0x90, 0xd6,
	0x90, 0xd6, 0x90, 0xd5, 0x90, 0xd5, 0x90, 0xd6, 0x90, 0xd5, 0x90, 0xd5,
	0x90, 0xd6, 0x90, 0xd7, 0xa5, 0x4f, 0xbd, 0xef, 0x94, 0xca, 0x84, 0x48,
	0x9d, 0x55, 0xf3, 0x9c, 0xf3, 0x9c, 0xda, 0xf7, 0x95, 0x18, 0xa1, 0x30,
	0xde, 0xf7, 0xff, 0xff, 0x90, 0xd5, 0xc2, 0x37, 0xff, 0xff, 0xff, 0xff,
	0xbe, 0x11, 0xe7, 0x5a, 0xf3, 0x9c, 0xc6, 0x34, 0xce, 0x94, 0xda, 0xf7,
	0xde, 0xf8, 0xd6, 0xd6, 0xff, 0xff, 0xf7, 0xde, 0xe7, 0x5a, 0xe3, 0x39,
	0xff, 0xff, 0xf7, 0xde, 0xfb, 0xde, 0xff, 0xff, 0x8c, 0xb3, 0x90, 0xd3,
	0xeb, 0x5a, 0xf3, 0x9c, 0x8c, 0xb1, 0x90, 0xd4, 0xd2, 0xb6, 0xf3, 0x9c,
	0x8c, 0xac, 0x8c, 0xd5, 0xbe, 0x14, 0xf3, 0x9c, 0xd6, 0xd6, 0xb1, 0xb1,
	0xbd, 0xf4, 0xf3, 0x9c, 0xf3, 0x9c, 0xf3, 0x9c, 0xf3, 0x9c, 0xf3, 0x9c,
	0xef, 0x7b, 0xef, 0x7b, 0xef, 0x7b, 0xef, 0x7b, 0xef, 0x7b, 0xef, 0x7b,
	0xef, 0x7b, 0xef, 0x7b, 0xef, 0x7b, 0xef, 0x7b, 0xef, 0x7b, 0xef, 0x7b,
	0xf3, 0x9c, 0xf3, 0x9c, 0xf3, 0x9c, 0xf3, 0x9c, 0xef, 0x7b, 0xef, 0x7b,
	0xef, 0x7b, 0xef, 0x7b, 0xef, 0x7b, 0xef, 0x7b, 0xef, 0x7b, 0xef, 0x7b,
	0xef, 0x7b, 0xef, 0x7b, 0xef, 0x7b, 0xef, 0x7b, 0xe3, 0x19, 0x99, 0x1e,
	0xf3, 0x9c, 0xff, 0xfd, 0xef, 0x7b, 0x90, 0xf7, 0xc2, 0x3f, 0xff, 0xfb,
	0xef, 0x7b, 0xbe, 0x34, 0x95, 0x1f, 0xe7, 0x19, 0xef, 0x7b, 0xeb, 0x5a,
	0x8c, 0xf7, 0x90, 0xfa, 0xff, 0xff, 0xd7, 0x51, 0x88, 0x41, 0x88, 0x8f,
	0xfb, 0xdf, 0xff, 0xff, 0xbe, 0xce, 0x80, 0x40, 0xff, 0xfc, 0xff, 0xdf,
	0xdf, 0xd7, 0x8d, 0xa4, 0xd6, 0x52, 0xe2, 0xd5, 0xea, 0xf7, 0xf3, 0x95,
	0x88, 0x91, 0x80, 0x2b, 0x8c, 0x69, 0xda, 0xd5, 0x88, 0x41, 0x90, 0x63,
	0xde, 0xb1, 0xf7, 0x35, 0x80, 0x00, 0x80, 0x00, 0xc5, 0xca, 0xff, 0xd3,
	0xd6, 0x8e, 0xc5, 0xe9, 0xea, 0xef, 0xff, 0xb3, 0xf3, 0x9b, 0xeb, 0x5a,
	0xf3, 0x5b, 0xda, 0xd6, 0xe6, 0xd3, 0xe6, 0xd4, 0xe6, 0xd3, 0xef, 0x13,
	0xff, 0x72, 0xfb, 0x51, 0xfb, 0x50, 0xff, 0x71, 0xfb, 0x72, 0xf7, 0x30,
	0xf2, 0xee, 0xee, 0xcd, 0xb2, 0xaa, 0xde, 0xcf, 0xfb, 0x73, 0xff, 0x71,
	0xff, 0x54, 0xff, 0xb3, 0xff, 0x92, 0xea, 0x8b, 0xff, 0x71, 0xfb, 0x30,
	0xea, 0x8c, 0xde, 0x29, 0xf2, 0xee, 0xee, 0xac, 0xe2, 0x29, 0xe6, 0x29,
	0xff, 0x2b, 0xc1, 0x8b, 0x80, 0x32, 0x8c, 0xb5, 0xf2, 0x68, 0xcd, 0xca,
	0x80, 0x53, 0x8c, 0xb5, 0xf6, 0x68, 0xb9, 0x4b, 0x80, 0x33, 0x8c, 0xb4,
	0xe6, 0x07, 0x90, 0x8e, 0x80, 0x53, 0x88, 0x92, 0x90, 0xd5, 0x90, 0xd5,
	0x90, 0xd6, 0x90, 0xd6, 0x90, 0xd5, 0x90, 0xd5, 0x90, 0xd5, 0x90, 0xd5,
	0x98, 0xf2, 0xda, 0xfa, 0xe3, 0x1b, 0xbe, 0x15, 0xef, 0x7b, 0xff, 0xff,
	0xff, 0xff, 0xff, 0xff, 0xad, 0x93, 0xff, 0xff, 0xff, 0xff, 0xef, 0x7c,
	0xe7, 0x5a, 0xff, 0xff, 0xeb, 0x5a, 0xef, 0x7b, 0xd6, 0xb6, 0xeb, 0x5a,
	0xef, 0x7b, 0xff, 0xff, 0xc2, 0x32, 0xd6, 0xb6, 0xff, 0xff, 0xfb, 0xde,
	0xeb, 0x5a, 0xe7, 0x5a, 0xe7, 0x3a, 0xeb, 0x5a, 0xff, 0xff, 0xff, 0xff,
	0xff, 0xff, 0xf7, 0xbd, 0xff, 0xff, 0xfb, 0xff, 0xf7, 0xbd, 0xfb, 0xde,
	0xeb, 0x5a, 0xe3, 0x39, 0xe3, 0x19, 0xe3, 0x19, 0xff, 0xff, 0xda, 0xd6,
	0xf3, 0x9c, 0xf3, 0x9c, 0xf7, 0xbd, 0xff, 0xff, 0xd6, 0xb5, 0xef, 0x7b,
	0xfb, 0xff, 0xff, 0xff, 0xfb, 0xde, 0xda, 0xd6, 0xe3, 0x19, 0xef, 0x9c,
	0xff, 0xff, 0xf7, 0xbd, 0xef, 0x7b, 0xef, 0x7b, 0xef, 0x7b, 0xef, 0x7b,
	0xef, 0x7b, 0xef, 0x7b, 0xef, 0x7b, 0xef, 0x7b, 0xef, 0x7b, 0xef, 0x7b,
	0xef, 0x7b, 0xef, 0x7b, 0xeb, 0x5a, 0xeb, 0x5a, 0xeb, 0x5a, 0xeb, 0x5a,
	0xef, 0x7b, 0xef, 0x7b, 0xef, 0x7b, 0xef, 0x7b, 0xef, 0x7b, 0xef, 0x7b,
	0xef, 0x7b, 0xef, 0x7b, 0xef, 0x7b, 0xef, 0x7b, 0xef, 0x7b, 0xef, 0x7b,
	0xeb, 0x5a, 0xeb, 0x5a, 0xeb, 0x5a, 0xeb, 0x5a, 0xef, 0x7b, 0xef, 0x7b,
	0xad, 0x93, 0xc2, 0x17, 0xef, 0x7b, 0xef, 0x7b, 0xce, 0x96, 0xca, 0x37,
	0xef, 0x7b, 0xef, 0x7b, 0xeb, 0x5a, 0x88, 0xd6, 0xeb, 0x5a, 0xeb, 0x5a,
	0xeb, 0x5a, 0xb9, 0xf3, 0xe2, 0xaf, 0xea, 0xf1, 0xfb, 0x94, 0xff, 0xf6,
	0xff, 0xf0, 0xff, 0xd3, 0xff, 0x93, 0xf7, 0x30, 0xb9, 0x93, 0xfe, 0xeb,
	0xfa, 0xec, 0xee, 0xcd, 0x80, 0x9a, 0xa5, 0x10, 0xda, 0x0b, 0xf2, 0x6a,
	0xff, 0xf5, 0xff, 0xd4, 0xff, 0x51, 0xf3, 0x0f, 0xf7, 0x0f, 0xf3, 0x0f,
	0xf2, 0xef, 0xf2, 0xce, 0xee, 0xad, 0xee, 0xad, 0xee, 0xac, 0xea, 0x8b,
	0xf6, 0x8a, 0xf6, 0x8a, 0xee, 0x49, 0xe6, 0x09, 0xf2, 0xee, 0xee, 0xcd,
	0xee, 0xcd, 0xee, 0xac, 0xee, 0xad, 0xee, 0xac, 0xea, 0x6b, 0xe6, 0x4a,
	0xea, 0x6b, 0xe6, 0x4a, 0xe2, 0x09, 0xe6, 0x29, 0xe6, 0x08, 0xe1, 0xc7,
	0xdd, 0xa6, 0xd5, 0x84, 0xea, 0x6b, 0xe2, 0x29, 0xe2, 0x08, 0xf2, 0x05,
	0xe2, 0x09, 0xe2, 0x08, 0xea, 0x06, 0xbd, 0x27, 0xea, 0x28, 0xe5, 0xc6,
	0xac, 0xe5, 0x80, 0x09, 0xc1, 0x02, 0x98, 0x62, 0x80, 0x05, 0x80, 0x26,
	0xb1, 0x0a, 0x80, 0x31, 0x84, 0x70, 0x88, 0x90, 0x80, 0x2d, 0x80, 0x4d,
	0x84, 0x6c, 0x84, 0x6e, 0x80, 0x28, 0x80, 0x47, 0x80, 0x47, 0x84, 0x4a,
	0x80, 0x47, 0x80, 0x48, 0x80, 0x47, 0x80, 0x47, 0xf7, 0xbd, 0xff, 0xff,
	0xff, 0xff, 0xf3, 0x9d, 0xbd, 0xf2, 0xff, 0xff, 0xf3, 0x9c, 0xce, 0x94,
	0x84, 0x6b, 0xc2, 0x13, 0xdf, 0x19, 0xb9, 0xf0, 0x84, 0x69, 0x84, 0x6c,
	0xad, 0x90, 0xe7, 0x3a, 0xb1, 0xae, 0xd6, 0xb6, 0xfb, 0xde, 0xeb, 0x5a,
	0xa9, 0x4c, 0xda, 0xd7, 0xef, 0x7b, 0xfb, 0xde, 0xc6, 0x32, 0xd6, 0xb6,
	0xe7, 0x5a, 0xff, 0xff, 0xe7, 0x5a, 0xd6, 0xd7, 0xe3, 0x19, 0xf7, 0xdd,
	0xf3, 0xbd, 0xff, 0xff, 0xff, 0xff, 0xff, 0xff, 0xff, 0xff, 0xff, 0xff,
	0xff, 0xff, 0xff, 0xff, 0xfb, 0xfe, 0xef, 0x7c, 0xef, 0x7b, 0xf7, 0xbd,
	0xe3, 0x39, 0xce, 0x74, 0xd6, 0xd6, 0xdf, 0x18, 0xf7, 0xde, 0xf7, 0xbd,
	0xf7, 0xbd, 0xff, 0xff, 0xff, 0xff, 0xff, 0xff, 0xfb, 0xde, 0xef, 0x9c,
	0xfb, 0xde, 0xfb, 0xde, 0xfb, 0xde, 0xf3, 0x9c, 0xe7, 0x5a, 0xf3, 0x9c,
	0xf7, 0xbd, 0xf3, 0x9d, 0xeb, 0x5a, 0xeb, 0x5a, 0xeb, 0x5a, 0xeb, 0x5a,
	0xeb, 0x5a, 0xeb, 0x5a, 0xeb, 0x5a, 0xeb, 0x5a, 0xeb, 0x5a, 0xeb, 0x5a,
	0xeb, 0x5a, 0xeb, 0x5a, 0xeb, 0x5a, 0xeb, 0x5a, 0xeb, 0x5a, 0xeb, 0x5a,
	0xeb, 0x5a, 0xeb, 0x5a, 0xeb, 0x5a, 0xeb, 0x5a, 0xeb, 0x5a, 0xeb, 0x5a,
	0xeb, 0x5a, 0xeb, 0x5a, 0xeb, 0x5a, 0xeb, 0x5a, 0xeb, 0x5a, 0xeb, 0x5a,
	0xeb, 0x5a, 0xeb, 0x5a, 0xeb, 0x5a, 0xeb, 0x5a, 0xeb, 0x5a, 0xeb, 0x5a,
	0xeb, 0x5a, 0xe3, 0x39, 0xeb, 0x5a, 0xeb, 0x5a, 0xeb, 0x5a, 0xeb, 0x5a,
	0xeb, 0x5a, 0xeb, 0x5a, 0xeb, 0x5a, 0xeb, 0x5a, 0xeb, 0x5a, 0xeb, 0x5a,
	0xe7, 0x38, 0xe6, 0xf4, 0x90, 0xd4, 0x80, 0x54, 0x80, 0x4f, 0xa0, 0xca,
	0xb9, 0xf2, 0x80, 0x72, 0x80, 0x0a, 0x80, 0x05, 0xe7, 0x39, 0xa0, 0xed,
	0xb5, 0x6c, 0xce, 0x0a, 0xfb, 0x73, 0xff, 0xd4, 0xff, 0xf3, 0xf3, 0x13,
	0xb9, 0x26, 0xbd, 0x25, 0xcd, 0x67, 0xe1, 0xa5, 0x80, 0x05, 0x8c, 0x6b,
	0xde, 0x2a, 0xee, 0x6a, 0xa9, 0x30, 0xea, 0xf2, 0xff, 0xb0, 0xfb, 0x51,
	0xce, 0x56, 0xff, 0xf4, 0xff, 0xd6, 0xff, 0xb5, 0xd9, 0x85, 0xd5, 0x64,
	0xb4, 0xe4, 0x84, 0x06, 0xe6, 0x4a, 0xe6, 0x49, 0xe2, 0x4a, 0xd1, 0xea,
	0xfb, 0x50, 0xf7, 0x30, 0xf7, 0x0f, 0xff, 0x6d, 0xff, 0xb5, 0xff, 0x94,
	0xff, 0x72, 0xff, 0x71, 0x80, 0x06, 0x80, 0x05, 0x80, 0x27, 0x80, 0x49,
	0x8c, 0x8f, 0x80, 0x50, 0x84, 0x8e, 0x80, 0x0c, 0xda, 0x2e, 0x80, 0x33,
	0x80, 0x53, 0xc2, 0x12, 0xff, 0x2e, 0x98, 0xf4, 0x80, 0x12, 0xe2, 0x8e,
	0x80, 0x4c, 0x80, 0x4c, 0x80, 0x6d, 0x84, 0x6b, 0x80, 0x0a, 0x80, 0x4d,
	0x84, 0x6e, 0x84, 0x71, 0xc1, 0xee, 0x80, 0x0d, 0x80, 0x2f, 0x84, 0x91,
	0xff, 0xf5, 0xd2, 0x51, 0x80, 0x0e, 0x80, 0x11, 0x84, 0x48, 0x84, 0x6b,
	0x84, 0x6c, 0xb5, 0xd2, 0xb9, 0xf1, 0xb1, 0x8e, 0x84, 0x6c, 0x88, 0x8e,
	0xc2, 0x33, 0xeb, 0x5a, 0xb5, 0xb0, 0x88, 0x8d, 0xb5, 0xd5, 0xeb, 0x5a,
	0xeb, 0x5a, 0xbd, 0xf1, 0xef, 0x7c, 0xe7, 0x3a, 0xe3, 0x19, 0xe7, 0x5a,
	0xa9, 0x70, 0xef, 0x9c, 0xe7, 0x5a, 0xde, 0xf8, 0x98, 0xed, 0xe7, 0x3a,
	0xeb, 0x5b, 0xde, 0xf8, 0xe3, 0x3a, 0xc6, 0x32, 0xde, 0xf8, 0xe3, 0x19,
	0xe7, 0x39, 0xef, 0x7b, 0xe3, 0x39, 0xc2, 0x12, 0xe3, 0x19, 0xe7, 0x39,
	0xd6, 0xb6, 0xda, 0xd7, 0xda, 0xf7, 0xdf, 0x18, 0xe7, 0x3a, 0xf7, 0xde,
	0xef, 0x7c, 0xf7, 0xbe, 0xfb, 0xde, 0xf7, 0xbd, 0xd6, 0xb6, 0xf3, 0x9c,
	0xf3, 0x9c, 0xe7, 0x3a, 0xf3, 0x9c, 0xf3, 0x9d, 0xeb, 0x7b, 0xce, 0x73,
	0xfb, 0xde, 0xeb, 0x5a, 0xe7, 0x3a, 0xd2, 0x94, 0xeb, 0x7b, 0xe7, 0x5a,
	0xd2, 0x94, 0xeb, 0x5a, 0xeb, 0x5a, 0xeb, 0x5a, 0xeb, 0x5a, 0xeb, 0x5a,
	0xe7, 0x39, 0xe7, 0x39, 0xe7, 0x39, 0xe7, 0x39, 0xe7, 0x39, 0xe7, 0x39,
	0xe7, 0x39, 0xe7, 0x39, 0xe7, 0x39, 0xe7, 0x39, 0xe7, 0x39, 0xe7, 0x39,
	0xeb, 0x5a, 0xeb, 0x5a, 0xeb, 0x5a, 0xeb, 0x5a, 0xe7, 0x39, 0xe7, 0x39,
	0xe7, 0x39, 0xe7, 0x39, 0xe7, 0x39, 0xe7, 0x39, 0xe7, 0x39, 0xe7, 0x39,
	0xe7, 0x39, 0xe7, 0x39, 0xe7, 0x39, 0xe7, 0x39, 0xeb, 0x5a, 0xeb, 0x5a,
	0xeb, 0x33, 0xff, 0xfb, 0xe7, 0x39, 0xe3, 0x17, 0xff, 0xf9, 0xf7, 0x30,
	0xe7, 0x39, 0xe3, 0x16, 0xff, 0xf8, 0xea, 0x8c, 0xe7, 0x39, 0xe3, 0x18,
	0xff, 0xd6, 0xff, 0x72, 0xff, 0xf7, 0xff, 0x71, 0xde, 0x4a, 0xa5, 0x10,
	0xd6, 0x0c, 0xde, 0x92, 0xd6, 0xb5, 0x90, 0xf4, 0xd2, 0x50, 0xe7, 0x39,
	0xe7, 0x39, 0xc2, 0x35, 0xcd, 0x86, 0xe7, 0x39, 0xe7, 0x39, 0xc6, 0x57,
	0xf3, 0x78, 0xff, 0xf7, 0xff, 0xf8, 0xff, 0xf8, 0xff, 0xfa, 0xff, 0xf7,
	0xff, 0xf7, 0xff, 0xf8, 0xff, 0xf9, 0xff, 0xf7, 0xff, 0xf7, 0xff, 0xf8,
	0xff, 0xf7, 0xff, 0xf7, 0xff, 0xf7, 0xff, 0xf7, 0xff, 0xd8, 0xff, 0xd6,
	0xff, 0xb5, 0xff, 0x93, 0xff, 0xf8, 0xff, 0xd7, 0xff, 0xb5, 0xff, 0x93,
	0xff, 0xd7, 0xff, 0xb6, 0xff, 0xb4, 0xff, 0x93, 0xff, 0xd6, 0xff, 0xb5,
	0xff, 0xb4, 0xff, 0xb1, 0xff, 0x8f, 0xb1, 0x94, 0x80, 0x12, 0x90, 0x45,
	0xff, 0xb0, 0xb5, 0x94, 0x80, 0x10, 0x80, 0x08, 0xff, 0x90, 0xa5, 0x35,
	0x80, 0x0f, 0x84, 0x6a, 0xf3, 0x11, 0x88, 0x95, 0x80, 0x4e, 0x88, 0x8c,
	0xfb, 0x0d, 0xff, 0xf8, 0xe6, 0xf1, 0x84, 0x30, 0x98, 0xaa, 0xff, 0x71,
	0xff, 0xf9, 0xeb, 0x34, 0x80, 0x2f, 0x9c, 0xcc, 0xfb, 0x72, 0xff, 0xf9,
	0x8c, 0xaf, 0x80, 0x32, 0xb9, 0xaf, 0xf7, 0x30, 0xbe, 0x16, 0xeb, 0x5a,
	0xe3, 0x18, 0xef, 0x7b, 0xce, 0x54, 0xe7, 0x39, 0xde, 0xf7, 0xf3, 0x9c,
	0xfb, 0x50, 0xd6, 0x92, 0xe2, 0xd2, 0xf7, 0xbd, 0xff, 0xd5, 0xfb, 0x31,
	0xfb, 0x52, 0xef, 0x7b, 0xfb, 0xde, 0xb9, 0xf0, 0xc2, 0x11, 0xeb, 0x5b,
	0xf7, 0xbd, 0xeb, 0x7b, 0xb9, 0xcf, 0xda, 0xd7, 0xeb, 0x5a, 0xff, 0xff,
	0xf3, 0x9d, 0xd6, 0xb6, 0xfb, 0xde, 0xda, 0xd7, 0xf7, 0xde, 0xff, 0xff,
	0xf3, 0xbd, 0xf7, 0xde, 0xf3, 0x9d, 0xeb, 0x5b, 0xf3, 0x9c, 0xef, 0x7b,
	0xe7, 0x3a, 0xde, 0xf7, 0xd6, 0xd6, 0xd6, 0xb6, 0xd2, 0x95, 0xce, 0x74,
	0xeb, 0x5a, 0xde, 0xf8, 0xda, 0xd7, 0xe7, 0x3a, 0xe3, 0x19, 0xe3, 0x18,
	0xd2, 0x95, 0xeb, 0x5a, 0xde, 0xf7, 0xca, 0x52, 0xe7, 0x39, 0xe7, 0x39,
	0xe3, 0x39, 0xd6, 0xb5, 0xe7, 0x39, 0xe7, 0x39, 0xfb, 0xdf, 0xd2, 0x94,
	0xe7, 0x39, 0xe7, 0x39, 0xe7, 0x39, 0xe7, 0x39, 0xe7, 0x39, 0xe7, 0x39,
	0xe7, 0x39, 0xe7, 0x39, 0xe7, 0x39, 0xe7, 0x39, 0xe7, 0x39, 0xe7, 0x39,
	0xe7, 0x39, 0xe7, 0x39, 0xe7, 0x39, 0xe7, 0x39, 0xe7, 0x39, 0xe7, 0x39,
	0xe7, 0x39, 0xe7, 0x39, 0xe7, 0x39, 0xe7, 0x39, 0xe7, 0x39, 0xe7, 0x39,
	0xe7, 0x39, 0xe7, 0x39, 0xe7, 0x39, 0xe7, 0x39, 0xe7, 0x39, 0xe7, 0x39,
	0xe7, 0x39, 0xe7, 0x39, 0xe7, 0x39, 0xe7, 0x39, 0xe7, 0x39, 0xe7, 0x39,
	0xf7, 0x75, 0xff, 0xf7, 0xe7, 0x39, 0xe7, 0x39, 0xf3, 0x77, 0xff, 0xf7,
	0xe7, 0x39, 0xe7, 0x39, 0xe7, 0x39, 0xff, 0xd5, 0xe7, 0x39, 0xde, 0xf7,
	0xc6, 0x33, 0xda, 0x6c, 0xea, 0x6b, 0xd6, 0x71, 0xe7, 0x39, 0xc2, 0x56,
	0xfb, 0x30, 0xd1, 0xa7, 0xe7, 0x39, 0xce, 0x95, 0xff, 0x92, 0xdd, 0xc5,
	0xc1, 0xcc, 0xc2, 0x34, 0xf7, 0x0e, 0xde, 0x08, 0xda, 0x2c, 0xb1, 0xd8,
	0xff, 0xf7, 0xff, 0xd7, 0xff, 0xd7, 0xff, 0xd6, 0xff, 0xf6, 0xff, 0xd5,
	0xff, 0xb6, 0xff, 0xb5, 0xff, 0x74, 0xff, 0xd4, 0xff, 0xb4, 0xff, 0x94,
	0xd2, 0x74, 0xff, 0xf0, 0xff, 0xb3, 0xff, 0x93, 0xff, 0xb5, 0xff, 0xb4,
	0xff, 0x93, 0xff, 0xf0, 0xff, 0xb4, 0xff, 0x94, 0xff, 0xd1, 0xfb, 0x51,
	0xff, 0x94, 0xff, 0xb2, 0xff, 0xcf, 0xa9, 0x56, 0xff, 0xd2, 0xff, 0xcf,
	0xbd, 0xb5, 0x80, 0x18, 0xca, 0x14, 0x80, 0x15, 0x88, 0x8e, 0x8c, 0xae,
	0x8c, 0xb7, 0x80, 0x52, 0x88, 0x8c, 0x84, 0x8b, 0x80, 0x16, 0x88, 0xaf,
	0xd2, 0xb5, 0xd2, 0x94, 0x84, 0x90, 0xbe, 0x11, 0xe7, 0x39, 0xe7, 0x39,
	0x88, 0x8e, 0x88, 0xb5, 0xb9, 0xd3, 0xde, 0xf6, 0x84, 0x70, 0x88, 0xb5,
	0x99, 0x11, 0xe7, 0x39, 0x8c, 0xaf, 0x88, 0x94, 0x94, 0xf3, 0xe7, 0x39,
	0xe3, 0x18, 0x90, 0xd0, 0x88, 0x93, 0xe7, 0x39, 0xea, 0xae, 0xf6, 0xef,
	0xee, 0xce, 0xd6, 0x70, 0xe3, 0x18, 0xd6, 0x72, 0xda, 0x50, 0xd6, 0x4f,
	0xe7, 0x39, 0xe7, 0x39, 0xe7, 0x39, 0xe7, 0x39, 0xe7, 0x39, 0xe7, 0x39,
	0xe7, 0x39, 0xe7, 0x39, 0xff, 0xff, 0xeb, 0x5b, 0xd2, 0xb5, 0xe3, 0x19,
	0xda, 0xd6, 0xff, 0xff, 0xeb, 0x5a, 0xd2, 0x95, 0xe3, 0x18, 0xda, 0xd6,
	0xeb, 0x5b, 0xe7, 0x39, 0xe7, 0x39, 0xe7, 0x39, 0xe7, 0x39, 0xe7, 0x39,
	0xf3, 0x9c, 0xf3, 0x9c, 0xf3, 0x9d, 0xfb, 0xde, 0xd2, 0x95, 0xda, 0xd7,
	0xeb, 0x7b, 0xca, 0x52, 0xe3, 0x18, 0xde, 0xf8, 0xd2, 0x94, 0xe7, 0x39,
	0xe7, 0x39, 0xe7, 0x39, 0xe7, 0x39, 0xe7, 0x39, 0xd6, 0xb5, 0xe7, 0x39,
	0xe7, 0x39, 0xe7, 0x39, 0xe7, 0x39, 0xe7, 0x39, 0xe7, 0x39, 0xe7, 0x39,
	0xe7, 0x39, 0xe7, 0x39, 0xe7, 0x39, 0xe7, 0x39, 0xe7, 0x39, 0xe7, 0x39,
	0xe7, 0x39, 0xe7, 0x39, 0xff, 0xff, 0xff, 0xff, 0xff, 0xff, 0xff, 0xff,
	0xff, 0xff, 0xff, 0xff, 0xff, 0xff, 0xff, 0xff, 0xff, 0xff, 0xff, 0xff,
	0xff, 0xff, 0xff, 0xff, 0xff, 0xff, 0xff, 0xff, 0xff, 0xff, 0xff, 0xff,
	0xff, 0xff, 0xff, 0xff, 0xff, 0xff, 0xff, 0xff, 0xff, 0xff, 0xff, 0xff,
	0xff, 0xff, 0xff, 0xff, 0xff, 0xff, 0xff, 0xff, 0xff, 0xff, 0xff, 0xff,
	0xff, 0xff, 0xff, 0xff, 0xff, 0xff, 0xff, 0xff, 0xff, 0xff, 0xff, 0xff,
	0xff, 0xff, 0xff, 0xff, 0xff, 0xff, 0xff, 0xff, 0xff, 0xff, 0xff, 0xff,
	0xff, 0xff, 0xff, 0xff, 0xff, 0xff, 0xff, 0xff, 0xff, 0xff, 0xff, 0xff,
	0xff, 0xff, 0xff, 0xff, 0xff, 0xff, 0xff, 0xff, 0xff, 0xff, 0xff, 0xff,
	0xff, 0xff, 0xff, 0xff, 0xff, 0xff, 0xff, 0xff, 0xff, 0xff, 0xff, 0xff,
	0xff, 0xff, 0xff, 0xff, 0xff, 0xff, 0xff, 0xff, 0xff, 0xff, 0xff, 0xff,
	0xff, 0xff, 0xff, 0xff, 0xff, 0xff, 0xff, 0xff, 0xff, 0xff, 0xff, 0xff,
	0xff, 0xff, 0xff, 0xff, 0xff, 0xff, 0xff, 0xff, 0xff, 0xff, 0xff, 0xff,
	0xff, 0xff, 0xff, 0xff, 0xff, 0xff, 0xff, 0xff, 0xff, 0xff, 0xff, 0xff,
	0xff, 0xff, 0xff, 0xff, 0xff, 0xff, 0xff, 0xff, 0xff, 0xff, 0xff, 0xff,
	0xff, 0xff, 0xff, 0xff, 0xff, 0xff, 0xff, 0xff, 0xff, 0xff, 0xff, 0xff,
	0xff, 0xff, 0xff, 0xff, 0xff, 0xff, 0xff, 0xff, 0xff, 0xff, 0xff, 0xff,
	0xff, 0xff, 0xff, 0xff, 0xda, 0xfb, 0x95, 0x3f, 0xff, 0xff, 0xeb, 0x5c,
	0x99, 0x1e, 0xb1, 0x0e, 0xf7, 0xbd, 0x8c, 0xff, 0xc5, 0x6c, 0xfe, 0x83,
	0xff, 0xff, 0xff, 0xff, 0xff, 0xff, 0xff, 0xff, 0xda, 0xd8, 0xff, 0xff,
	0xff, 0xff, 0xff, 0xff, 0xa1, 0x55, 0xff, 0xff, 0xff, 0xff, 0xff, 0xff,
	0x94, 0xb5, 0xf7, 0xbd, 0xff, 0xff, 0xff, 0xff, 0xff, 0xff, 0xff, 0xff,
	0xff, 0xff, 0xff, 0xff, 0xff, 0xff, 0xff, 0xff, 0xff, 0xff, 0xff, 0xff,
	0xff, 0xff, 0xff, 0xff, 0xff, 0xff, 0xff, 0xff, 0xff, 0xff, 0xff, 0xff,
	0xff, 0xff, 0xff, 0xff, 0xff, 0xff, 0xff, 0xff, 0xff, 0xff, 0xff, 0xff,
	0xff, 0xff, 0xff, 0xff, 0xff, 0xff, 0xff, 0xff, 0xff, 0xff, 0xff, 0xff,
	0xff, 0xff, 0xff, 0xff, 0xff, 0xff, 0xff, 0xff, 0xff, 0xff, 0xff, 0xff,
	0xff, 0xff, 0xff, 0xff, 0xff, 0xff, 0xff, 0xff, 0xff, 0xff, 0xff, 0xff,
	0xff, 0xff, 0xff, 0xff, 0xff, 0xff, 0xff, 0xff, 0xff, 0xff, 0xff, 0xff,
	0xff, 0xff, 0xff, 0xff, 0xff, 0xff, 0xff, 0xff, 0xff, 0xff, 0xff, 0xff,
	0xff, 0xff, 0xff, 0xff, 0xff, 0xff, 0xff, 0xff, 0xff, 0xff, 0xff, 0xff,
	0xff, 0xff, 0xff, 0xff, 0xff, 0xff, 0xff, 0xff, 0xff, 0xff, 0xff, 0xff,
	0xff, 0xff, 0xff, 0xff, 0xff, 0xff, 0xff, 0xff, 0xff, 0xff, 0xff, 0xff,
	0xff, 0xff, 0xff, 0xff, 0xff, 0xff, 0xff, 0xff, 0xff, 0xff, 0xff, 0xff,
	0xff, 0xff, 0xff, 0xff, 0xff, 0xff, 0xff, 0xff, 0xff, 0xff, 0xff, 0xff,
	0xff, 0xff, 0xff, 0xff, 0xff, 0xff, 0xff, 0xff, 0xff, 0xff, 0xff, 0xff,
	0xff, 0xff, 0xff, 0xff, 0xff, 0xff, 0xff, 0xff, 0xff, 0xff, 0xff, 0xff,
	0xff, 0xff, 0xff, 0xff, 0xff, 0xff, 0xff, 0xff, 0xff, 0xff, 0xff, 0xff,
	0xff, 0xff, 0xff, 0xff, 0xff, 0xff, 0xff, 0xff, 0xff, 0xff, 0xff, 0xff,
	0xff, 0xff, 0xff, 0xff, 0xff, 0xff, 0xff, 0xff, 0xff, 0xff, 0xff, 0xff,
	0xff, 0xff, 0xff, 0xff, 0xff, 0xff, 0xff, 0xff, 0xff, 0xff, 0xff, 0xff,
	0xff, 0xff, 0xff, 0xff, 0xff, 0xff, 0xff, 0xff, 0xff, 0xff, 0xff, 0xff,
	0xff, 0xff, 0xff, 0xff, 0xff, 0xff, 0xff, 0xff, 0xff, 0xff, 0xe7, 0x5b,
	0xff, 0xff, 0xff, 0xff, 0xff, 0xff, 0xff, 0xff, 0xff, 0xff, 0xff, 0xff,
	0xff, 0xff, 0xff, 0xff, 0xff, 0xff, 0xf3, 0x9d, 0xdf, 0x1c, 0xc6, 0x79,
	0xc2, 0x5a, 0xa5, 0xbc, 0xa1, 0x7d, 0x9d, 0x5d, 0xff, 0xff, 0xff, 0xff,
	0xff, 0xff, 0xff, 0xff, 0xff, 0xff, 0xf7, 0xbd, 0xeb, 0x7b, 0xba, 0x3d,
	0xb1, 0xf9, 0xa1, 0x98, 0xa1, 0x7d, 0x88, 0xdf, 0x99, 0x3a, 0x95, 0x36,
	0x8c, 0xff, 0xa0, 0xd3, 0x99, 0x5f, 0xa4, 0xf4, 0xf2, 0x44, 0xfe, 0xc8,
	0x90, 0xbc, 0xdd, 0xc2, 0xf2, 0x69, 0xfa, 0xa8, 0xc1, 0x27, 0xf2, 0x25,
	0xe2, 0x29, 0xf6, 0xaa, 0xe9, 0xe1, 0xe1, 0xe8, 0xe6, 0x29, 0xf2, 0xab,
	0xb1, 0x33, 0xce, 0x99, 0xff, 0xff, 0xff, 0xff, 0xc5, 0x90, 0xa9, 0x77,
	0xff, 0xff, 0xff, 0xff, 0xd9, 0xea, 0x88, 0x97, 0xb5, 0xf9, 0xd2, 0xb9,
	0xee, 0x48, 0x94, 0xb3, 0x88, 0xbd, 0x94, 0xfd, 0xff, 0xff, 0xff, 0xff,
	0xff, 0xff, 0xff, 0xff, 0xff, 0xff, 0xff, 0xff, 0xff, 0xff, 0xff, 0xff,
	0xeb, 0x7b, 0xff, 0xff, 0xff, 0xff, 0xff, 0xff, 0x95, 0x19, 0xb1, 0xd7,
	0xdf, 0x19, 0xff, 0xff, 0xff, 0xff, 0xff, 0xff, 0xff, 0xff, 0xff, 0xff,
	0xff, 0xff, 0xff, 0xff, 0xff, 0xff, 0xff, 0xff, 0xff, 0xff, 0xff, 0xff,
	0xff, 0xff, 0xff, 0xff, 0xff, 0xff, 0xff, 0xff, 0xff, 0xff, 0xff, 0xff,
	0xff, 0xff, 0xff, 0xff, 0xff, 0xff, 0xff, 0xff, 0xff, 0xff, 0xff, 0xff,
	0xff, 0xff, 0xff, 0xff, 0xff, 0xff, 0xff, 0xff, 0xff, 0xff, 0xff, 0xff,
	0xff, 0xff, 0xff, 0xff, 0xff, 0xff, 0xff, 0xff, 0xff, 0xff, 0xff, 0xff,
	0xff, 0xff, 0xff, 0xff, 0xff, 0xff, 0xff, 0xff, 0xff, 0xff, 0xff, 0xff,
	0xff, 0xff, 0xff, 0xff, 0xff, 0xff, 0xff, 0xff, 0xff, 0xff, 0xff, 0xff,
	0xff, 0xff, 0xff, 0xff, 0xff, 0xff, 0xff, 0xff, 0xff, 0xff, 0xff, 0xff,
	0xff, 0xff, 0xff, 0xff, 0xff, 0xff, 0xff, 0xff, 0xfb, 0xde, 0xef, 0x7d,
	0xef, 0x9d, 0xfb, 0xde, 0xc6, 0x59, 0xa1, 0x1a, 0x95, 0x1e, 0x95, 0x3f,
	0xff, 0xff, 0xff, 0xff, 0xff, 0xff, 0xff, 0xff, 0xff, 0xff, 0xff, 0xff,
	0xff, 0xff, 0xff, 0xff, 0xfb, 0xde, 0xfb, 0xde, 0xfb, 0xde, 0xfb, 0xde,
	0xad, 0xdc, 0xca, 0x79, 0xe3, 0x3a, 0xf7, 0xbe, 0xff, 0xff, 0xff, 0xff,
	0xff, 0xff, 0xff, 0xff, 0xff, 0xff, 0xff, 0xff, 0xff, 0xff, 0xff, 0xff,
	0xfb, 0xde, 0xfb, 0xde, 0xfb, 0xde, 0xe3, 0x39, 0xfb, 0xde, 0xfb, 0xde,
	0xf3, 0x9d, 0xa5, 0x9d, 0xff, 0xff, 0xfb, 0xde, 0xca, 0x9a, 0xa9, 0xdf,
	0xeb, 0x7b, 0xb1, 0xfb, 0xa5, 0xbf, 0x9d, 0x5f, 0xad, 0xdf, 0xa1, 0x5f,
	0x99, 0x1f, 0x99, 0x1f, 0x9d, 0x5f, 0x99, 0x1f, 0x99, 0x1f, 0x99, 0x1f,
	0xa5, 0x9f, 0x9d, 0x5d, 0x99, 0x3c, 0x95, 0x1a, 0x99, 0x3e, 0x99, 0x1e,
	0x99, 0x1d, 0x95, 0x1c, 0x95, 0x1f, 0x94, 0xfe, 0x94, 0xff, 0x94, 0xff,
	0x95, 0x1f, 0x94, 0xff, 0x94, 0xff, 0x94, 0xff, 0x95, 0x16, 0x99, 0x3b,
	0x88, 0xbe, 0xc1, 0x48, 0x99, 0x1c, 0x99, 0x1f, 0x88, 0x9b, 0xd9, 0xa4,
	0x94, 0xff, 0x90, 0xde, 0x84, 0x9c, 0xa4, 0xf0, 0x94, 0xfe, 0x90, 0xfc,
	0x90, 0xda, 0x80, 0x79, 0xee, 0x04, 0xe1, 0xe7, 0xea, 0x4a, 0xf2, 0xac,
	0xf6, 0x24, 0xe6, 0x29, 0xee, 0xac, 0xf2, 0xed, 0xe5, 0xe6, 0xfe, 0xe8,
	0xff, 0x6e, 0xff, 0x50, 0x88, 0x94, 0xb5, 0x70, 0xde, 0x6f, 0xff, 0x6f,
	0xf6, 0xa9, 0xa0, 0xf2, 0x80, 0x78, 0x88, 0x97, 0xfe, 0xea, 0xa9, 0x11,
	0x80, 0x77, 0x8c, 0xb3, 0xff, 0x2b, 0xa9, 0x10, 0x80, 0x99, 0x99, 0x39,
	0xff, 0x0c, 0x94, 0xd3, 0x84, 0xb6, 0x90, 0xf9, 0x8c, 0xb8, 0x94, 0xfa,
	0x99, 0x19, 0xc2, 0x36, 0x88, 0x93, 0x88, 0x92, 0x8c, 0x92, 0x94, 0xf8,
	0x95, 0x16, 0x94, 0xf3, 0x8c, 0xcf, 0x88, 0x6d, 0x94, 0xfb, 0x99, 0x39,
	0x9d, 0x37, 0x99, 0x14, 0xff, 0xff, 0xff, 0xff, 0xff, 0xff, 0xff, 0xff,
	0xb9, 0xf6, 0xff, 0xff, 0xff, 0xff, 0xff, 0xff, 0x88, 0xb2, 0xa9, 0x71,
	0xfb, 0xde, 0xfb, 0xde, 0x9d, 0x0f, 0xde, 0xf8, 0xfb, 0xde, 0xfb, 0xde,
	0xff, 0xff, 0xff, 0xff, 0xff, 0xff, 0xff, 0xff, 0xff, 0xff, 0xff, 0xff,
	0xff, 0xff, 0xff, 0xff, 0xfb, 0xde, 0xfb, 0xde, 0xfb, 0xde, 0xfb, 0xde,
	0xfb, 0xde, 0xfb, 0xde, 0xfb, 0xde, 0xfb, 0xde, 0xff, 0xff, 0xff, 0xff,
	0xff, 0xff, 0xff, 0xff, 0xff, 0xff, 0xff, 0xff, 0xff, 0xff, 0xff, 0xff,
	0xfb, 0xde, 0xfb, 0xde, 0xfb, 0xde, 0xfb, 0xde, 0xfb, 0xde, 0xfb, 0xde,
	0xfb, 0xde, 0xfb, 0xde, 0xda, 0xd9, 0xa4, 0xee, 0xe6, 0x29, 0xbd, 0x95,
	0xfb, 0xde, 0xb5, 0xb6, 0xdd, 0xeb, 0xff, 0x04, 0xfb, 0xde, 0xf7, 0xbd,
	0x90, 0x92, 0xf2, 0x48, 0xfb, 0xde, 0xfb, 0xde, 0xca, 0x57, 0xb5, 0x2f,
	0xa1, 0x1c, 0x8c, 0xdf, 0x8c, 0xff, 0x9d, 0x57, 0xea, 0x47, 0xc9, 0xac,
	0x94, 0xdc, 0x84, 0xbf, 0xfa, 0xcb, 0xf6, 0x85, 0xe6, 0x04, 0xa0, 0xf5,
	0xfe, 0xc7, 0xee, 0xad, 0xf6, 0x88, 0xee, 0x46, 0xad, 0xb4, 0xca, 0x76,
	0xb5, 0xfb, 0x9d, 0x5f, 0x94, 0xfe, 0xa1, 0x7f, 0xa1, 0x5f, 0x99, 0x1f,
	0x8c, 0xdf, 0x9d, 0x3f, 0x9d, 0x3f, 0x9d, 0x3f, 0x9d, 0x3a, 0x95, 0x3f,
	0x99, 0x3f, 0x9d, 0x3f, 0x99, 0x1f, 0x9d, 0x3f, 0x9d, 0x3f, 0x99, 0x1f,
	0x9d, 0x1f, 0x9d, 0x3f, 0x9d, 0x3f, 0x9d, 0x1f, 0x9d, 0x3f, 0x9d, 0x3f,
	0x9d, 0x3f, 0x9d, 0x1f, 0x9d, 0x3f, 0x9d, 0x3f, 0x9d, 0x3f, 0x9d, 0x3f,
	0x99, 0x1f, 0x94, 0xff, 0x94, 0xff, 0x94, 0xff, 0x99, 0x1f, 0x99, 0x1f,
	0x94, 0xff, 0x94, 0xff, 0x99, 0x1f, 0x99, 0x1f, 0x94, 0xff, 0x94, 0xff,
	0x9d, 0x1f, 0x99, 0x1f, 0x94, 0xff, 0x94, 0xff, 0x94, 0xfe, 0x94, 0xfd,
	0x90, 0xfb, 0x90, 0xf8, 0x94, 0xff, 0x94, 0xfe, 0x95, 0x1e, 0x94, 0xff,
	0x94, 0xff, 0x95, 0x1f, 0x90, 0xff, 0x88, 0x9d, 0x9d, 0x3f, 0x94, 0xff,
	0x80, 0x35, 0x84, 0x6c, 0x88, 0xd7, 0x80, 0x76, 0x80, 0x73, 0x9c, 0xf4,
	0x90, 0xfe, 0x90, 0xfb, 0x8c, 0xd8, 0x84, 0x96, 0x80, 0x57, 0x80, 0x37,
	0x88, 0x9b, 0x90, 0xd9, 0x94, 0xcb, 0x90, 0xcb, 0x80, 0x2e, 0x80, 0x57,
	0x9c, 0xf8, 0x84, 0x77, 0x8c, 0xcf, 0x90, 0xf6, 0x84, 0x9c, 0x8c, 0xb9,
	0x8c, 0xb1, 0x90, 0xd4, 0x90, 0xf5, 0x90, 0xd8, 0x8c, 0xd8, 0x8c, 0xd4,
	0x90, 0xda, 0x90, 0xf6, 0x90, 0xd7, 0x8c, 0xd6, 0x90, 0xda, 0x94, 0xfa,
	0x94, 0xf9, 0x99, 0x3a, 0x90, 0xd8, 0x94, 0xf9, 0x94, 0xf9, 0x94, 0xf8,
	0x90, 0xd8, 0x94, 0xf9, 0x94, 0xf9, 0x94, 0xf9, 0x90, 0xd7, 0x94, 0xf8,
	0x94, 0xf9, 0xb9, 0xf8, 0xa1, 0x78, 0xc6, 0x56, 0xeb, 0x5a, 0xfb, 0xde,
	0x94, 0xf8, 0x99, 0x3a, 0x9d, 0x37, 0xca, 0x76, 0x9d, 0x39, 0x99, 0x17,
	0x95, 0x19, 0x9d, 0x5a, 0xff, 0xff, 0xb9, 0xf5, 0x94, 0xf6, 0x94, 0xf7,
	0xfb, 0xde, 0xfb, 0xde, 0xfb, 0xde, 0xfb, 0xde, 0xfb, 0xde, 0xfb, 0xde,
	0xfb, 0xde, 0xfb, 0xde, 0xbe, 0x15, 0xfb, 0xde, 0xfb, 0xde, 0xfb, 0xde,
	0x9d, 0x5b, 0xbe, 0x14, 0xfb, 0xde, 0xfb, 0xde, 0xfb, 0xde, 0xfb, 0xde,
	0xfb, 0xde, 0xfb, 0xde, 0xfb, 0xde, 0xfb, 0xde, 0xfb, 0xde, 0xfb, 0xde,
	0xfb, 0xde, 0xfb, 0xde, 0xfb, 0xde, 0xfb, 0xde, 0xfb, 0xde, 0xfb, 0xde,
	0xfb, 0xde, 0xfb, 0xde, 0xfb, 0xde, 0xfb, 0xde, 0xfb, 0xde, 0x9d, 0x14,
	0xf7, 0xbd, 0xf7, 0xbd, 0xf7, 0xbd, 0xef, 0x7b, 0xf7, 0xbd, 0xf7, 0xbd,
	0xf7, 0xbd, 0xf7, 0xbd, 0xf7, 0xbd, 0xf7, 0xbd, 0xf7, 0xbd, 0xf7, 0xbd,
	0xd5, 0xca, 0xff, 0x0b, 0xf6, 0xce, 0xfe, 0xea, 0x90, 0x93, 0xf6, 0x89,
	0xff, 0x6f, 0xfb, 0x2e, 0xc6, 0x37, 0xad, 0x11, 0xff, 0x89, 0xef, 0x11,
	0xf7, 0xbd, 0xa9, 0x75, 0xa9, 0x35, 0xad, 0xb6, 0xb1, 0xb7, 0x91, 0x1f,
	0x99, 0x1f, 0x9d, 0x3f, 0xa5, 0x9a, 0x95, 0x1f, 0x99, 0x1f, 0x9d, 0x3f,
	0x95, 0x3d, 0x99, 0x1f, 0x99, 0x1f, 0x9d, 0x1f, 0x99, 0x5e, 0x99, 0x1f,
	0x99, 0x1f, 0x9d, 0x1f, 0x9d, 0x3f, 0x9d, 0x3f, 0x9d, 0x3f, 0x9d, 0x3f,
	0x9d, 0x3f, 0x9d, 0x3f, 0x9d, 0x3f, 0x9d, 0x3f, 0x9d, 0x3f, 0x9d, 0x3f,
	0xa1, 0x3f, 0xa1, 0x3f, 0x9d, 0x3f, 0x9d, 0x3f, 0xa1, 0x3f, 0xa1, 0x3f,
	0x9d, 0x1f, 0x99, 0x1f, 0x94, 0xff, 0x99, 0x3f, 0x9d, 0x3f, 0x9d, 0x1f,
	0x94, 0xff, 0xa1, 0x5f, 0x9d, 0x3f, 0x99, 0x1f, 0x9d, 0x3f, 0x9d, 0x5f,
	0x9d, 0x3f, 0x98, 0xff, 0xa1, 0x5f, 0x95, 0x1f, 0x9d, 0x5f, 0x80, 0x14,
	0x98, 0xeb, 0xde, 0xf4, 0x84, 0x9c, 0x90, 0xad, 0xf7, 0xba, 0xff, 0xff,
	0x80, 0x55, 0xd6, 0xd5, 0xff, 0xff, 0xff, 0xff, 0x90, 0xd3, 0xf7, 0xba,
	0xff, 0xfe, 0xff, 0xde, 0xeb, 0x58, 0xe7, 0x37, 0xc6, 0x33, 0x84, 0x73,
	0xfb, 0xde, 0xf7, 0xbd, 0xfb, 0xda, 0xc6, 0x57, 0xff, 0xfe, 0xfb, 0xde,
	0xf3, 0x9c, 0xf3, 0x99, 0xff, 0xff, 0xfb, 0xde, 0xf7, 0xbd, 0xfb, 0xda,
	0x84, 0x7b, 0x90, 0xd9, 0x90, 0xd5, 0x8c, 0xd6, 0x84, 0x7b, 0x8c, 0xbb,
	0x8c, 0xd5, 0x8c, 0xd6, 0xa5, 0x5a, 0x84, 0x7c, 0x8c, 0xb7, 0x8c, 0xd5,
	0xc6, 0x59, 0x84, 0x7d, 0x8c, 0xb8, 0x8c, 0xd4, 0x90, 0xd5, 0x94, 0xf7,
	0xa1, 0x35, 0xf7, 0xbe, 0x90, 0xf6, 0x94, 0xf5, 0xb9, 0xf5, 0xff, 0xff,
	0x94, 0xf6, 0x95, 0x15, 0xce, 0x97, 0xff, 0xff, 0x90, 0xf6, 0x94, 0xf6,
	0xc6, 0x56, 0xfb, 0xde, 0xff, 0xff, 0xf3, 0x9d, 0xad, 0x97, 0x94, 0xf7,
	0xff, 0xff, 0xf7, 0xbd, 0xb5, 0xd6, 0x94, 0xd7, 0xff, 0xff, 0xfb, 0xde,
	0xb9, 0xf5, 0x94, 0xd5, 0xff, 0xff, 0xfb, 0xff, 0xb9, 0xf3, 0x90, 0xd3,
	0x94, 0xf7, 0x9d, 0x5a, 0xc6, 0x54, 0xfb, 0xde, 0x94, 0xf6, 0x94, 0xf8,
	0x9d, 0x38, 0xe3, 0x18, 0x90, 0xd6, 0x90, 0xd6, 0x95, 0x18, 0xa1, 0x53,
	0x90, 0xd4, 0x90, 0xd6, 0x90, 0xd5, 0x99, 0x19, 0xfb, 0xde, 0xfb, 0xde,
	0xfb, 0xde, 0xfb, 0xde, 0xf7, 0xbd, 0xf7, 0xbd, 0xf7, 0xbd, 0xf7, 0xbd,
	0xf7, 0xbd, 0xf7, 0xbd, 0xf7, 0xbd, 0xf7, 0xbd, 0xca, 0x75, 0xf7, 0xbd,
	0xf7, 0xbd, 0xf7, 0xbd, 0xf7, 0xbd, 0xf7, 0xbd, 0xf7, 0xbd, 0xf7, 0xbd,
	0xf7, 0xbd, 0xf7, 0xbd, 0xf7, 0xbd, 0xf7, 0xbd, 0xf7, 0xbd, 0xf7, 0xbd,
	0xf7, 0xbd, 0xf7, 0xbd, 0xf3, 0x9c, 0xf3, 0x9c, 0xf3, 0x9c, 0xf3, 0x9c,
	0xf7, 0xbd, 0xf7, 0xbd, 0x94, 0xf9, 0x95, 0x3e, 0xf7, 0xbd, 0xf7, 0xbd,
	0xef, 0x7b, 0xa1, 0x7d, 0xf7, 0xbd, 0xf7, 0xbd, 0xf3, 0x9c, 0x90, 0xf4,
	0xf3, 0x9c, 0xf3, 0x9c, 0xf3, 0x9c, 0x88, 0x71, 0xa1, 0x7f, 0x94, 0xff,
	0x94, 0xff, 0x99, 0x1f, 0x9d, 0x3f, 0x99, 0x3f, 0x99, 0x1f, 0x94, 0xff,
	0x94, 0xf3, 0x9d, 0x3c, 0x99, 0x1f, 0x9d, 0x1f, 0xb9, 0xf0, 0xef, 0x7b,
	0xa5, 0x7d, 0x90, 0xff, 0x9d, 0x1f, 0x9d, 0x3f, 0xa1, 0x3f, 0xa1, 0x3f,
	0x99, 0x1f, 0x9d, 0x1f, 0x9d, 0x3f, 0x9d, 0x3f, 0x94, 0xff, 0x99, 0x1f,
	0x9d, 0x1f, 0x99, 0x1f, 0x99, 0x1f, 0x94, 0xff, 0x99, 0x1f, 0x94, 0xfe,
	0x9d, 0x1f, 0x98, 0xff, 0xa5, 0x7f, 0x88, 0xbd, 0x9d, 0x1f, 0x94, 0xfe,
	0xa1, 0x7f, 0x80, 0x5b, 0x99, 0x1f, 0x98, 0xfe, 0x9d, 0x3f, 0x80, 0x5a,
	0x98, 0xff, 0x99, 0x1e, 0x9d, 0x1f, 0x80, 0x38, 0xa1, 0x53, 0xff, 0xfd,
	0xfb, 0xde, 0xff, 0xfe, 0xb1, 0xb4, 0xff, 0xfe, 0xff, 0xff, 0xff, 0xff,
	0xb9, 0xf5, 0xff, 0xff, 0xeb, 0x7a, 0xb2, 0x6c, 0xbe, 0x15, 0xff, 0xff,
	0xd6, 0xf5, 0x80, 0xc0, 0xff, 0xff, 0xfb, 0xde, 0xfb, 0xde, 0xfb, 0xdb,
	0xff, 0xff, 0xfb, 0xde, 0xfb, 0xde, 0xf7, 0xbc, 0xf7, 0xdd, 0xff, 0xff,
	0xf7, 0xbd, 0xf7, 0xbc, 0xbe, 0xf0, 0xff, 0xff, 0xf7, 0xbd, 0xf7, 0xbc,
	0xd6, 0xb9, 0x8c, 0xbd, 0x8c, 0xba, 0x8c, 0xd5, 0xe3, 0x19, 0x94, 0xfc,
	0x88, 0x9a, 0x8c, 0xd5, 0xe7, 0x39, 0x99, 0x1c, 0x84, 0x7a, 0x8c, 0xb4,
	0xe3, 0x18, 0x98, 0xfc, 0x84, 0x79, 0x8c, 0xb4, 0x94, 0xf6, 0x94, 0xf7,
	0xb1, 0xb3, 0xef, 0x7c, 0x90, 0xf5, 0x94, 0xf7, 0x9d, 0x34, 0xd2, 0x96,
	0x90, 0xd5, 0x90, 0xd6, 0x95, 0x17, 0xa9, 0x6f, 0x90, 0xd5, 0x90, 0xd6,
	0x94, 0xf7, 0x99, 0x11, 0xff, 0xff, 0xff, 0xff, 0xc2, 0x34, 0x90, 0xd2,
	0xff, 0xff, 0xfb, 0xde, 0xda, 0xd7, 0x98, 0xf0, 0xf3, 0x9d, 0xf7, 0xbd,
	0xeb, 0x5b, 0xa5, 0x4f, 0xe3, 0x19, 0xef, 0x9c, 0xf3, 0x9c, 0xb5, 0xd1,
	0x8c, 0xb3, 0x90, 0xd4, 0x90, 0xd6, 0x94, 0xf8, 0x8c, 0xb2, 0x8c, 0xb3,
	0x90, 0xd5, 0x90, 0xd6, 0x88, 0x8f, 0x88, 0x90, 0x8c, 0xb3, 0x8c, 0xb4,
	0x84, 0x6c, 0x88, 0x8e, 0x8c, 0xb1, 0x8c, 0xb2, 0x9d, 0x33, 0xf7, 0xbd,
	0xf7, 0xbd, 0xf7, 0xbd, 0x94, 0xf6, 0xde, 0xf8, 0xf7, 0xbd, 0xf7, 0xbd,
	0x94, 0xf7, 0xb9, 0xf3, 0xf7, 0xbd, 0xf7, 0xbd, 0x90, 0xd6, 0xa1, 0x32,
	0xf3, 0x9c, 0xf3, 0x9c, 0xf3, 0x9c, 0xf3, 0x9c, 0xf3, 0x9c, 0xf3, 0x9c,
	0xf3, 0x9c, 0xf3, 0x9c, 0xf3, 0x9c, 0xf3, 0x9c, 0xf3, 0x9c, 0xf3, 0x9c,
	0xf3, 0x9c, 0xf3, 0x9c, 0xf3, 0x9c, 0xf3, 0x9c, 0xf3, 0x9c, 0xf3, 0x9c,
	0xf3, 0x9c, 0xf3, 0x9c, 0xf3, 0x9c, 0xa1, 0x35, 0xf3, 0x9c, 0xf3, 0x9c,
	0xf3, 0x9c, 0xca, 0x57, 0xf3, 0x9c, 0xf3, 0x9c, 0xf3, 0x9c, 0xef, 0x7b,
	0xf3, 0x9c, 0xf3, 0x9c, 0xf3, 0x9c, 0xf3, 0x9c, 0xba, 0x1b, 0xff, 0xff,
	0xf3, 0xbc, 0x9d, 0x3d, 0xa5, 0x7f, 0xff, 0xfd, 0xff, 0xff, 0xf3, 0x9b,
	0x8c, 0xbb, 0xeb, 0x5e, 0xff, 0xfe, 0xff, 0xfe, 0xa9, 0x76, 0xc6, 0x5f,
	0xff, 0xfc, 0xfb, 0xdf, 0x90, 0xdf, 0x98, 0xff, 0x94, 0xff, 0x94, 0xdd,
	0x90, 0xdc, 0x8c, 0xbf, 0x99, 0x1f, 0x90, 0xdc, 0xe3, 0x39, 0x8c, 0xbd,
	0x94, 0xff, 0x94, 0xdd, 0xff, 0xfd, 0xa5, 0xcc, 0x80, 0x15, 0x90, 0xdf,
	0x94, 0xfd, 0x9d, 0x1f, 0x99, 0x1f, 0x80, 0x35, 0x90, 0xda, 0x99, 0x1f,
	0x90, 0xdd, 0x80, 0x33, 0x8c, 0xb6, 0x90, 0xdc, 0x88, 0x9a, 0x80, 0x4f,
	0x88, 0x96, 0x88, 0x96, 0x80, 0x11, 0x98, 0xee, 0xc6, 0x55, 0xff, 0xff,
	0xdb, 0x56, 0x80, 0x00, 0xd2, 0x96, 0xff, 0xff, 0xe7, 0x99, 0x80, 0x20,
	0xe3, 0x17, 0xff, 0xff, 0xef, 0x9b, 0xce, 0x93, 0xfb, 0xbb, 0xf7, 0xbc,
	0xff, 0xbe, 0xd2, 0xf4, 0x8d, 0x43, 0xf7, 0xfd, 0xf7, 0x9d, 0xf3, 0x9a,
	0x80, 0x20, 0xdb, 0x96, 0xf3, 0x5c, 0xef, 0x77, 0x88, 0xe3, 0xc7, 0x31,
	0xef, 0x1a, 0xde, 0xf4, 0x82, 0x83, 0xc2, 0xf1, 0xea, 0x95, 0xde, 0x91,
	0xda, 0xd8, 0x90, 0xdc, 0x84, 0x96, 0x8c, 0xb3, 0xc6, 0x38, 0x80, 0x7a,
	0x88, 0x92, 0x8c, 0xb3, 0x95, 0x1a, 0x80, 0x37, 0x88, 0x90, 0x8c, 0xb4,
	0xb5, 0x93, 0x84, 0x70, 0x84, 0x70, 0x8c, 0xb4, 0x90, 0xd5, 0x90, 0xd6,
	0x90, 0xd6, 0x99, 0x17, 0x90, 0xd6, 0x90, 0xd6, 0x90, 0xd6, 0x90, 0xd6,
	0x90, 0xd6, 0x90, 0xd5, 0x90, 0xd5, 0xb5, 0xd5, 0x90, 0xd5, 0x90, 0xd5,
	0xb9, 0xf6, 0xff, 0xff, 0xc2, 0x12, 0xe3, 0x19, 0xeb, 0x7b, 0xd2, 0x95,
	0xb5, 0xd3, 0xde, 0xf8, 0xdf, 0x18, 0xe7, 0x3a, 0xf3, 0x9d, 0xff, 0xff,
	0xf3, 0x9c, 0xf7, 0xde, 0xff, 0xff, 0xfb, 0xde, 0xf3, 0x9d, 0xf7, 0xbd,
	0x88, 0x6a, 0x84, 0x6c, 0x88, 0x8e, 0x8c, 0xb1, 0xb5, 0xcf, 0x94, 0xcb,
	0x84, 0x6c, 0x88, 0x8f, 0xde, 0xf7, 0xeb, 0x5a, 0xce, 0x74, 0xa9, 0x6e,
	0xf7, 0xbd, 0xeb, 0x7b, 0xe3, 0x18, 0xef, 0x7b, 0x8c, 0xb3, 0x90, 0xd3,
	0xeb, 0x5a, 0xf3, 0x9c, 0x8c, 0x91, 0x90, 0xd4, 0xd2, 0xb6, 0xf3, 0x9c,
	0x88, 0x8d, 0x8c, 0xd5, 0xbe, 0x14, 0xf3, 0x9c, 0xe3, 0x19, 0xb1, 0xb1,
	0xbd, 0xf4, 0xf3, 0x9c, 0xf3, 0x9c, 0xf3, 0x9c, 0xf3, 0x9c, 0xf3, 0x9c,
	0xef, 0x7b, 0xef, 0x7b, 0xef, 0x7b, 0xef, 0x7b, 0xef, 0x7b, 0xef, 0x7b,
	0xef, 0x7b, 0xef, 0x7b, 0xef, 0x7b, 0xef, 0x7b, 0xef, 0x7b, 0xef, 0x7b,
	0xf3, 0x9c, 0xf3, 0x9c, 0xf3, 0x9c, 0xf3, 0x9c, 0xef, 0x7b, 0xef, 0x7b,
	0xef, 0x7b, 0xef, 0x7b, 0xef, 0x7b, 0xef, 0x7b, 0xef, 0x7b, 0xef, 0x7b,
	0xef, 0x7b, 0xef, 0x7b, 0xef, 0x7b, 0xef, 0x7b, 0xe3, 0x19, 0x99, 0x1e,
	0xf3, 0x9c, 0xff, 0xfd, 0xef, 0x7b, 0x90, 0xf7, 0xc2, 0x3f, 0xff, 0xfb,
	0xef, 0x7b, 0xbe, 0x34, 0x95, 0x1f, 0xe7, 0x19, 0xef, 0x7b, 0xeb, 0x5a,
	0x8c, 0xf7, 0x90, 0xfa, 0xff, 0xff, 0xd7, 0x51, 0x88, 0x41, 0x88, 0x8f,
	0xfb, 0xdf, 0xff, 0xff, 0xbe, 0xce, 0x80, 0x40, 0xff, 0xfc, 0xff, 0xdf,
	0xdf, 0xd7, 0x8d, 0xa4, 0xd6, 0x52, 0xe2, 0xd5, 0xea, 0xf7, 0xf3, 0x95,
	0x88, 0x91, 0x80, 0x2b, 0x8c, 0x69, 0xda, 0xd5, 0x88, 0x41, 0x90, 0x63,
	0xde, 0xb1, 0xf7, 0x35, 0x80, 0x00, 0x80, 0x00, 0xc5, 0xca, 0xff, 0xd3,
	0xd6, 0x8e, 0xc5, 0xe9, 0xea, 0xef, 0xff, 0xb3, 0xf3, 0x9b, 0xeb, 0x5a,
	0xf3, 0x5b, 0xda, 0xd6, 0xe6, 0xd3, 0xe6, 0xd4, 0xe6, 0xd3, 0xef, 0x13,
	0xff, 0x72, 0xfb, 0x51, 0xfb, 0x50, 0xff, 0x71, 0xfb, 0x72, 0xf7, 0x30,
	0xf2, 0xee, 0xee, 0xcd, 0xb2, 0xaa, 0xde, 0xcf, 0xfb, 0x73, 0xff, 0x71,
	0xff, 0x54, 0xff, 0xb3, 0xff, 0x92, 0xea, 0x8b, 0xff, 0x71, 0xfb, 0x30,
	0xea, 0x8c, 0xde, 0x29, 0xf2, 0xee, 0xee, 0xac, 0xe2, 0x29, 0xe6, 0x29,
	0xff, 0x2b, 0xc1, 0x8b, 0x80, 0x32, 0x8c, 0xb5, 0xf2, 0x68, 0xcd, 0xca,
	0x80, 0x53, 0x8c, 0xb5, 0xf6, 0x68, 0xb9, 0x4b, 0x80, 0x33, 0x8c, 0xb4,
	0xe6, 0x07, 0x90, 0xae, 0xad, 0xb5, 0xdf, 0x1b, 0x90, 0xd5, 0xa5, 0x54,
	0xfb, 0xde, 0xff, 0xff, 0x94, 0xd5, 0xd2, 0x96, 0xff, 0xff, 0xef, 0x7c,
	0x98, 0xf4, 0xe3, 0x39, 0xf7, 0xbd, 0xe7, 0x5a, 0xca, 0x76, 0xce, 0x75,
	0xd6, 0xb6, 0xf3, 0x9d, 0xef, 0x7c, 0xeb, 0x5b, 0xeb, 0x5a, 0xeb, 0x5b,
	0xeb, 0x7b, 0xff, 0xff, 0xff, 0xff, 0xff, 0xff, 0xfb, 0xde, 0xff, 0xff,
	0xf7, 0xbe, 0xeb, 0x5b, 0xff, 0xff, 0xef, 0x7c, 0xe7, 0x39, 0xe7, 0x5a,
	0xf7, 0xbd, 0xfb, 0xde, 0xeb, 0x5a, 0xda, 0xd6, 0xfb, 0xde, 0xff, 0xff,
	0xff, 0xff, 0xf7, 0xbd, 0xeb, 0x5a, 0xe7, 0x3a, 0xef, 0x7c, 0xff, 0xff,
	0xeb, 0x7b, 0xef, 0x7b, 0xf3, 0x9c, 0xf7, 0xbd, 0xef, 0x7b, 0xf3, 0x9c,
	0xf3, 0x9c, 0xf3, 0x9c, 0xd6, 0xb5, 0xeb, 0x5a, 0xef, 0x7b, 0xef, 0x7b,
	0xff, 0xff, 0xd6, 0xb5, 0xeb, 0x5a, 0xef, 0x7b, 0xff, 0xff, 0xe3, 0x39,
	0xeb, 0x5a, 0xef, 0x7b, 0xef, 0x7b, 0xef, 0x7b, 0xef, 0x7b, 0xef, 0x7b,
	0xef, 0x7b, 0xef, 0x7b, 0xef, 0x7b, 0xef, 0x7b, 0xef, 0x7b, 0xef, 0x7b,
	0xef, 0x7b, 0xef, 0x7b, 0xeb, 0x5a, 0xeb, 0x5a, 0xeb, 0x5a, 0xeb, 0x5a,
	0xef, 0x7b, 0xef, 0x7b, 0xef, 0x7b, 0xef, 0x7b, 0xef, 0x7b, 0xef, 0x7b,
	0xef, 0x7b, 0xef, 0x7b, 0xef, 0x7b, 0xef, 0x7b, 0xef, 0x7b, 0xef, 0x7b,
	0xeb, 0x5a, 0xeb, 0x5a, 0xeb, 0x5a, 0xeb, 0x5a, 0xef, 0x7b, 0xef, 0x7b,
	0xad, 0x93, 0xc2, 0x17, 0xef, 0x7b, 0xef, 0x7b, 0xce, 0x96, 0xca, 0x37,
	0xef, 0x7b, 0xef, 0x7b, 0xeb, 0x5a, 0x88, 0xd6, 0xeb, 0x5a, 0xeb, 0x5a,
	0xeb, 0x5a, 0xb9, 0xf3, 0xe2, 0xaf, 0xea, 0xf1, 0xfb, 0x94, 0xff, 0xf6,
	0xff, 0xf0, 0xff, 0xd3, 0xff, 0x93, 0xf7, 0x30, 0xb9, 0x93, 0xfe, 0xeb,
	0xfa, 0xec, 0xee, 0xcd, 0x80, 0x9a, 0xa5, 0x10, 0xda, 0x0b, 0xf2, 0x6a,
	0xff, 0xf5, 0xff, 0xd4, 0xff, 0x51, 0xf3, 0x0f, 0xf7, 0x0f, 0xf3, 0x0f,
	0xf2, 0xef, 0xf2, 0xce, 0xee, 0xad, 0xee, 0xad, 0xee, 0xac, 0xea, 0x8b,
	0xf6, 0x8a, 0xf6, 0x8a, 0xee, 0x49, 0xe6, 0x09, 0xf2, 0xee, 0xee, 0xcd,
	0xee, 0xcd, 0xee, 0xac, 0xee, 0xad, 0xee, 0xac, 0xea, 0x6b, 0xe6, 0x4a,
	0xea, 0x6b, 0xe6, 0x4a, 0xe2, 0x09, 0xe6, 0x29, 0xe6, 0x08, 0xe1, 0xc7,
	0xdd, 0xa6, 0xd5, 0x84, 0xea, 0x6b, 0xe2, 0x29, 0xe2, 0x08, 0xf2, 0x05,
	0xe2, 0x09, 0xe2, 0x08, 0xea, 0x06, 0xbd, 0x27, 0xea, 0x28, 0xe5, 0xc6,
	0xac, 0xe5, 0x80, 0x09, 0xc1, 0x02, 0x98, 0x62, 0x80, 0x05, 0x80, 0x26,
	0xb1, 0x0a, 0xa5, 0x52, 0xef, 0x7c, 0xff, 0xff, 0x80, 0x2d, 0xca, 0x98,
	0xff, 0xff, 0xff, 0xff, 0x80, 0x28, 0xa1, 0x2c, 0xeb, 0x7b, 0xff, 0xff,
	0x80, 0x47, 0x84, 0x48, 0x90, 0xa9, 0xd6, 0xb6, 0xff, 0xff, 0xd6, 0xb6,
	0xb9, 0xd0, 0xf3, 0xbd, 0xff, 0xff, 0xc6, 0x32, 0xb1, 0x8d, 0xeb, 0x7b,
	0xe7, 0x5a, 0xb1, 0xae, 0xb5, 0xcf, 0xde, 0xf8, 0xd6, 0xd7, 0xc6, 0x53,
	0xd6, 0xd7, 0xd6, 0xb6, 0xf7, 0xbd, 0xeb, 0x7b, 0xff, 0xff, 0xff, 0xff,
	0xf3, 0xbd, 0xfb, 0xff, 0xff, 0xff, 0xff, 0xff, 0xf3, 0x9c, 0xff, 0xff,
	0xf7, 0xbd, 0xe3, 0x18, 0xe7, 0x39, 0xf7, 0xde, 0xe3, 0x19, 0xd2, 0x95,
	0xff, 0xff, 0xff, 0xff, 0xff, 0xff, 0xff, 0xff, 0xfb, 0xfe, 0xff, 0xff,
	0xff, 0xff, 0xfb, 0xde, 0xe3, 0x19, 0xef, 0x7b, 0xef, 0x7c, 0xf3, 0x9c,
	0xde, 0xf8, 0xca, 0x74, 0xd6, 0xb6, 0xef, 0x9c, 0xfb, 0xde, 0xe3, 0x19,
	0xe7, 0x39, 0xef, 0x7b, 0xfb, 0xff, 0xe7, 0x5a, 0xde, 0xf7, 0xef, 0x7b,
	0xf7, 0xbd, 0xeb, 0x5b, 0xd6, 0xb6, 0xef, 0x7b, 0xf3, 0x9c, 0xe3, 0x19,
	0xd6, 0xb6, 0xeb, 0x5a, 0xeb, 0x5a, 0xeb, 0x5a, 0xeb, 0x5a, 0xeb, 0x5a,
	0xeb, 0x5a, 0xeb, 0x5a, 0xeb, 0x5a, 0xeb, 0x5a, 0xeb, 0x5a, 0xeb, 0x5a,
	0xeb, 0x5a, 0xeb, 0x5a, 0xeb, 0x5a, 0xeb, 0x5a, 0xeb, 0x5a, 0xeb, 0x5a,
	0xeb, 0x5a, 0xeb, 0x5a, 0xeb, 0x5a, 0xeb, 0x5a, 0xeb, 0x5a, 0xeb, 0x5a,
	0xeb, 0x5a, 0xeb, 0x5a, 0xeb, 0x5a, 0xeb, 0x5a, 0xeb, 0x5a, 0xeb, 0x5a,
	0xeb, 0x5a, 0xeb, 0x5a, 0xeb, 0x5a, 0xeb, 0x5a, 0xeb, 0x5a, 0xeb, 0x5a,
	0xeb, 0x5a, 0xe3, 0x39, 0xeb, 0x5a, 0xeb, 0x5a, 0xeb, 0x5a, 0xeb, 0x5a,
	0xeb, 0x5a, 0xeb, 0x5a, 0xeb, 0x5a, 0xeb, 0x5a, 0xeb, 0x5a, 0xeb, 0x5a,
	0xe7, 0x38, 0xe6, 0xf4, 0x90, 0xd4, 0x80, 0x54, 0x80, 0x4f, 0xa0, 0xca,
	0xb9, 0xf2, 0x80, 0x72, 0x80, 0x0a, 0x80, 0x05, 0xe7, 0x39, 0xa0, 0xed,
	0xb5, 0x6c, 0xce, 0x0a, 0xfb, 0x73, 0xff, 0xd4, 0xff, 0xf3, 0xf3, 0x13,
	0xb9, 0x26, 0xbd, 0x25, 0xcd, 0x67, 0xe1, 0xa5, 0x80, 0x05, 0x8c, 0x6b,
	0xde, 0x2a, 0xee, 0x6a, 0xa9, 0x30, 0xea, 0xf2, 0xff, 0xb0, 0xfb, 0x51,
	0xce, 0x56, 0xff, 0xf4, 0xff, 0xd6, 0xff, 0xb5, 0xd9, 0x85, 0xd5, 0x64,
	0xb4, 0xe4, 0x84, 0x06, 0xe6, 0x4a, 0xe6, 0x49, 0xe2, 0x4a, 0xd1, 0xea,
	0xfb, 0x50, 0xf7, 0x30, 0xf7, 0x0f, 0xff, 0x6d, 0xff, 0xb5, 0xff, 0x94,
	0xff, 0x72, 0xff, 0x71, 0x80, 0x06, 0x80, 0x05, 0x80, 0x27, 0x80, 0x49,
	0x8c, 0x8f, 0x80, 0x50, 0x84, 0x8e, 0x80, 0x0c, 0xda, 0x2e, 0x80, 0x33,
	0x80, 0x53, 0xc2, 0x12, 0xff, 0x2e, 0x98, 0xf4, 0x80, 0x12, 0xe2, 0x8e,
	0x80, 0x4c, 0x80, 0x4c, 0x80, 0x6d, 0x8c, 0xac, 0x80, 0x0a, 0x80, 0x4d,
	0x84, 0x6e, 0x84, 0x71, 0xc1, 0xee, 0x80, 0x0d, 0x80, 0x2f, 0x84, 0x91,
	0xff, 0xf5, 0xd2, 0x51, 0x80, 0x0e, 0x80, 0x11, 0xa9, 0x6d, 0xda, 0xd8,
	0xf3, 0x9d, 0xe3, 0x39, 0xb9, 0xf1, 0xb5, 0xcf, 0xc6, 0x54, 0xe7, 0x3a,
	0xc2, 0x33, 0xeb, 0x5a, 0xb1, 0xaf, 0xbe, 0x12, 0xb5, 0xd5, 0xeb, 0x5a,
	0xda, 0xd6, 0xca, 0x74, 0xdf, 0x18, 0xeb, 0x5a, 0xe7, 0x39, 0xef, 0x7c,
	0xeb, 0x7b, 0xdf, 0x18, 0xde, 0xf8, 0xe3, 0x19, 0xf7, 0xde, 0xe3, 0x39,
	0xda, 0xd7, 0xe3, 0x18, 0xda, 0xd7, 0xe7, 0x39, 0xe7, 0x3a, 0xf7, 0xbd,
	0xe3, 0x19, 0xc6, 0x33, 0xe3, 0x19, 0xf7, 0xbd, 0xd6, 0xd6, 0xe7, 0x3a,
	0xff, 0xff, 0xf3, 0x9c, 0xef, 0x7b, 0xfb, 0xff, 0xfb, 0xde, 0xef, 0x7b,
	0xff, 0xff, 0xfb, 0xde, 0xeb, 0x5b, 0xe7, 0x3a, 0xef, 0x9c, 0xd2, 0x95,
	0xe3, 0x18, 0xeb, 0x5a, 0xef, 0x7b, 0xd2, 0x94, 0xe7, 0x39, 0xeb, 0x5a,
	0xe3, 0x19, 0xce, 0x73, 0xeb, 0x5a, 0xeb, 0x5a, 0xd2, 0x94, 0xe7, 0x39,
	0xeb, 0x5a, 0xeb, 0x5a, 0xeb, 0x5a, 0xeb, 0x5a, 0xeb, 0x5a, 0xeb, 0x5a,
	0xe7, 0x39, 0xe7, 0x39, 0xe7, 0x39, 0xe7, 0x39, 0xe7, 0x39, 0xe7, 0x39,
	0xe7, 0x39, 0xe7, 0x39, 0xe7, 0x39, 0xe7, 0x39, 0xe7, 0x39, 0xe7, 0x39,
	0xeb, 0x5a, 0xeb, 0x5a, 0xeb, 0x5a, 0xeb, 0x5a, 0xe7, 0x39, 0xe7, 0x39,
	0xe7, 0x39, 0xe7, 0x39, 0xe7, 0x39, 0xe7, 0x39, 0xe7, 0x39, 0xe7, 0x39,
	0xe7, 0x39, 0xe7, 0x39, 0xe7, 0x39, 0xe7, 0x39, 0xeb, 0x5a, 0xeb, 0x5a,
	0xeb, 0x33, 0xff, 0xfb, 0xe7, 0x39, 0xe3, 0x17, 0xff, 0xf9, 0xf7, 0x30,
	0xe7, 0x39, 0xe3, 0x16, 0xff, 0xf8, 0xea, 0x8c, 0xe7, 0x39, 0xe3, 0x18,
	0xff, 0xd6, 0xff, 0x72, 0xff, 0xf7, 0xff, 0x71, 0xde, 0x4a, 0xa5, 0x10,
	0xd6, 0x0c, 0xde, 0x92, 0xd6, 0xb5, 0x90, 0xf4, 0xd2, 0x50, 0xe7, 0x39,
	0xe7, 0x39, 0xc2, 0x35, 0xcd, 0x86, 0xe7, 0x39, 0xe7, 0x39, 0xc6, 0x57,
	0xf3, 0x78, 0xff, 0xf7, 0xff, 0xf8, 0xff, 0xf8, 0xff, 0xfa, 0xff, 0xf7,
	0xff, 0xf7, 0xff, 0xf8, 0xff, 0xf9, 0xff, 0xf7, 0xff, 0xf7, 0xff, 0xf8,
	0xff, 0xf7, 0xff, 0xf7, 0xff, 0xf7, 0xff, 0xf7, 0xff, 0xd8, 0xff, 0xd6,
	0xff, 0xb5, 0xff, 0x93, 0xff, 0xf8, 0xff, 0xd7, 0xff, 0xb5, 0xff, 0x93,
	0xff, 0xd7, 0xff, 0xb6, 0xff, 0xb4, 0xff, 0x93, 0xff, 0xd6, 0xff, 0xb5,
	0xff, 0xb4, 0xff, 0xb1, 0xff, 0x8f, 0xb1, 0x94, 0x80, 0x12, 0x90, 0x45,
	0xff, 0xb0, 0xb5, 0x94, 0x80, 0x10, 0x80, 0x08, 0xff, 0x90, 0xa5, 0x35,
	0x80, 0x0f, 0x84, 0x6a, 0xf3, 0x11, 0x88, 0x95, 0x80, 0x4e, 0x88, 0x8c,
	0xfb, 0x0d, 0xff, 0xf8, 0xe6, 0xf1, 0x84, 0x30, 0x98, 0xaa, 0xff, 0x71,
	0xff, 0xf9, 0xeb, 0x34, 0x80, 0x2f, 0x9c, 0xcc, 0xfb, 0x72, 0xff, 0xf9,
	0x8c, 0xaf, 0x80, 0x32, 0xb9, 0xaf, 0xf7, 0x30, 0xbe, 0x16, 0xe3, 0x18,
	0xde, 0xf7, 0xe7, 0x5b, 0xce, 0x54, 0xda, 0xd6, 0xfb, 0xff, 0xf7, 0xbd,
	0xfb, 0x50, 0xd2, 0x71, 0xef, 0x7b, 0xf3, 0x9c, 0xff, 0xd5, 0xf7, 0x31,
	0xeb, 0x37, 0xf7, 0xbe, 0xb1, 0x8e, 0xce, 0x94, 0xef, 0x9c, 0xf7, 0xbd,
	0xd2, 0x95, 0xb5, 0xcf, 0xda, 0xf7, 0xeb, 0x5a, 0xff, 0xff, 0xeb, 0x7b,
	0xda, 0xd7, 0xda, 0xd7, 0xeb, 0x5a, 0xf3, 0x9c, 0xff, 0xff, 0xf3, 0x9d,
	0xf7, 0xbd, 0xef, 0x7b, 0xe3, 0x19, 0xda, 0xd7, 0xe7, 0x39, 0xda, 0xd7,
	0xce, 0x94, 0xde, 0xf8, 0xd6, 0xb5, 0xce, 0x74, 0xd2, 0xb5, 0xfb, 0xff,
	0xeb, 0x5a, 0xe7, 0x3a, 0xfb, 0xde, 0xf3, 0x9d, 0xce, 0x73, 0xeb, 0x5a,
	0xeb, 0x5a, 0xeb, 0x5a, 0xd2, 0xb5, 0xe7, 0x39, 0xe7, 0x39, 0xe7, 0x39,
	0xd2, 0x94, 0xe7, 0x39, 0xe7, 0x39, 0xe7, 0x39, 0xd6, 0xb5, 0xe7, 0x39,
	0xe7, 0x39, 0xe7, 0x39, 0xe7, 0x39, 0xe7, 0x39, 0xe7, 0x39, 0xe7, 0x39,
	0xe7, 0x39, 0xe7, 0x39, 0xe7, 0x39, 0xe7, 0x39, 0xe7, 0x39, 0xe7, 0x39,
	0xe7, 0x39, 0xe7, 0x39, 0xe7, 0x39, 0xe7, 0x39, 0xe7, 0x39, 0xe7, 0x39,
	0xe7, 0x39, 0xe7, 0x39, 0xe7, 0x39, 0xe7, 0x39, 0xe7, 0x39, 0xe7, 0x39,
	0xe7, 0x39, 0xe7, 0x39, 0xe7, 0x39, 0xe7, 0x39, 0xe7, 0x39, 0xe7, 0x39,
	0xe7, 0x39, 0xe7, 0x39, 0xe7, 0x39, 0xe7, 0x39, 0xe7, 0x39, 0xe7, 0x39,
	0xf7, 0x75, 0xff, 0xf7, 0xe7, 0x39, 0xe7, 0x39, 0xf3, 0x77, 0xff, 0xf7,
	0xe7, 0x39, 0xe7, 0x39, 0xe7, 0x39, 0xff, 0xd5, 0xe7, 0x39, 0xde, 0xf7,
	0xc6, 0x33, 0xda, 0x6c, 0xea, 0x6b, 0xd6, 0x71, 0xe7, 0x39, 0xc2, 0x56,
	0xfb, 0x30, 0xd1, 0xa7, 0xe7, 0x39, 0xce, 0x95, 0xff, 0x92, 0xdd, 0xc5,
	0xc1, 0xcc, 0xc2, 0x34, 0xf7, 0x0e, 0xde, 0x08, 0xda, 0x2c, 0xb1, 0xd8,
	0xff, 0xf7, 0xff, 0xd7, 0xff, 0xd7, 0xff, 0xd6, 0xff, 0xf6, 0xff, 0xd5,
	0xff, 0xb6, 0xff, 0xb5, 0xff, 0x74, 0xff, 0xd4, 0xff, 0xb4, 0xff, 0x94,
	0xd2, 0x74, 0xff, 0xf0, 0xff, 0xb3, 0xff, 0x93, 0xff, 0xb5, 0xff, 0xb4,
	0xff, 0x93, 0xff, 0xf0, 0xff, 0xb4, 0xff, 0x94, 0xff, 0xd1, 0xfb, 0x51,
	0xff, 0x94, 0xff, 0xb2, 0xff, 0xcf, 0xa9, 0x56, 0xff, 0xd2, 0xff, 0xcf,
	0xbd, 0xb5, 0x80, 0x18, 0xca, 0x14, 0x80, 0x15, 0x88, 0x8e, 0x8c, 0xae,
	0x8c, 0xb7, 0x80, 0x52, 0x88, 0x8c, 0x84, 0x8b, 0x80, 0x16, 0x88, 0xaf,
	0xd2, 0xb5, 0xd2, 0x94, 0x84, 0x90, 0xbe, 0x11, 0xe7, 0x39, 0xe7, 0x39,
	0x88, 0x8e, 0x88, 0xb5, 0xb9, 0xd3, 0xde, 0xf6, 0x84, 0x70, 0x88, 0xb5,
	0x99, 0x11, 0xe7, 0x39, 0x8c, 0xaf, 0x88, 0x94, 0x94, 0xf3, 0xe7, 0x39,
	0xe3, 0x18, 0x90, 0xd0, 0x88, 0x93, 0xe7, 0x39, 0xea, 0xae, 0xf6, 0xef,
	0xd6, 0x4e, 0xff, 0xff, 0xe3, 0x18, 0xd6, 0x72, 0xd2, 0x2f, 0xce, 0x51,
	0xe7, 0x39, 0xe7, 0x39, 0xe7, 0x39, 0xde, 0xf7, 0xe7, 0x39, 0xe7, 0x39,
	0xe7, 0x39, 0xe7, 0x39, 0xf3, 0x9c, 0xda, 0xd7, 0xda, 0xd7, 0xe7, 0x3a,
	0xff, 0xff, 0xfb, 0xde, 0xde, 0xf7, 0xd2, 0x94, 0xd2, 0x95, 0xe7, 0x3a,
	0xeb, 0x5b, 0xe7, 0x39, 0xe7, 0x39, 0xe3, 0x18, 0xe7, 0x39, 0xe7, 0x39,
	0xeb, 0x5b, 0xf3, 0x9c, 0xef, 0x7b, 0xda, 0xd6, 0xd2, 0xb5, 0xde, 0xf8,
	0xce, 0x94, 0xe7, 0x39, 0xe3, 0x19, 0xde, 0xf7, 0xe3, 0x18, 0xe7, 0x39,
	0xe7, 0x39, 0xe7, 0x39, 0xe7, 0x39, 0xe7, 0x39, 0xe7, 0x39, 0xe7, 0x39,
	0xe7, 0x39, 0xe7, 0x39, 0xe7, 0x39, 0xe7, 0x39, 0xe7, 0x39, 0xe7, 0x39,
	0xe7, 0x39, 0xe7, 0x39, 0xe7, 0x39, 0xe7, 0x39, 0xe7, 0x39, 0xe7, 0x39,
	0xe7, 0x39, 0xe7, 0x39, 
};
